master_record_number,agency,agency_tracking_number,county,city,collision_date,vehicles_involved,number_injured,number_dead,latitude,longitude,roadway_name,roadway_suffix,roadway_number,roadway_local_id,distance_from_reference,miles-feet_indicator,direction_from_reference,intersection_road_name,intersection_road_name_suffix,intersection_road_number,intersection_local_id,mile_marker,intersection_indicator,intersect_type,interchange_related_indicator,relation_to_junction,work_zone_type,construction_maintenance_zone,construction_maintenance_zone_location,fatal_case_number,officer_first_name,officer_last_name,weather_condition(s),manner_of_crash,pedestrian,bicycle,scooter,parking,hitrun,mou
100803174,METROPOLITAN NASHVILLE POLICE DEPT,2015-0319964,Davidson,Nashville,4/5/2015 11:00:00 PM,3,0,0,36.134290,-86.774740,WEDGEWOOD AVE,,,,0.00,,,-- UNKNOWN RAMP/ROAD --,,,,0.00,Y,T-Intersection, ,Intersection-Related,None,,,         ,William,Hamblen,Clear,"Sideswipe, Same Direction",no,no,no,no,no,False
100803175,METROPOLITAN NASHVILLE POLICE DEPT,20150320400,Davidson,Nashville,4/6/2015 2:52:00 AM,1,0,0,36.144180,-86.738700,I 40,,,,0.00,,,,,,,212.40,N,Not at Intersection,N,Non-Junction,None,,,         ,Benjamin,Cole,Clear,Not Collision with Motor Vehicle in Transport,no,no,no,no,no,False
100803189,METROPOLITAN NASHVILLE POLICE DEPT,20150320471,Davidson,Nashville,4/6/2015 3:55:00 AM,2,1,0,36.169610,-86.583610,I 40,,,,0.00,,,,,,,221.80,N,Not at Intersection,N,Non-Junction,None,,,         ,Raymond,Heymann,Clear,Front to Rear,no,no,no,no,no,False
100803200,METROPOLITAN NASHVILLE POLICE DEPT,20150318955,Davidson,Nashville,4/6/2015 1:00:00 PM,2,0,0,36.229780,-86.839510,STATE HWY 155,,,,0.00,,,-- UNKNOWN RAMP/ROAD --,,,,0.00,Y,OTHER, ,Entrance/Exit Ramp Related,None,,,         ,Ryan,Caulfield,Cloudy,Front to Rear,no,no,no,no,no,False
100803209,METROPOLITAN NASHVILLE POLICE DEPT,2015-0312745,Davidson,Nashville,4/3/2015 10:26:00 AM,2,0,0,36.154630,-86.786170,12TH AVE S,,,,0.00,,,DEMONBREUN ST,,,,0.00,Y,Four-Way, ,Intersection-Related,Work Zone,,,         ,Alex,Moore,Clear,Front to Rear,no,no,no,no,no,False
100803210,METROPOLITAN NASHVILLE POLICE DEPT,20150319034,Davidson,Madison,4/5/2015 1:45:00 PM,2,1,0,36.263030,-86.681540,STATE HWY 45,,,,191.00,Feet,West,RIO VISTA DR,,,,0.00,N,Not at Intersection,N,Non-Junction,None,,,         ,William,Coy,Clear,Front to Rear,no,no,no,no,no,False
100803213,METROPOLITAN NASHVILLE POLICE DEPT,2015-0313145,Davidson,Madison,4/3/2015 12:45:00 PM,2,0,0,36.264480,-86.731900,STATE HWY 45,,,,100.00,Feet,East,N GRAYCROFT AVE,,,,0.00,N,Not at Intersection, ,"Driveway, Alley Access, etc",None,,,         ,William,Estes,Cloudy,Front to Rear,no,no,no,yes,no,False
100803222,METROPOLITAN NASHVILLE POLICE DEPT,2015-0320845,Davidson,Not in City Limit,4/6/2015 7:30:00 AM,2,1,0,36.018950,-87.029110,OLD HARDING PIKE,,,,0.00,Feet,,STATE HWY 96,,,,0.00,Y,Four-Way,N,Intersection,None,,,         ,Curtis,Rich,Cloudy,Front to Rear,no,no,no,no,no,False
100803242,METROPOLITAN NASHVILLE POLICE DEPT,2015-0320808,Davidson,Nashville,4/6/2015 7:02:00 AM,3,0,0,36.093360,-86.736260,US HWY 31 ALT,,,,0.00,,,NATCHEZ CT,,,,0.00,Y,Four-Way,N,Intersection,None,,,         ,William,Whitworth,Cloudy,Front to Rear,no,no,no,no,no,False
100803243,METROPOLITAN NASHVILLE POLICE DEPT,20150321031,Davidson,Nashville,4/6/2015 8:31:00 AM,2,0,0,36.093180,-86.762470,I 65,,,,0.00,,,,,,,78.55,N,Not at Intersection,N,Non-Junction,None,,,         ,Nathan,Kemp,Clear,Front to Rear,no,no,no,no,no,False
100803259,METROPOLITAN NASHVILLE POLICE DEPT,20150318921,Davidson,Nashville,4/5/2015 11:39:00 AM,2,0,0,36.046460,-86.713480,US HWY 31 ALT,,,,388.00,Feet,North,STATE HWY 254,,,,0.00,N,Not at Intersection,N,Non-Junction,None,,,         ,Gary,Sneed,Clear,Front to Rear,no,no,no,no,yes,False
100803263,VANDERBILT UNIVERSITY POLICE,15-0321063,Davidson,Nashville,4/6/2015 8:00:00 AM,1,1,0,36.139610,-86.800480,US HWY 431,,,,0.00,,,PIERCE AVE,,,,0.00,Y,Four-Way,N,Intersection,None,,,         ,Patrick,Conwell,Cloudy,Not Collision with Motor Vehicle in Transport,yes,no,no,no,yes,Campus
100803274,METROPOLITAN NASHVILLE POLICE DEPT,20150321220,Davidson,Nashville,4/6/2015 7:40:00 AM,2,0,0,36.039540,-86.781890,STATE HWY 254,,,,200.00,Feet,West,RAMP,,,,0.00,N,Not at Intersection, ,Non-Junction,None,,,         ,Nathan,Kemp,Clear,"Sideswipe, Same Direction",no,no,no,no,no,False
100803280,METROPOLITAN NASHVILLE POLICE DEPT,20150318898,Davidson,Nashville,4/5/2015 11:38:00 AM,4,0,0,36.068280,-86.719210,US HWY 31 ALT,,,,40.00,Feet,North,HAYWOOD LN,,,,0.00,N,Not at Intersection,N,Non-Junction,None,,,         ,Brian,Lamb,Clear,Angle,no,no,no,yes,yes,False
100803288,METROPOLITAN NASHVILLE POLICE DEPT,20150321213,Davidson,Madison,4/6/2015 9:58:00 AM,2,0,0,36.248020,-86.720320,DUE WEST AVE E,,,,0.00,,,US HWY 31E,,,,0.00,Y,Four-Way, ,Intersection,None,,,         ,David,Boone,Clear,Angle,no,no,no,no,no,False
100803307,THP District 9 - Administrative,315018588,Davidson,Nashville,4/6/2015 8:40:00 AM,1,0,0,0.000000,0.000000,ROSA L. PARKS,AVE,,,0.10,Miles,South,CHARLOTTE AVE,,US,,0.00,N,Not at Intersection, ,Non-Junction,None,,,         ,Kevin,Kennett,Clear,Not Collision with Motor Vehicle in Transport,no,no,no,yes,no,False
100803312,METROPOLITAN NASHVILLE POLICE DEPT,20150318986,Davidson,Nashville,4/5/2015 1:00:00 PM,2,3,0,36.138680,-86.810850,BLAKEMORE AVE,,,,0.00,,,NATCHEZ TRC,,,,0.00,Y,Four-Way,N,Intersection,None,,,         ,James,Smith,Clear,Angle,no,no,no,no,no,Campus
100803313,METROPOLITAN NASHVILLE POLICE DEPT,2015-0305338,Davidson,Nashville,4/1/2015 9:34:00 AM,1,0,0,36.141650,-86.733030,I 40,,,,0.00,,,,,,,212.90,N,Not at Intersection,N,Non-Junction,None,,,         ,Jeb,Johnston,Clear,Not Collision with Motor Vehicle in Transport,no,no,no,no,no,False
100803322,METROPOLITAN NASHVILLE POLICE DEPT,2015-0321456,Davidson,Nashville,4/6/2015 11:22:00 AM,2,0,0,36.125370,-86.846010,KENNER AVE,,,,209.00,Feet,South,US HWY 70S,,,,0.00,N,Not at Intersection, ,Non-Junction,None,,,         ,Curtis,Rich,Rain,"Sideswipe, Same Direction",no,no,no,no,yes,False
100803324,METROPOLITAN NASHVILLE POLICE DEPT,20150321232,Davidson,Nashville,4/6/2015 10:05:00 AM,3,1,0,36.175860,-86.772060,I 24,,,,0.00,,,,,,,48.00,N,Not at Intersection,N,Non-Junction,None,,,         ,William,Vincion,Cloudy,Front to Rear,no,no,no,no,no,False
100803325,METROPOLITAN NASHVILLE POLICE DEPT,2015-0320897,Davidson,Nashville,4/6/2015 7:57:00 AM,2,1,0,36.194580,-86.830380,BUENA VISTA PIKE,,,,0.00,,,RESHA LN,,,,0.00,Y,T-Intersection,N,Intersection,None,,,         ,Charles,Kaster,Cloudy,Angle,no,no,no,no,no,False
100803328,THP District 9 - Administrative,315017686,Davidson,Nashville,4/2/2015 5:11:00 PM,2,0,0,36.145670,-86.645680,I 40,,,,0.00,,,,,,,217.10,N,Not at Intersection, ,Non-Junction,None,,,         ,Robert,Bighem,Clear,Front to Rear,no,no,no,no,no,False
100803331,METROPOLITAN NASHVILLE POLICE DEPT,20150320971,Davidson,Nashville,4/6/2015 8:12:00 AM,2,0,0,36.086910,-86.730230,US HWY 31 ALT,,,,0.00,,,ELYSIAN FIELDS CT,,,,0.00,Y,Four-Way, ,Non-Junction,None,,,         ,Tony,Folad,Cloudy,Front to Rear,no,no,no,no,no,False
100803333,METROPOLITAN NASHVILLE POLICE DEPT,2015-0320942,Davidson,Nashville,4/6/2015 8:07:00 AM,3,1,0,36.105650,-86.671740,US HWY 41,,,,0.00,,,STATE HWY 255,,,,0.00,Y,T-Intersection,N,Intersection,None,,,         ,John,Neely,Clear,Angle,no,no,no,no,no,False
100803350,METROPOLITAN NASHVILLE POLICE DEPT,20150321560,Davidson,Nashville,4/6/2015 12:00:00 PM,2,0,0,36.090290,-86.703510,I 24,,,,0.00,,,,,,,55.35,N,Not at Intersection, ,,None,,,         ,Christopher,Hanor,,,no,no,no,no,no,False
100803351,METROPOLITAN NASHVILLE POLICE DEPT,2015-0321669,Davidson,Nashville,4/6/2015 12:44:00 PM,2,0,0,36.133390,-86.891430,CONNECTING ROAD,,,,0.00,,,US HWY 70,,,,0.00,Y,Four-Way, ,Intersection,None,,,         ,Curtis,Rich,Rain,Angle,no,no,no,no,yes,False
100803353,METROPOLITAN NASHVILLE POLICE DEPT,20150321471,Davidson,Nashville,4/6/2015 11:30:00 AM,1,0,0,0.000000,0.000000,1417 MURFREESBORO,PIKE,,,100.00,Feet,North,MCGAVOCK,PIKE,,,0.00,N,Not at Intersection,N,Non-Junction,None,,,         ,Randall,Combs,Rain,Not Collision with Motor Vehicle in Transport,no,no,no,yes,no,False
100803354,METROPOLITAN NASHVILLE POLICE DEPT,2015-0321445,Davidson,Nashville,4/6/2015 11:25:00 AM,2,2,0,36.055960,-86.675400,I 24,,,,0.00,,,,,,,58.20,N,Not at Intersection,N,Non-Junction,None,,,         ,William,Whitworth,Rain,Front to Rear,no,no,no,no,no,False
100803357,METROPOLITAN NASHVILLE POLICE DEPT,2015-0321414,Davidson,Nashville,4/6/2015 11:15:00 AM,2,0,0,36.054770,-86.679100,SHIHMEN DR,,,,272.00,Feet,West,TOMARAND RD,,,,0.00,N,Not at Intersection,N,Non-Junction,None,,,         ,Brandon,O'Guin,Cloudy,Angle,no,no,no,no,no,False
100803360,METROPOLITAN NASHVILLE POLICE DEPT,2015-0321083,Davidson,Nashville,4/6/2015 8:50:00 AM,2,0,0,36.165540,-86.762890,SUMMER PL,,,,0.00,,,S 4TH ST,,,,0.00,Y,Y-Intersection, ,Entrance/Exit Ramp Related,None,,,         ,Coleman,Womack,Cloudy,Front to Rear,no,no,no,no,no,False
100803361,METROPOLITAN NASHVILLE POLICE DEPT,20150316442,Davidson,Nashville,4/4/2015 11:40:00 AM,2,0,0,36.183790,-86.748340,GALLATIN AVE,,,,0.00,,,EASTLAND AVE,,,,0.00,Y,OTHER, ,Intersection-Related,None,,,         ,Paul,Stein,Clear,Front to Rear,no,no,no,no,no,False
100803362,METROPOLITAN NASHVILLE POLICE DEPT,20150321518,Davidson,Nashville,4/6/2015 11:51:00 AM,1,1,0,36.154340,-86.801730,20TH AVE N,,,,56.00,Feet,West,STATE ST,,,,0.00,N,Not at Intersection,N,Non-Junction,None,,,         ,Nathan,Kemp,Clear,Not Collision with Motor Vehicle in Transport,yes,no,no,yes,no,False
100803367,METROPOLITAN NASHVILLE POLICE DEPT,2015-0321626,Davidson,Nashville,4/6/2015 12:27:00 PM,2,0,0,36.077430,-86.912080,US HWY 70S,,,,423.00,Feet,West,WINDSOR TERRACE DR,,,,0.00,N,Not at Intersection, ,Non-Junction,None,,,         ,Walter,Gray II,Rain,Front to Rear,no,no,no,no,no,False
100803369,METROPOLITAN NASHVILLE POLICE DEPT,2015-0321534,Davidson,Nashville,4/6/2015 11:59:00 AM,2,0,0,36.086330,-86.696030,S PERIMETER PARK DR,,,,183.00,Feet,South,STATE HWY 255,,,,0.00,N,Not at Intersection, ,Non-Junction,None,,,         ,Stanley,Collins,Rain,Angle,no,no,no,no,no,False
100803375,METROPOLITAN NASHVILLE POLICE DEPT,20150318891,Davidson,Nashville,4/5/2015 11:40:00 AM,2,0,0,36.141160,-86.731380,I 24,,,,0.00,,,,,,,51.60,N,Not at Intersection,N,Non-Junction,None,,,         ,Joshua,Hollins,Clear,"Sideswipe, Same Direction",no,no,no,no,yes,False
100803382,METROPOLITAN NASHVILLE POLICE DEPT,20150321733,Davidson,Nashville,4/6/2015 1:00:00 PM,2,0,0,36.106540,-86.764500,POWELL AVE,,,,0.00,,,POWELL PL,,,,0.00,Y,T-Intersection,N,Intersection,None,,,         ,Mikala,Moore,Rain,Front to Rear,no,no,no,no,no,False
100803388,METROPOLITAN NASHVILLE POLICE DEPT,2015-0321528,Davidson,Nashville,4/6/2015 11:30:00 AM,2,0,0,36.061020,-86.672520,GOODWIN RD,,,,400.00,Feet,North,ANTIOCH PIKE,,,,0.00,N,Not at Intersection, ,Non-Junction,None,,,         ,Brandon,O'Guin,Rain,Angle,no,no,no,no,no,False
100803393,METROPOLITAN NASHVILLE POLICE DEPT,2015-0321831,Davidson,Nashville,4/6/2015 1:40:00 PM,2,0,0,36.154770,-86.779420,US HWY 41,,,,0.00,,,US HWY 31,,,,0.00,Y,Roundabout, ,,,,,         ,Daniel,Massey,,,no,no,no,no,no,False
100803397,METROPOLITAN NASHVILLE POLICE DEPT,20150321801,Davidson,Nashville,4/6/2015 1:27:00 PM,2,1,0,36.152470,-86.773210,US HWY 41,,,,0.00,,,5TH AVE S,,,,0.00,Y,Four-Way,Y,Intersection,None,,,         ,Joshua,Hollins,Rain,"Sideswipe, Same Direction",no,no,no,no,yes,False
100803398,Metro Park Police,201503120991,Davidson,Nashville,4/6/2015 8:53:00 AM,1,1,0,36.062310,-86.904610,STATE HWY 254,,,,0.00,,,STATE HWY 100,,,,0.00,Y,T-Intersection,N,Intersection-Related,None,,,         ,Thomas,Harbison,Clear,Not Collision with Motor Vehicle in Transport,no,no,no,no,no,False
100803412,METROPOLITAN NASHVILLE POLICE DEPT,20150321889,Davidson,Nashville,4/6/2015 1:47:00 PM,2,0,0,36.182010,-86.623740,STATE HWY 265,,,,936.00,Feet,West,BRANDAU RD,,,,0.00,N,Not at Intersection, ,Non-Junction,None,,,         ,Phillip,Black,Rain,Front to Rear,no,no,no,no,no,False
100803414,METROPOLITAN NASHVILLE POLICE DEPT,20150322004,Davidson,Nashville,4/6/2015 2:30:00 PM,2,0,0,36.085980,-86.699930,I 24,,,,0.00,,,,,,,55.75,N,Not at Intersection,N,Non-Junction,None,,,         ,Eric,Harvey,Rain,Front to Rear,no,no,no,no,yes,False
100803422,METROPOLITAN NASHVILLE POLICE DEPT,2015-0321902,Davidson,Nashville,4/6/2015 2:05:00 PM,2,0,0,36.129390,-86.838360,MONTGOMERY BELL AVE,,,,241.00,Feet,South,US HWY 70S,,,,0.00,N,Not at Intersection, ,Non-Junction,None,,,         ,Walter,Gray II,Rain,Not Collision with Motor Vehicle in Transport,no,no,no,no,no,False
100803427,METROPOLITAN NASHVILLE POLICE DEPT,2015-0321904,Davidson,Nashville,4/6/2015 2:07:00 PM,2,2,0,36.157940,-86.790210,US HWY 70,,,,0.00,,,I 40,,,,0.00,Y,OTHER,N,Non-Junction,None,,,         ,William,Vincion,Rain,Front to Rear,no,no,no,no,no,False
100803432,METROPOLITAN NASHVILLE POLICE DEPT,20150321961,Davidson,Nashville,4/6/2015 2:31:00 PM,2,3,0,36.146970,-86.808350,25TH AVE S,,,,0.00,,,US HWY 70S,,,,0.00,Y,Four-Way,N,Intersection-Related,None,,,         ,Tien,Nguyen,Rain,Front to Rear,no,no,no,no,no,Campus
100803441,METROPOLITAN NASHVILLE POLICE DEPT,20150322035,Davidson,Nashville,4/6/2015 2:45:00 PM,2,0,0,36.086860,-86.696620,STATE HWY 255,,,,143.00,Feet,East,-- UNKNOWN RAMP/ROAD --,,,,0.00,N,Not at Intersection, ,,None,,,         ,Natalie,Robinson,,,no,no,no,no,no,False
100803442,METROPOLITAN NASHVILLE POLICE DEPT,20150322089,Davidson,Nashville,4/6/2015 3:15:00 PM,2,0,0,36.157000,-86.760350,I 24,,,,0.00,,,,,,,49.65,N,Not at Intersection,N,Non-Junction,None,,,         ,Blaze,Williams,Rain,Front to Rear,no,no,no,no,no,False
100803448,METROPOLITAN NASHVILLE POLICE DEPT,20150321946,Davidson,Nashville,4/6/2015 2:25:00 PM,2,0,0,36.188490,-86.798420,US HWY 41 ALT,,,,69.00,Feet,North,RAMP,,,,0.00,N,Not at Intersection,N,Non-Junction,None,,,         ,Zachary,Ronan,Rain,Angle,no,no,no,no,no,False
100803449,BERRY HILL POLICE DEPT,15-1302,Davidson,Berry Hill,4/5/2015 7:10:00 PM,2,0,0,36.126210,-86.777030,CRAIGHEAD ST,,,,0.00,,,US HWY 31,,,,0.00,Y,T-Intersection, ,Intersection,None,,,         ,John,Gleixner,Clear,Front to Rear,no,no,no,no,no,False
100803457,METROPOLITAN NASHVILLE POLICE DEPT,20150322007,Davidson,Nashville,4/6/2015 2:25:00 PM,2,0,0,36.231280,-86.758950,US HWY 31W,,,,0.00,,,OAK VALLEY DR,,,,0.00,Y,T-Intersection, ,Intersection-Related,None,,,         ,Paul,Stein,Rain,Angle,no,no,no,no,no,False
100803458,METROPOLITAN NASHVILLE POLICE DEPT,20150322009,Davidson,Nashville,4/6/2015 2:23:00 PM,2,2,0,36.178990,-86.673500,LUMAR LN,,,,0.00,,,KNOBDALE RD,,,,0.00,Y,Four-Way,N,Intersection,None,,,         ,Felipe,Pereira,Rain,Angle,no,no,no,no,no,False
100803465,METROPOLITAN NASHVILLE POLICE DEPT,20150322182,Davidson,Nashville,4/6/2015 3:49:00 PM,2,0,0,36.115640,-86.780430,EXIT 5,,,,0.00,Feet,East,I 440,,,,0.00,N,Not at Intersection, ,Entrance/Exit Ramp Related,None,,,         ,Tien,Nguyen,Rain,Front to Rear,no,no,no,no,no,False
100803478,METROPOLITAN NASHVILLE POLICE DEPT,2015-0321888,Davidson,Nashville,4/6/2015 2:02:00 PM,4,1,0,36.090130,-86.703140,I 24,,,,0.00,,,,,,,55.40,N,Not at Intersection,N,Non-Junction,None,,,         ,Stanley,Collins,Rain,Angle,no,no,no,no,no,False
100803482,METROPOLITAN NASHVILLE POLICE DEPT,20150322109,Davidson,Antioch,4/6/2015 3:26:00 PM,1,1,0,36.016610,-86.623340,EXIT 62,,,,0.00,Feet,East,I 24,,,,0.00,N,Not at Intersection,N,Entrance/Exit Ramp Related,None,,,         ,Joseph,Progar,Rain,Not Collision with Motor Vehicle in Transport,no,no,no,no,no,False
100803483,METROPOLITAN NASHVILLE POLICE DEPT,20150322166,Davidson,Antioch,4/6/2015 3:26:00 PM,2,0,0,36.028980,-86.589990,LAVERGNE COUCHVILLE PIKE,,,,269.00,Feet,North,US HWY 41,,,,0.00,N,Not at Intersection, ,,None,,,         ,Jacob,Miller,,,no,no,no,no,no,False
100803489,METROPOLITAN NASHVILLE POLICE DEPT,20150322305,Davidson,Nashville,4/6/2015 4:20:00 PM,2,0,0,36.211480,-86.765250,US HWY 31W,,,,0.00,,,DONALD ST,,,,0.00,Y,T-Intersection,N,Intersection-Related,None,,,         ,Joshua,Reece,Rain,Angle,no,no,no,no,yes,False
100803495,METROPOLITAN NASHVILLE POLICE DEPT,20150322140,Davidson,Not in City Limit,4/6/2015 3:09:00 PM,2,0,0,36.320070,-86.867080,US HWY 431,,,,379.00,Feet,South,GIFFORD PL,,,,0.00,N,Not at Intersection,N,Non-Junction,None,,,         ,Tyler,McDaniel,Rain,Rear to Rear,no,no,no,yes,yes,False
100803496,METROPOLITAN NASHVILLE POLICE DEPT,20150322196,Davidson,Nashville,4/6/2015 3:54:00 PM,2,1,0,36.107600,-86.743490,US HWY 31 ALT,,,,0.00,,,TIMMONS ST,,,,0.00,Y,Four-Way,N,Intersection,None,,,         ,Kevin,Wiles,Rain,Angle,no,no,no,no,no,False
100803498,METROPOLITAN NASHVILLE POLICE DEPT,20150322267,Davidson,Nashville,4/6/2015 2:15:00 PM,2,0,0,36.085980,-86.649100,UNA ANTIOCH PIKE,,,,0.00,,,RANSOM CT,,,,0.00,Y,Four-Way,N,Non-Junction,None,,,         ,Natalie,Robinson,Rain,HeadOn,no,no,no,no,no,False
100803509,METROPOLITAN NASHVILLE POLICE DEPT,20150322235,Davidson,Nashville,4/6/2015 4:28:00 PM,2,0,0,36.121270,-86.696700,RAMP,,,,0.00,,,STATE HWY 155,,,,0.00,Y,OTHER, ,Non-Junction,None,,,         ,James,Tidwell,Rain,"Sideswipe, Same Direction",no,no,no,no,no,False
100803511,METROPOLITAN NASHVILLE POLICE DEPT,20150322190,Davidson,Nashville,4/6/2015 3:52:00 PM,3,1,0,36.050070,-86.667330,I 24,,,,0.00,,,,,,,58.85,N,Not at Intersection,N,Non-Junction,None,,,         ,Oscar,Gomez,Rain,Front to Rear,no,no,no,no,yes,False
100803514,METROPOLITAN NASHVILLE POLICE DEPT,20150322489,Davidson,Nashville,4/6/2015 4:34:00 PM,2,0,0,36.121550,-86.758320,I 440,,,,0.00,,,,,,,5.90,N,Not at Intersection, ,Non-Junction,None,,,         ,Tien,Nguyen,Rain,Front to Rear,no,no,no,no,no,False
100803515,METROPOLITAN NASHVILLE POLICE DEPT,20150322383,Davidson,Nashville,4/6/2015 5:04:00 PM,2,0,0,36.124280,-86.696300,VULTEE BLVD,,,,0.00,,,STATE HWY 155,,,,0.00,Y,Four-Way, ,Intersection-Related,None,,,         ,James,Tidwell,Rain,Front to Rear,no,no,no,no,no,False
100803520,THP District 9 - Administrative,315017660,Davidson,Not in City Limit,4/2/2015 2:50:00 PM,2,0,0,36.152090,-86.767100,I 40,,,,0.00,,,,,,,210.55,N,Not at Intersection, ,Non-Junction,None,,,         ,Brian,Carmouche,Clear,Front to Rear,no,no,no,no,no,False
100803538,METROPOLITAN NASHVILLE POLICE DEPT,2015-0314244,Davidson,Nashville,4/4/2015 7:25:00 PM,1,0,0,36.191760,-86.732830,CREIGHTON AVE,,,,124.00,Feet,East,SCOTT AVE,,,,0.00,N,Not at Intersection,N,Non-Junction,None,,,         ,Anthony,Cavis,Rain,Not Collision with Motor Vehicle in Transport,no,no,no,no,yes,False
100803539,METROPOLITAN NASHVILLE POLICE DEPT,20150322471,Davidson,Nashville,4/6/2015 4:47:00 PM,2,1,0,36.159780,-86.585540,S NEW HOPE RD,,,,0.00,,,LAKE CHATEAU DR,,,,0.00,Y,T-Intersection,N,Non-Junction,None,,,         ,David,Stanley,Rain,Front to Rear,no,no,no,no,no,False
100803543,METROPOLITAN NASHVILLE POLICE DEPT,20150322443,Davidson,Nashville,4/6/2015 2:15:00 PM,1,1,0,36.232480,-86.753990,MAPLEWOOD TRC,,,,500.00,Feet,East,HILLSIDE RD,,,,0.00,N,Not at Intersection,N,Non-Junction,None,,,         ,Peter,Knisley,Rain,Not Collision with Motor Vehicle in Transport,yes,no,no,no,yes,False
100803544,METROPOLITAN NASHVILLE POLICE DEPT,20150322445,Davidson,Nashville,4/6/2015 4:39:00 PM,2,0,0,36.168230,-86.679990,MCGAVOCK PIKE,,,,48.00,Feet,North,CROSSFIELD DR,,,,0.00,N,Not at Intersection, ,Non-Junction,None,,,         ,Leslie,Hale,Rain,Front to Rear,no,no,no,no,no,False
100803545,METROPOLITAN NASHVILLE POLICE DEPT,20150322365,Davidson,Nashville,4/6/2015 4:32:00 PM,2,0,0,36.177270,-86.597740,ROCKWOOD DR,,,,159.00,Feet,West,SADDLESTONE DR,,,,0.00,N,Not at Intersection,N,Non-Junction,None,,,         ,Shawn,Taylor,Rain,HeadOn,no,no,no,no,no,False
100803547,METROPOLITAN NASHVILLE POLICE DEPT,20150322491,Davidson,Nashville,4/6/2015 5:00:00 PM,1,1,0,36.170810,-86.804000,I 40,,,,0.00,,,,,,,207.65,N,Not at Intersection,N,Non-Junction,None,,,         ,Ashton,Hill,Cloudy,Not Collision with Motor Vehicle in Transport,no,no,no,no,no,False
100803551,METROPOLITAN NASHVILLE POLICE DEPT,20150322030,Davidson,Nashville,4/6/2015 2:15:00 PM,1,0,0,36.241580,-86.762810,STATE HWY 155,,,,1133.00,Feet,East,OAKVIEW DR,,,,0.00,N,Not at Intersection, ,Non-Junction,None,,,         ,Ryan,Sabel,Rain,Not Collision with Motor Vehicle in Transport,no,no,no,no,no,False
100803552,METROPOLITAN NASHVILLE POLICE DEPT,20150322357,Davidson,Nashville,4/6/2015 1:18:00 PM,2,0,0,36.040810,-86.575370,DEERHAVEN DR,,,,109.00,Feet,East,DEERHAVEN CT,,,,0.00,N,Not at Intersection, ,Non-Junction,None,,,         ,Jacob,Masteller,Rain,HeadOn,no,no,no,no,no,False
100803559,METROPOLITAN NASHVILLE POLICE DEPT,2015-0322379,Davidson,Nashville,4/6/2015 4:53:00 PM,2,0,0,36.126130,-86.845980,US HWY 70S,,,,200.00,Feet,East,KENNER AVE N,,,,0.00,N,Not at Intersection,N,Non-Junction,None,,,         ,Walter,Gray II,Cloudy,Angle,no,no,no,no,no,False
100803566,METROPOLITAN NASHVILLE POLICE DEPT,20150322619,Davidson,Nashville,4/6/2015 5:59:00 PM,2,1,0,36.153490,-86.777830,7TH AVE S,,,,140.00,Feet,South,RAMP,,,,0.00,N,Not at Intersection,N,Non-Junction,None,,,         ,Blaze,Williams,Clear,Front to Rear,no,no,no,no,no,False
100803571,METROPOLITAN NASHVILLE POLICE DEPT,20150322516,Davidson,Nashville,4/6/2015 5:32:00 PM,1,0,0,36.161380,-86.598830,BELL RD,,,,300.00,Feet,West,RAMP,,,,0.00,N,Not at Intersection,N,Non-Junction,None,,,         ,Tyler,Conrads,Clear,Not Collision with Motor Vehicle in Transport,no,no,no,no,no,False
100803583,METROPOLITAN NASHVILLE POLICE DEPT,20150322640,Davidson,Nashville,4/6/2015 5:42:00 PM,2,1,0,36.069150,-86.683880,ANTIOCH PIKE,,,,0.00,,,RICHARDS RD,,,,0.00,Y,Four-Way,N,Intersection,None,,,         ,Kevin,Keating,Cloudy,Front to Rear,no,no,no,no,yes,False
100803587,METROPOLITAN NASHVILLE POLICE DEPT,20150322231,Davidson,Nashville,4/6/2015 3:58:00 PM,2,1,0,36.123760,-86.747390,I 440,,,,0.00,,,,,,,6.50,N,Not at Intersection,N,Non-Junction,None,,,         ,Tien,Nguyen,Rain,Front to Rear,no,no,no,no,no,False
100803588,METROPOLITAN NASHVILLE POLICE DEPT,20150322642,Davidson,Nashville,4/6/2015 5:45:00 PM,2,0,0,36.134860,-86.759510,US HWY 31 ALT,,,,0.00,,,WALSH RD,,,,0.00,Y,T-Intersection, ,Intersection-Related,None,,,         ,Tien,Nguyen,Cloudy,Front to Rear,no,no,no,no,no,False
100803589,METROPOLITAN NASHVILLE POLICE DEPT,20150322725,Davidson,Nashville,4/6/2015 6:28:00 PM,2,1,0,36.116060,-86.797670,I 440,,,,0.00,,,,,,,3.40,N,Not at Intersection,N,Non-Junction,None,,,         ,Tien,Nguyen,Cloudy,"Sideswipe, Same Direction",no,no,no,no,no,False
100803595,METROPOLITAN NASHVILLE POLICE DEPT,20150319075,Davidson,Nashville,4/5/2015 12:56:00 PM,2,0,0,36.042220,-86.836210,STATE HWY 254,,,,353.00,Feet,East,DERBY GLEN LN,,,,0.00,N,Not at Intersection, ,Non-Junction,None,,,         ,Miguel,Garcia,Clear,Front to Rear,no,no,no,no,no,False
100803597,GOODLETTSVILLE POLICE DEPT,15-13359,Davidson,Goodlettsville,4/6/2015 5:15:00 PM,2,0,0,36.306154,-86.706210,,,I65N,,150.00,Feet,North,,,,,95.60,N,Not at Intersection,N,Non-Junction,None,,,         ,Charles,Hauskin,Cloudy,Front to Rear,no,no,no,no,no,False