master_record_number,agency,agency_tracking_number,county,city,collision_date,vehicles_involved,number_injured,number_dead,latitude,longitude,roadway_name,roadway_suffix,roadway_number,roadway_local_id,distance_from_reference,miles-feet_indicator,direction_from_reference,intersection_road_name,intersection_road_name_suffix,intersection_road_number,intersection_local_id,mile_marker,intersection_indicator,intersect_type,interchange_related_indicator,relation_to_junction,work_zone_type,construction_maintenance_zone,construction_maintenance_zone_location,fatal_case_number,officer_first_name,officer_last_name,weather_condition(s),manner_of_crash,pedestrian,bicycle,scooter,parking,hitrun,mou
100804486,METROPOLITAN NASHVILLE POLICE DEPT,20150329202,Davidson,Nashville,4/8/2015 12:25:00 PM,2,1,0,36.073660,-86.807640,GRANNY WHITE PIKE,,,,0.00,,,TRAVELERS RIDGE DR,,,,0.00,Y,T-Intersection,N,Intersection,None,,,         ,Nathan,Kemp,Clear,Front to Rear,no,no,no,no,no,False
100804496,METROPOLITAN NASHVILLE POLICE DEPT,2015-329491,Davidson,Nashville,4/8/2015 1:45:00 PM,2,0,0,36.127990,-86.845090,BOSLEY SPRINGS RD,,,,384.00,Feet,West,US HWY 70S,,,,0.00,N,Not at Intersection, ,OtherLocation,None,,,         ,Cesar,Castillo,Cloudy,Angle,no,no,no,yes,yes,False
100804497,METROPOLITAN NASHVILLE POLICE DEPT,20150329506,Davidson,Nashville,4/8/2015 1:54:00 PM,2,0,0,36.086780,-86.771800,RAMP,,,,0.00,Feet,East,US HWY 31,,,,0.00,N,Not at Intersection, ,Non-Junction,None,,,         ,Thomas,West,Clear,Front to Rear,no,no,no,no,no,False
100804517,METROPOLITAN NASHVILLE POLICE DEPT,20150329806,Davidson,Nashville,4/8/2015 3:33:00 PM,1,0,0,36.271090,-86.736440,I 65,,,,0.00,,,,,,,92.70,N,Not at Intersection, ,,,,,         ,Samuel,Miller,,,no,no,no,no,no,False
100804519,METROPOLITAN NASHVILLE POLICE DEPT,20150329597,Davidson,Nashville,4/8/2015 3:18:00 PM,2,0,0,36.140850,-86.801490,DIXIE PL,,,,0.00,,,MEDICAL CENTER DR,,,,0.00,Y,T-Intersection, ,OtherLocation,None,,,         ,Mekisha,Page,Clear,Front to Rear,no,no,no,yes,yes,Campus
100804525,METROPOLITAN NASHVILLE POLICE DEPT,20150329624,Davidson,Nashville,4/8/2015 12:00:00 AM,1,1,0,36.143680,-86.814200,US HWY 70S,,,,0.00,,,29TH AVE S,,,,0.00,Y,OTHER,N,OtherLocation,None,,,         ,Michael,Collazo,Clear,Not Collision with Motor Vehicle in Transport,yes,no,no,yes,yes,Campus
100804532,METROPOLITAN NASHVILLE POLICE DEPT,20150329554,Davidson,Nashville,4/8/2015 2:17:00 PM,5,3,0,36.191640,-86.785170,I 65,,,,0.00,,,,,,,86.00,N,Not at Intersection,N,Non-Junction,None,,,         ,Christopher,Kelly,Clear,Front to Rear,no,no,no,no,no,False
100804533,METROPOLITAN NASHVILLE POLICE DEPT,20150309822,Davidson,Madison,4/2/2015 2:35:00 PM,2,1,0,36.262730,-86.705330,4TH AVE,,,,0.00,,,E OLD HICKORY BLVD,,,,0.00,Y,T-Intersection,N,"Driveway, Alley Access, etc",None,,,         ,Edward,Draves,Clear,Rear to Rear,no,no,no,yes,yes,False
100804534,METROPOLITAN NASHVILLE POLICE DEPT,20150329710,Davidson,Nashville,4/8/2015 3:13:00 PM,2,2,0,36.168870,-86.792430,10TH AVE N,,,,0.00,,,HERMAN ST,,,,0.00,Y,Four-Way,N,Intersection,None,,,         ,MIchael,Mihajlov,Clear,"Sideswipe, Opposite Direction",no,no,no,no,no,False
100804541,METROPOLITAN NASHVILLE POLICE DEPT,20150329959,Davidson,Nashville,4/8/2015 4:05:00 PM,2,0,0,36.071940,-86.636180,US HWY 41,,,,0.00,,,BELL RD,,,,0.00,Y,Four-Way,N,Intersection-Related,None,,,         ,James,Tidwell,Clear,Front to Rear,no,no,no,no,yes,False
100804545,METROPOLITAN NASHVILLE POLICE DEPT,20150329904,Davidson,Nashville,4/8/2015 3:52:00 PM,2,0,0,36.182280,-86.608000,ANDREW JACKSON WAY,,,,0.00,,,STATE HWY 45,,,,0.00,Y,Four-Way,N,Intersection-Related,None,,,         ,Brandon,Vance,Clear,Angle,no,no,no,no,no,False
100804549,METROPOLITAN NASHVILLE POLICE DEPT,20150329925,Davidson,Nashville,4/8/2015 3:50:00 PM,2,0,0,36.153450,-86.822570,I 440,,,,0.00,,,,,,,1.70,N,Not at Intersection,N,Non-Junction,None,,,         ,Mark,Hatt,Clear,Front to Rear,no,no,no,no,no,False
100804553,METROPOLITAN NASHVILLE POLICE DEPT,20150329955,Davidson,Nashville,4/8/2015 4:15:00 PM,2,0,0,36.175050,-86.784670,JEFFERSON ST,,,,0.00,,,3RD AVE N,,,,0.00,Y,Four-Way,N,Intersection,None,,,         ,Jessie,Freeland,Clear,"Sideswipe, Same Direction",no,no,no,no,yes,False
100804555,METROPOLITAN NASHVILLE POLICE DEPT,20150330026,Davidson,Nashville,4/8/2015 4:28:00 PM,2,0,0,36.151510,-86.768790,I 40,,,,0.00,,,,,,,210.50,N,Not at Intersection, ,Non-Junction,None,,,         ,MIchael,Mihajlov,Clear,"Sideswipe, Same Direction",no,no,no,no,no,False
100804556,METROPOLITAN NASHVILLE POLICE DEPT,20150329626,Davidson,Nashville,4/8/2015 2:50:00 PM,2,1,0,36.049900,-86.649350,MOUNT VIEW RD,,,,0.00,,,STATE HWY 254,,,,0.00,Y,Four-Way,N,Intersection,None,,,         ,Kevin,Keating,Clear,Angle,no,no,no,no,no,False
100804558,METROPOLITAN NASHVILLE POLICE DEPT,20150329982,Davidson,Nashville,4/8/2015 4:23:00 PM,2,0,0,36.153790,-86.787870,I 40,,,,0.00,,,,,,,209.30,N,Not at Intersection, ,Non-Junction,None,,,         ,Mekisha,Page,Clear,"Sideswipe, Same Direction",no,no,no,no,no,False
100804561,METROPOLITAN NASHVILLE POLICE DEPT,20150329859,Davidson,Nashville,4/8/2015 2:35:00 PM,2,1,0,0.000000,0.000000,,,I65 S,,300.00,Feet,South,,,,,87.00,N,Not at Intersection,N,Non-Junction,None,,,         ,Josh,Baney,Clear,Front to Rear,no,no,no,no,no,False
100804562,METROPOLITAN NASHVILLE POLICE DEPT,20150329907,Davidson,Nashville,4/8/2015 4:04:00 PM,2,0,0,36.155640,-86.789710,14TH AVE,,,,0.00,,,US HWY 70,,,,0.00,Y,Four-Way, ,Intersection-Related,None,,,         ,Tien,Nguyen,Clear,Front to Rear,no,no,no,no,yes,False
100804563,METROPOLITAN NASHVILLE POLICE DEPT,20150329918,Davidson,Nashville,4/8/2015 3:58:00 PM,2,1,0,36.144540,-86.776990,I 65,,,,0.00,,,,,,,82.10,N,Not at Intersection,N,Non-Junction,None,,,         ,Tien,Nguyen,Clear,Front to Rear,no,no,no,no,no,False
100804568,METROPOLITAN NASHVILLE POLICE DEPT,20150330034,Davidson,Nashville,4/8/2015 4:45:00 PM,2,0,0,36.227850,-86.697020,STATE HWY 155,,,,1468.00,Feet,North,MUSIC VALLEY DR,,,,0.00,N,Not at Intersection, ,Non-Junction,None,,,         ,Jiyayi,Suleyman,Clear,"Sideswipe, Same Direction",no,no,no,no,no,False
100804569,METROPOLITAN NASHVILLE POLICE DEPT,20150330043,Davidson,Nashville,4/8/2015 4:18:00 PM,2,0,0,36.153770,-86.756880,I 40,,,,0.00,,,,,,,211.15,N,Not at Intersection, ,Non-Junction,None,,,         ,Aaron,Thomas,Clear,"Sideswipe, Same Direction",no,no,no,no,no,False
100804571,METROPOLITAN NASHVILLE POLICE DEPT,2015-0328538,Davidson,Nashville,4/8/2015 9:12:00 AM,2,0,0,36.166890,-86.765130,I 24,,,,0.00,,,,,,,48.90,N,Not at Intersection, ,Non-Junction,None,,,         ,Allen,Bates,Clear,"Sideswipe, Same Direction",no,no,no,no,no,False
100804573,METROPOLITAN NASHVILLE POLICE DEPT,20150330233,Davidson,Nashville,4/8/2015 5:27:00 PM,2,0,0,36.107780,-86.677020,US HWY 41,,,,0.00,,,DELL PKWY,,,,0.00,Y,T-Intersection,N,Intersection-Related,None,,,         ,James,Tidwell,Clear,Front to Rear,no,no,no,no,yes,False
100804574,METROPOLITAN NASHVILLE POLICE DEPT,20150330063,Davidson,Nashville,4/8/2015 4:53:00 PM,2,0,0,36.168040,-86.760980,SHELBY AVE,,,,216.00,Feet,West,S 6TH ST,,,,0.00,N,Not at Intersection, ,Non-Junction,None,,,         ,Ryan,Howard,Clear,Angle,no,no,no,no,no,False
100804578,METROPOLITAN NASHVILLE POLICE DEPT,20150330160,Davidson,Nashville,4/8/2015 5:17:00 PM,4,1,0,36.115920,-86.785150,I 440,,,,0.00,,,,,,,4.25,N,Not at Intersection,N,Non-Junction,None,,,         ,Kevin,Wiles,Clear,Front to Rear,no,no,no,no,no,False
100804590,METROPOLITAN NASHVILLE POLICE DEPT,20150330252,Davidson,Nashville,4/8/2015 5:29:00 PM,2,0,0,36.116030,-86.810570,US HWY 431,,,,0.00,,,HAMPTON AVE,,,,0.00,Y,T-Intersection, ,Intersection-Related,None,,,         ,Tien,Nguyen,Clear,Angle,no,no,no,no,no,False
100804599,METROPOLITAN NASHVILLE POLICE DEPT,20150330261,Davidson,Nashville,4/8/2015 5:55:00 PM,2,0,0,36.078860,-86.728410,STATE HWY 255,,,,412.00,Feet,West,COVENTRY DR,,,,0.00,N,Not at Intersection, ,Non-Junction,None,,,         ,Jacob,Masteller,Clear,Angle,no,no,no,no,no,False
100804600,METROPOLITAN NASHVILLE POLICE DEPT,20150330371,Davidson,Nashville,4/8/2015 6:28:00 PM,1,0,0,36.145470,-86.706450,ELM HILL PIKE,,,,46.00,Feet,East,ELM TREE DR,,,,0.00,N,Not at Intersection, ,Non-Junction,None,,,         ,Leslie,Hale,Clear,Not Collision with Motor Vehicle in Transport,no,no,no,no,no,False
100804602,METROPOLITAN NASHVILLE POLICE DEPT,20150329077,Davidson,Nashville,4/8/2015 8:39:00 AM,1,0,0,36.182740,-86.791260,GARFIELD ST,,,,0.00,,,4TH AVE N,,,,0.00,Y,OTHER,N,"Driveway, Alley Access, etc",None,,,         ,Nathan,Mayo,Cloudy,Not Collision with Motor Vehicle in Transport,no,no,no,no,no,False
100804604,METROPOLITAN NASHVILLE POLICE DEPT,20150330250,Davidson,Nashville,4/8/2015 5:25:00 PM,2,0,0,36.072630,-86.691670,I 24,,,,0.00,,,,,,,56.75,N,Not at Intersection, ,Non-Junction,None,,,         ,Michael,Moss,Clear,"Sideswipe, Same Direction",no,no,no,no,no,False
100804605,METROPOLITAN NASHVILLE POLICE DEPT,20150305671,Davidson,Nashville,4/1/2015 11:45:00 AM,2,0,0,36.167560,-86.762210,S 5TH ST,,,,0.00,,,SHELBY AVE,,,,0.00,Y,Four-Way,N,Intersection-Related,None,,,         ,Jamell,Randall,Clear,Front to Rear,no,no,no,no,yes,False
100804609,METROPOLITAN NASHVILLE POLICE DEPT,20150330333,Davidson,Nashville,4/8/2015 6:49:00 PM,2,0,0,36.142220,-86.774990,CHESTNUT ST,,,,230.00,Feet,East,FORT NEGLEY BLVD,,,,0.00,N,Not at Intersection, ,Non-Junction,None,,,         ,Mekisha,Page,Clear,Front to Rear,no,no,no,no,no,False
100804610,METROPOLITAN NASHVILLE POLICE DEPT,20150330337,Davidson,Hermitage,4/8/2015 5:18:00 PM,2,0,0,36.263340,-86.662050,STATE HWY 45,,,,0.00,,,INDUSTRIAL DR,,,,0.00,Y,Four-Way,N,Intersection-Related,None,,,         ,Thomas,Barnes,Clear,Angle,no,no,no,no,no,False
100804611,METROPOLITAN NASHVILLE POLICE DEPT,20150330128,Davidson,Nashville,4/8/2015 5:12:00 PM,2,5,0,36.088720,-86.762060,SIDCO DR,,,,924.00,Feet,South,KENILWOOD DR,,,,0.00,N,Not at Intersection,N,Non-Junction,None,,,         ,Brenton,Adcox,Clear,Angle,no,no,no,no,no,False
100804612,METROPOLITAN NASHVILLE POLICE DEPT,20150330296,Davidson,Nashville,4/8/2015 4:56:00 PM,2,0,0,36.081860,-86.760550,STATE HWY 255,,,,91.00,Feet,West,RAMP,,,,0.00,N,Not at Intersection, ,Non-Junction,None,,,         ,Brenton,Adcox,Clear,Front to Rear,no,no,no,no,no,False
100804614,METROPOLITAN NASHVILLE POLICE DEPT,20150329613,Davidson,Nashville,4/8/2015 2:35:00 PM,2,0,0,36.111070,-86.747350,STATE HWY 155,,,,0.00,,,LOUISE DR,,,,0.00,Y,T-Intersection, ,Intersection,None,,,         ,Eric,Harvey,Clear,Angle,no,no,no,no,no,False
100804622,METROPOLITAN NASHVILLE POLICE DEPT,20150330402,Davidson,Nashville,4/8/2015 6:50:00 PM,1,1,0,36.100530,-86.872970,OLD HARDING RD,,,,10.00,Feet,North,HAVERFORD AVE,,,,0.00,N,Not at Intersection,N,Non-Junction,None,,,         ,Brandon,Pedigo,Clear,Not Collision with Motor Vehicle in Transport,no,no,no,no,no,False
100804623,METROPOLITAN NASHVILLE POLICE DEPT,20150330375,Davidson,Nashville,4/8/2015 6:39:00 PM,2,0,0,36.163290,-86.776050,COMMERCE ST,,,,0.00,,,2ND AVE N,,,,0.00,Y,Four-Way, ,Non-Junction,None,,,         ,Seth,Oden,Cloudy,Front to Rear,no,no,no,no,no,False
100804625,METROPOLITAN NASHVILLE POLICE DEPT,20150330424,Davidson,Nashville,4/8/2015 6:16:00 PM,2,0,0,36.108670,-86.812140,GLEN ECHO RD,,,,0.00,,,US HWY 431,,,,0.00,Y,Four-Way,N,Intersection-Related,None,,,         ,Tien,Nguyen,Clear,Front to Rear,no,no,no,no,no,False
100804628,METROPOLITAN NASHVILLE POLICE DEPT,20150330311,Davidson,Nashville,4/8/2015 6:11:00 PM,3,3,0,36.154850,-86.758360,DRIFTWOOD ST,,,,23.00,Feet,North,US HWY 70,,,,0.00,N,Not at Intersection,N,Non-Junction,None,,,         ,Jiyayi,Suleyman,Clear,Angle,no,no,no,no,no,False
100804633,METROPOLITAN NASHVILLE POLICE DEPT,20150330398,Davidson,Nashville,4/8/2015 6:41:00 PM,2,0,0,36.167000,-86.763720,SHELBY AVE,,,,0.00,,,S 4TH ST,,,,0.00,Y,Four-Way, ,Intersection,None,,,         ,Ryan,Howard,Clear,"Sideswipe, Same Direction",no,no,no,no,no,False
100804637,Nashville Airport Police,2015-0698,Davidson,Nashville,4/5/2015 7:55:00 PM,2,0,0,0.000000,0.000000,TERMINAL DRIVE,,,,5.00,Feet,North,,,,,2.00,N,Not at Intersection, ,OtherLocation,None,,,         ,Len,Sangster Jr,Clear,Rear to Rear,no,no,no,yes,no,False
100804641,METROPOLITAN NASHVILLE POLICE DEPT,20150330552,Davidson,Nashville,4/8/2015 7:36:00 PM,2,0,0,36.148400,-86.625690,BELL RD,,,,388.00,Feet,North,TRAILS CIR,,,,0.00,N,Not at Intersection, ,Non-Junction,None,,,         ,Brandon,Vance,Clear,Front to Rear,no,no,no,no,no,False
100804650,METROPOLITAN NASHVILLE POLICE DEPT,20150329936,Davidson,Nashville,4/8/2015 4:00:00 PM,4,0,0,36.109060,-86.725980,STATE HWY 155,,,,43.00,Feet,South,-- UNKNOWN RAMP/ROAD --,,,,0.00,N,Not at Intersection,N,Non-Junction,None,,,         ,Daniel,Cayton,Clear,"Sideswipe, Same Direction",no,no,no,no,no,False
100804652,METROPOLITAN NASHVILLE POLICE DEPT,20150330582,Davidson,Nashville,4/8/2015 7:58:00 PM,2,1,0,36.190260,-86.626410,US HWY 70,,,,710.00,Feet,South,BONNABROOK DR,,,,0.00,N,Not at Intersection,N,Non-Junction,None,,,         ,Daniel,Motte,Clear,Angle,no,no,no,no,no,False
100804664,METROPOLITAN NASHVILLE POLICE DEPT,20150330610,Davidson,Not in City Limit,4/8/2015 8:04:00 PM,1,1,0,36.021360,-87.026960,STATE HWY 96,,,,184.00,Feet,North,HESTER BEASLEY RD,,,,0.00,N,Not at Intersection,N,Non-Junction,None,,,         ,Adam,Reese,Clear,Not Collision with Motor Vehicle in Transport,no,no,no,no,no,False
100804666,METROPOLITAN NASHVILLE POLICE DEPT,20150330608,Davidson,Nashville,4/8/2015 8:00:00 PM,3,5,0,36.078940,-86.695790,I 24,,,,0.00,,,,,,,56.30,N,Not at Intersection,N,Non-Junction,None,,,         ,Oscar,Gomez,Cloudy,Front to Rear,no,no,no,no,no,False
100804667,METROPOLITAN NASHVILLE POLICE DEPT,20150330418,Davidson,Madison,4/8/2015 6:55:00 PM,2,0,0,36.264240,-86.735580,STATE HWY 45,,,,0.00,Feet,,-- UNKNOWN RAMP/ROAD --,,,,0.00,Y,Y-Intersection,N,Non-Junction,None,,,         ,Nathan,Dungan,Clear,Front to Rear,no,no,no,no,no,False
100804668,METROPOLITAN NASHVILLE POLICE DEPT,20150329932,Davidson,Nashville,4/8/2015 3:52:00 PM,2,0,0,36.238020,-86.735670,EXIT 16A,,,,0.00,,,-- UNKNOWN RAMP/ROAD --,,,,0.00,Y,OTHER, ,Entrance/Exit Ramp Related,None,,,         ,Carlos,Urrutia,Cloudy,"Sideswipe, Same Direction",no,no,no,no,no,False
100804675,METROPOLITAN NASHVILLE POLICE DEPT,20150330723,Davidson,Nashville,4/8/2015 8:25:00 PM,2,0,0,36.158030,-86.800710,US HWY 70,,,,0.00,Feet,East,RAMP,,,,0.00,,Not at Intersection, ,Non-Junction,None,,,         ,Brian,Woodard,Cloudy,"Sideswipe, Same Direction",no,no,no,yes,no,False
100804680,METROPOLITAN NASHVILLE POLICE DEPT,20150330616,Davidson,Madison,4/8/2015 8:00:00 PM,3,0,0,36.263030,-86.710860,STATE HWY 45,,,,75.00,Feet,East,RAMP,,,,0.00,N,Not at Intersection,N,Non-Junction,None,,,         ,Nathan,Dungan,Clear,Front to Rear,no,no,no,no,yes,False
100804693,METROPOLITAN NASHVILLE POLICE DEPT,20150330019,Davidson,Nashville,4/8/2015 3:19:00 PM,2,0,0,36.166340,-86.779070,3RD AVE N,,,,0.00,,,PUBLIC SQ,,,,0.00,Y,OTHER,N,Non-Junction,None,,,         ,Ethan,Luffman,Clear,"Sideswipe, Same Direction",no,no,no,no,no,False
100804702,METROPOLITAN NASHVILLE POLICE DEPT,20150330110,Davidson,Nashville,4/8/2015 5:06:00 PM,2,1,0,36.050200,-86.674630,HARPER RIDGE PL,,,,68.00,Feet,West,TIMBERLAKE CIR,,,,0.00,N,Not at Intersection,N,OtherLocation,None,,,         ,Jason,Door,Clear,Angle,no,no,no,yes,no,False
100804703,METROPOLITAN NASHVILLE POLICE DEPT,20150331043,Davidson,Nashville,4/8/2015 8:24:00 PM,1,0,0,36.043350,-86.640800,MOUNT VIEW RD,,,,0.00,,,BABY RUTH LN,,,,0.00,Y,T-Intersection, ,Non-Junction,None,,,         ,Steven,Williams,Clear,Not Collision with Motor Vehicle in Transport,no,no,no,no,no,False
100804723,METROPOLITAN NASHVILLE POLICE DEPT,20150331117,Davidson,Nashville,4/9/2015 10:45:00 PM,2,0,0,36.153870,-86.784870,LAUREL ST,,,,159.00,Feet,West,11TH AVE S,,,,0.00,N,Not at Intersection, ,Non-Junction,None,,,         ,Royce,McLester,Clear,"Sideswipe, Same Direction",no,no,no,no,yes,False
100804730,METROPOLITAN NASHVILLE POLICE DEPT,20150329752,Davidson,Nashville,4/8/2015 2:51:00 PM,2,0,0,36.181530,-86.799800,I 65,,,,0.00,,,,,,,85.10,N,Not at Intersection,N,Non-Junction,None,,,         ,Michael,Brooks,Cloudy,Front to Rear,no,no,no,no,yes,False
100804731,METROPOLITAN NASHVILLE POLICE DEPT,20150329912,Davidson,Nashville,4/8/2015 2:39:00 PM,2,0,0,36.200580,-86.839320,US HWY 41 ALT,,,,1014.00,Feet,South,ABERNATHY RD,,,,0.00,N,Not at Intersection, ,Non-Junction,None,,,         ,Michael,Brooks,Cloudy,"Sideswipe, Same Direction",no,no,no,no,no,False
100804732,METROPOLITAN NASHVILLE POLICE DEPT,20150330065,Davidson,Nashville,4/8/2015 4:52:00 PM,2,0,0,36.190940,-86.788730,I 65,,,,0.00,,,,,,,85.80,N,Not at Intersection, ,,None,,,         ,Michael,Brooks,,,no,no,no,no,no,False
100804733,METROPOLITAN NASHVILLE POLICE DEPT,20150330302,Davidson,Nashville,4/8/2015 6:08:00 PM,2,1,0,36.192880,-86.829970,US HWY 41 ALT,,,,458.00,Feet,East,BUENA VISTA PIKE,,,,0.00,N,Not at Intersection,N,Non-Junction,None,,,         ,Michael,Brooks,Cloudy,"Sideswipe, Opposite Direction",no,no,no,no,no,False
100804742,METROPOLITAN NASHVILLE POLICE DEPT,2015-0328101,Davidson,Nashville,4/9/2015 6:00:00 AM,2,0,0,36.193730,-86.807050,US HWY 41 ALT,,,,0.00,,,GREAT CIRCLE RD,,,,0.00,Y,Four-Way, ,,None,,,         ,James,Jarvis,,,no,no,no,no,no,False
100804757,METROPOLITAN NASHVILLE POLICE DEPT,2015-0328119,Davidson,Nashville,4/8/2015 6:29:00 AM,1,1,0,36.180320,-86.869240,STATE HWY 155,,,,0.50,Miles,North,EXIT 26,,,,0.00,N,Not at Intersection,N,Non-Junction,None,,,         ,Barry,Scarbrough,Clear,Not Collision with Motor Vehicle in Transport,no,no,no,no,no,False
100804759,METROPOLITAN NASHVILLE POLICE DEPT,2015-0317836,Davidson,Nashville,4/4/2015 10:21:00 PM,2,0,0,36.070390,-86.634500,US HWY 41,,,,543.00,Feet,South,RAMP,,,,0.00,N,Not at Intersection, ,Non-Junction,None,,,         ,Dezmond,Hughes,Clear,Front to Rear,no,no,no,no,no,False
100804763,METROPOLITAN NASHVILLE POLICE DEPT,20150331771,Davidson,Nashville,4/9/2015 4:09:00 AM,1,1,0,36.139910,-86.825090,MURPHY RD,,,,28.00,Feet,East,GREENWAY AVE,,,,0.00,N,Not at Intersection,N,Non-Junction,None,,,         ,Jean,McCormack,Clear,Not Collision with Motor Vehicle in Transport,no,no,no,no,no,False
100804770,BERRY HILL POLICE DEPT,15-1323,Davidson,Berry Hill,4/8/2015 1:40:00 PM,2,0,0,36.112750,-86.766940,BRANSFORD AVE,,,,135.00,Feet,North,STATE HWY 155,,,,0.00,N,Not at Intersection, ,Non-Junction,None,,,         ,Ronnie,Hill,Cloudy,"Sideswipe, Same Direction",no,no,no,no,no,False
100804783,METROPOLITAN NASHVILLE POLICE DEPT,20150332090,Davidson,Nashville,4/9/2015 6:35:00 AM,2,0,0,36.125340,-86.772780,I 65,,,,0.00,,,,,,,80.75,N,Not at Intersection, ,,None,,,         ,Nathan,Kemp,,,no,no,no,no,no,False
100804800,METROPOLITAN NASHVILLE POLICE DEPT,20150329392,Davidson,Nashville,4/8/2015 1:21:00 PM,2,0,0,0.000000,0.000000,,,I40 W,,10.00,Feet,East,,,,,210.00,N,Not at Intersection, ,Non-Junction,None,,,         ,Tamara,Zurawski,Clear,"Sideswipe, Same Direction",no,no,no,no,no,False
100804802,VANDERBILT UNIVERSITY POLICE,15-0331922,Davidson,Nashville,4/9/2015 4:45:00 AM,1,0,0,36.145990,-86.799080,SCARRITT PL,,,,0.00,,,,,,,0.00,,Not at Intersection, ,"Driveway, Alley Access, etc",None,,,         ,Charles,Stevens,Clear,Not Collision with Motor Vehicle in Transport,no,no,no,yes,no,Campus
100804803,METROPOLITAN NASHVILLE POLICE DEPT,2015-0332048,Davidson,Not in City Limit,4/9/2015 6:55:00 AM,1,0,0,36.029110,-87.002100,STATE HWY 100,,,,379.00,Feet,West,OLD HARDING PIKE,,,,0.00,N,Not at Intersection, ,Non-Junction,None,,,         ,Curtis,Rich,Clear,Not Collision with Motor Vehicle in Transport,no,no,no,no,no,False
100804809,METROPOLITAN NASHVILLE POLICE DEPT,20150332216,Davidson,Nashville,4/9/2015 7:40:00 AM,2,0,0,36.125120,-86.805730,WOODLAWN DR,,,,0.00,,,US HWY 431,,,,0.00,Y,Four-Way, ,,None,,,         ,Nathan,Kemp,,,no,no,no,no,no,False
100804813,METROPOLITAN NASHVILLE POLICE DEPT,20150332202,Davidson,Nashville,4/9/2015 7:41:00 AM,2,0,0,36.160490,-86.778440,5TH AVE S,,,,0.00,,,US HWY 70,,,,0.00,Y,Four-Way, ,Non-Junction,None,,,         ,Michael,Johnson,Cloudy,Front to Rear,no,no,no,no,no,False
100804814,METROPOLITAN NASHVILLE POLICE DEPT,20150332194,Davidson,Nashville,4/9/2015 12:00:00 AM,2,0,0,36.220380,-86.811220,CRAVATH DR,,,,83.00,Feet,South,ROWAN DR,,,,0.00,N,Not at Intersection,N,Non-Junction,None,,,         ,Ryan,Caulfield,Clear,Angle,no,no,no,no,yes,False
100804815,METROPOLITAN NASHVILLE POLICE DEPT,20150332106,Davidson,Antioch,4/9/2015 12:00:00 AM,1,0,0,35.999470,-86.623400,BURKITT RD,,,,1663.00,Feet,North,BATTLE RD,,,,0.00,N,Not at Intersection,N,Non-Junction,None,,,         ,Kenneth,Alexandrow,Clear,Not Collision with Motor Vehicle in Transport,no,no,no,no,yes,False
100804827,METROPOLITAN NASHVILLE POLICE DEPT,20150332163,Davidson,Nashville,4/9/2015 7:11:00 AM,2,1,0,36.142470,-86.710080,I 40,,,,0.00,,,,,,,214.20,N,Not at Intersection,N,Non-Junction,None,,,         ,Mitchell,McClay,Clear,Front to Rear,no,no,no,no,no,False
100804828,METROPOLITAN NASHVILLE POLICE DEPT,2015-0332240,Davidson,Nashville,4/9/2015 7:49:00 AM,2,0,0,36.188110,-86.629450,US HWY 70,,,,73.00,Feet,West,HICKORY HILL LN,,,,0.00,N,Not at Intersection,N,Non-Junction,None,,,         ,Eric,Uruski,Clear,Angle,no,no,no,no,no,False
100804833,METROPOLITAN NASHVILLE POLICE DEPT,20150332272,Davidson,Madison,4/9/2015 7:50:00 AM,2,0,0,36.263900,-86.690310,STATE HWY 45,,,,0.00,,,MYATT DR,,,,0.00,Y,Four-Way, ,Intersection-Related,None,,,         ,Brian,Otto,Clear,Front to Rear,no,no,no,no,no,False
100804834,METROPOLITAN NASHVILLE POLICE DEPT,20150332232,Davidson,Nashville,4/9/2015 7:44:00 AM,2,0,0,36.154580,-86.788130,-- UNKNOWN RAMP/ROAD --,,,,141.00,Feet,South,MCGAVOCK ST,,,,0.00,N,Not at Intersection, ,Non-Junction,None,,,         ,Tamara,Zurawski,Clear,"Sideswipe, Same Direction",no,no,no,no,no,False
100804837,METROPOLITAN NASHVILLE POLICE DEPT,20150332383,Davidson,Nashville,4/9/2015 8:18:00 AM,2,0,0,36.232260,-86.624690,STATE HWY 45,,,,0.00,,,SHUTE LN,,,,0.00,Y,T-Intersection, ,,None,,,         ,Phillip,Black,,,no,no,no,no,no,False
100804845,METROPOLITAN NASHVILLE POLICE DEPT,20150332471,Davidson,Nashville,4/9/2015 8:35:00 AM,1,0,0,36.142490,-86.709950,I 40,,,,0.00,,,,,,,214.20,N,Not at Intersection, ,,,,,         ,Mitchell,McClay,,,no,no,no,no,no,False
100804848,METROPOLITAN NASHVILLE POLICE DEPT,20150332374,Davidson,Nashville,4/9/2015 8:27:00 AM,1,1,0,36.057060,-86.815530,GRANNY WHITE PIKE,,,,127.00,Feet,South,BEDDINGTON PARK,,,,0.00,N,Not at Intersection,N,Non-Junction,None,,,         ,Nathan,Kemp,Clear,Not Collision with Motor Vehicle in Transport,no,no,no,no,no,False
100804855,METROPOLITAN NASHVILLE POLICE DEPT,20150332425,Davidson,Nashville,4/9/2015 8:40:00 AM,2,0,0,36.045420,-86.713170,STATE HWY 254,,,,0.00,,,US HWY 31 ALT,,,,0.00,Y,Four-Way, ,Intersection-Related,None,,,         ,Marc,Haugen,Clear,Front to Rear,no,no,no,no,no,False
100804858,METROPOLITAN NASHVILLE POLICE DEPT,2015-0332199,Davidson,Nashville,4/9/2015 7:17:00 AM,1,0,0,36.101850,-86.779010,CRESTRIDGE DR,,,,88.00,Feet,East,BROOKHAVEN DR,,,,0.00,N,Not at Intersection,N,Non-Junction,None,,,         ,David,Anderson,Clear,Not Collision with Motor Vehicle in Transport,no,no,no,no,no,False