master_record_number,agency,agency_tracking_number,county,city,collision_date,vehicles_involved,number_injured,number_dead,latitude,longitude,roadway_name,roadway_suffix,roadway_number,roadway_local_id,distance_from_reference,miles-feet_indicator,direction_from_reference,intersection_road_name,intersection_road_name_suffix,intersection_road_number,intersection_local_id,mile_marker,intersection_indicator,intersect_type,interchange_related_indicator,relation_to_junction,work_zone_type,construction_maintenance_zone,construction_maintenance_zone_location,fatal_case_number,officer_first_name,officer_last_name,weather_condition(s),manner_of_crash,pedestrian,bicycle,scooter,parking,hitrun,mou
100806506,METROPOLITAN NASHVILLE POLICE DEPT,20150341540,Davidson,Nashville,4/12/2015 4:20:00 AM,1,1,0,36.224480,-86.725580,GALLATIN PIKE,,,,100.00,Feet,North,RIVERWOOD DR,,,,0.00,N,Not at Intersection,N,Non-Junction,None,,,         ,Andrew,Mrosla,Clear,Not Collision with Motor Vehicle in Transport,no,no,no,no,no,False
100806507,METROPOLITAN NASHVILLE POLICE DEPT,20150340955,Davidson,Nashville,4/11/2015 10:36:00 PM,2,3,0,36.171370,-86.769000,INTERSTATE DR,,,,0.00,,,US HWY 31,,,,0.00,Y,Four-Way,N,Intersection,None,,,         ,Kelcey,Bell,Clear,Angle,no,no,no,no,no,False
100806512,BERRY HILL POLICE DEPT,15-1348,Davidson,Berry Hill,4/9/2015 1:18:00 PM,2,0,0,36.121210,-86.776500,KIRKWOOD AVE,,,,304.00,Feet,West,US HWY 31,,,,0.00,N,Not at Intersection, ,"Driveway, Alley Access, etc",None,,,         ,Ronnie,Hill,Cloudy,Angle,no,no,no,no,yes,False
100806514,METROPOLITAN NASHVILLE POLICE DEPT,2015-0341026,Davidson,Nashville,4/12/2015 11:55:00 PM,2,0,0,36.141210,-86.817070,33RD AVE S,,,,0.00,,,US HWY 70S,,,,0.00,Y,OTHER, ,OtherLocation,None,,,         ,Harris,Smith,Clear,HeadOn,no,no,no,no,no,False
100806518,GOODLETTSVILLE POLICE DEPT,15-14112,Davidson,Goodlettsville,4/11/2015 10:30:00 PM,1,1,0,36.303470,-86.707920,,,SR386,,0.60,Miles,West,CONFERENCE,DR,,,0.00,N,Not at Intersection,N,Entrance/Exit Ramp Related,None,,,         ,Andre,Sanders,Clear,Not Collision with Motor Vehicle in Transport,no,no,no,no,no,False
100806519,GOODLETTSVILLE POLICE DEPT,15-14071,Davidson,Goodlettsville,4/11/2015 4:35:00 PM,2,0,0,36.298920,-86.700240,RIVERGATE PKWY,,,,0.00,,,GLANCY ST,,,,0.00,Y,T-Intersection,Y,Intersection,None,,,         ,Michael,Dorris,Clear,Front to Rear,no,no,no,no,no,False
100806522,METROPOLITAN NASHVILLE POLICE DEPT,20150339653,Davidson,Nashville,4/11/2015 1:42:00 PM,2,1,0,36.143500,-86.873860,US HWY 70,,,,148.00,Feet,East,CHARLOTTE ROAD CIR,,,,0.00,N,Not at Intersection,N,Non-Junction,None,,,         ,Ryan,Burger,Clear,Front to Rear,no,no,no,no,no,False
100806523,METROPOLITAN NASHVILLE POLICE DEPT,20150336917,Davidson,Nashville,4/10/2015 2:15:00 PM,2,0,0,36.194290,-86.830650,BUENA VISTA PIKE,,,,85.00,Feet,North,US HWY 41 ALT,,,,0.00,N,Not at Intersection, ,Non-Junction,None,,,         ,Ryan,Caulfield,Clear,Front to Rear,no,no,no,no,no,False
100806530,METROPOLITAN NASHVILLE POLICE DEPT,20150340970,Davidson,Nashville,4/11/2015 10:38:00 PM,2,1,0,36.211390,-86.817520,BUENA VISTA PIKE,,,,0.00,,,STOKERS LN,,,,0.00,Y,Four-Way,N,Intersection,None,,,         ,Charles,Duke,Clear,Angle,no,no,no,no,yes,False
100806531,METROPOLITAN NASHVILLE POLICE DEPT,20150339293,Davidson,Nashville,4/12/2015 8:40:00 AM,1,0,0,36.107120,-86.629790,BELL RD,,,,9.00,Feet,South,NED SHELTON RD,,,,0.00,N,Not at Intersection, ,Non-Junction,None,,,         ,Phillip,Black,Clear,Not Collision with Motor Vehicle in Transport,no,no,no,no,no,False
100806553,METROPOLITAN NASHVILLE POLICE DEPT,20150339669,Davidson,Nashville,4/11/2015 1:20:00 PM,2,0,0,36.163200,-86.837520,42ND AVE N,,,,0.00,,,40TH AVE N,,,,0.00,Y,T-Intersection,N,Intersection,None,,,         ,James,Pierceall,Clear,"Sideswipe, Opposite Direction",no,no,no,no,no,False
100806556,METROPOLITAN NASHVILLE POLICE DEPT,2015-0339622,Davidson,Nashville,4/11/2015 1:15:00 PM,3,0,0,36.050280,-86.874690,STATE HWY 254,,,,202.00,Feet,West,MIDDLETON PARK LN,,,,0.00,N,Not at Intersection,N,Non-Junction,None,,,         ,Brian,Myatt,Clear,Front to Rear,no,no,no,no,no,False
100806558,METROPOLITAN NASHVILLE POLICE DEPT,2015-0325378,Davidson,Nashville,4/7/2015 1:48:00 PM,1,0,0,36.141670,-86.713740,I 40,,,,0.00,,,,,,,214.00,N,Not at Intersection,N,Entrance/Exit Ramp Related,None,,,         ,Jeb,Johnston,Clear,Not Collision with Motor Vehicle in Transport,no,no,no,no,no,False
100806565,METROPOLITAN NASHVILLE POLICE DEPT,2015-0339643,Davidson,Nashville,4/11/2015 1:00:00 PM,2,0,0,36.050910,-86.651020,MOUNT VIEW RD,,,,52.00,Feet,East,CURTIS HOLLOW RD,,,,0.00,N,Not at Intersection,N,"Driveway, Alley Access, etc",None,,,         ,James,Thomas,Clear,Front to Rear,no,no,no,yes,yes,False
100806568,METROPOLITAN NASHVILLE POLICE DEPT,2015-0336705,Davidson,Nashville,4/10/2015 12:58:00 PM,2,0,0,36.190950,-86.614730,OLD LEBANON DIRT RD,,,,143.00,Feet,East,STATE HWY 45,,,,0.00,N,Not at Intersection, ,OtherLocation,None,,,         ,Jeb,Johnston,Clear,"Sideswipe, Same Direction",no,no,no,yes,yes,False
100806570,METROPOLITAN NASHVILLE POLICE DEPT,2015-0341704,Davidson,Nashville,4/12/2015 4:38:00 AM,1,0,0,36.075850,-86.660220,UNA ANTIOCH PIKE,,,,84.00,Feet,West,TREETOP DR,,,,0.00,N,Not at Intersection,N,Non-Junction,None,,,         ,Stanley,Collins,Clear,Not Collision with Motor Vehicle in Transport,no,no,no,no,yes,False
100806578,METROPOLITAN NASHVILLE POLICE DEPT,20150336932,Davidson,Nashville,4/10/2015 2:25:00 PM,2,0,0,36.053800,-86.643310,STATE HWY 254,,,,524.00,Feet,South,ZELIDA AVE,,,,0.00,N,Not at Intersection,N,Non-Junction,None,,,         ,David,Simmonds,Clear,Front to Rear,no,no,no,no,no,False
100806579,METROPOLITAN NASHVILLE POLICE DEPT,20150339635,Davidson,Nashville,4/11/2015 12:16:00 PM,2,0,0,36.043810,-86.712000,US HWY 31 ALT,,,,334.00,Feet,East,BRENTWOOD EAST DR,,,,0.00,N,Not at Intersection,N,Non-Junction,None,,,         ,David,Simmonds,Clear,"Sideswipe, Opposite Direction",no,no,no,yes,yes,False
100806583,METROPOLITAN NASHVILLE POLICE DEPT,20150341846,Davidson,Nashville,4/12/2015 12:00:00 AM,1,0,0,36.151050,-86.590390,PENINSULA PARK LND,,,,226.00,Feet,South,JOHN HAGAR RD,,,,0.00,N,Not at Intersection,N,Non-Junction,None,,,         ,Craig,Carlson,Unknown,Not Collision with Motor Vehicle in Transport,no,no,no,no,yes,False
100806586,METROPOLITAN NASHVILLE POLICE DEPT,20150339575,Davidson,Madison,4/11/2015 12:45:00 PM,2,1,0,0.000000,0.000000,,,I65,,1.00,Miles,North,,,,,94.20,N,Not at Intersection,N,Non-Junction,None,,,         ,Faye,Denson,Clear,Angle,no,no,no,no,no,False
100806600,METROPOLITAN NASHVILLE POLICE DEPT,2015-0332440,Davidson,Nashville,4/9/2015 8:02:00 AM,2,0,0,36.145850,-86.665210,ROYAL PKWY,,,,171.00,Feet,West,CONNECTING ROAD,,,,0.00,N,Not at Intersection, ,Non-Junction,None,,,         ,Jeb,Johnston,Cloudy,Front to Rear,no,no,no,no,no,False
100806618,METROPOLITAN NASHVILLE POLICE DEPT,2015-0332294,Davidson,Nashville,4/9/2015 7:49:00 AM,2,0,0,36.164640,-86.615090,I 40,,,,0.00,,,,,,,220.00,N,Not at Intersection, ,Non-Junction,None,,,         ,Jeb,Johnston,Cloudy,Front to Rear,no,no,no,no,no,False
100806625,METROPOLITAN NASHVILLE POLICE DEPT,2015-0341697,Davidson,Not in City Limit,4/12/2015 6:41:00 AM,1,0,0,36.359050,-86.884370,US HWY 431,,,,611.00,Feet,North,JACKMAN RD,,,,0.00,N,Not at Intersection,N,Non-Junction,None,,,         ,Charles,Kaster,Cloudy,Not Collision with Motor Vehicle in Transport,no,no,no,no,no,False
100806630,GOODLETTSVILLE POLICE DEPT,15-14164,Davidson,Goodlettsville,4/12/2015 5:38:00 AM,1,1,0,36.321120,-86.713200,US HWY 31W,,,,0.00,,,MEMORIAL DR,,,,0.00,Y,Four-Way,N,Intersection,None,,,         ,Benny,Alexander,Clear,Not Collision with Motor Vehicle in Transport,no,no,no,no,no,False
100806635,METROPOLITAN NASHVILLE POLICE DEPT,20150342055,Davidson,Nashville,4/12/2015 11:10:00 AM,2,0,0,36.045430,-86.718360,STATE HWY 254,,,,0.00,,,HICKORY TRACE DR,,,,0.00,Y,T-Intersection, ,Intersection,None,,,         ,Arthur,Hummell,Clear,Angle,no,no,no,no,no,False
100806638,METROPOLITAN NASHVILLE POLICE DEPT,2015-0342023,Davidson,Nashville,4/12/2015 9:20:00 AM,2,0,0,36.144000,-86.818430,WEST END CIR,,,,160.00,Feet,East,MASON AVE,,,,0.00,N,Not at Intersection, ,Non-Junction,None,,,         ,David,Anderson,Clear,Rear to Side,no,no,no,no,no,False
100806644,METROPOLITAN NASHVILLE POLICE DEPT,20150342101,Davidson,Nashville,4/12/2015 11:50:00 AM,2,0,0,36.197500,-86.620140,RAMP,,,,0.00,,,STATE HWY 45,,,,0.00,Y,OTHER, ,Entrance/Exit Ramp Related,None,,,         ,William,Mckay,Clear,Front to Rear,no,no,no,no,no,False
100806645,METROPOLITAN NASHVILLE POLICE DEPT,2015-0328353,Davidson,Nashville,4/8/2015 8:10:00 AM,2,1,0,36.151050,-86.670530,ELM HILL PIKE,,,,0.00,,,OLD ELM HILL PIKE,,,,0.00,Y,T-Intersection,N,Intersection,None,,,         ,Jeb,Johnston,Cloudy,Front to Rear,no,no,no,no,no,False
100806655,METROPOLITAN NASHVILLE POLICE DEPT,20150342142,Davidson,Nashville,4/12/2015 12:29:00 PM,2,0,0,36.169540,-86.601050,EXIT 221B,,,,0.00,,,OLD HICKORY BLVD,,,,0.00,Y,Four-Way, ,Intersection-Related,None,,,         ,Craig,Carlson,Clear,Front to Rear,no,no,no,no,no,False
100806656,METROPOLITAN NASHVILLE POLICE DEPT,2015-0335876,Davidson,Nashville,4/10/2015 7:44:00 AM,2,1,0,36.192660,-86.623330,JUAREZ DR,,,,159.00,Feet,East,US HWY 70,,,,0.00,N,Not at Intersection,N,Non-Junction,None,,,         ,Jeb,Johnston,Rain,HeadOn,no,no,no,no,no,False
100806659,THP District 3 - Nashville,315019545,Davidson,Not in City Limit,4/11/2015 9:00:00 AM,1,0,0,36.353440,-86.868480,GREENBRIER RD,,,,0.00,,,,,,,0.00,,,N,Non-Junction,None,,,         ,Charles,Cooper,Clear,Not Collision with Motor Vehicle in Transport,no,no,no,no,yes,False
100806678,METROPOLITAN NASHVILLE POLICE DEPT,2015-0340920,Davidson,Nashville,4/11/2015 10:04:00 PM,2,0,0,36.246650,-86.721220,US HWY 31E,,,,0.00,,,,,,,0.00,,,N,Non-Junction,None,,,         ,Rachael,Sacco,Clear,Front to Rear,no,no,no,yes,yes,False
100806684,METROPOLITAN NASHVILLE POLICE DEPT,2015-0342103,Davidson,Nashville,4/12/2015 10:51:00 AM,3,0,0,36.057920,-86.715960,US HWY 31 ALT,,,,65.00,Feet,South,CONNECTING ROAD,,,,0.00,N,Not at Intersection,N,Non-Junction,None,,,         ,Stanley,Collins,,Front to Rear,no,no,no,no,yes,False
100806689,METROPOLITAN NASHVILLE POLICE DEPT,20150341729,Davidson,Antioch,4/12/2015 3:00:00 AM,4,0,0,36.016670,-86.621630,-- UNKNOWN RAMP/ROAD --,,,,221.00,Feet,East,I 24,,,,0.00,N,Not at Intersection,N,Non-Junction,None,,,         ,Steven,Snitzer,Clear,Rear to Side,no,no,no,yes,yes,False
100806691,METROPOLITAN NASHVILLE POLICE DEPT,2015-0342126,Davidson,Nashville,4/12/2015 11:55:00 AM,2,1,0,36.185850,-86.775210,I 24,,,,0.00,,,,,,,47.20,N,Not at Intersection,N,Non-Junction,None,,,         ,Kenneth,Bray,Clear,Front to Rear,no,no,no,no,no,False
100806696,GOODLETTSVILLE POLICE DEPT,15-14187,Davidson,Goodlettsville,4/12/2015 12:10:00 PM,1,0,0,36.322590,-86.704240,I 65,,,,0.00,,,,,,,96.90,N,Not at Intersection,N,Non-Junction,None,,,         ,George,Henry,Clear,Not Collision with Motor Vehicle in Transport,no,no,no,no,no,False
100806729,METROPOLITAN NASHVILLE POLICE DEPT,20150335806,Davidson,Nashville,4/10/2015 7:00:00 AM,1,0,0,36.144060,-86.697310,-- UNKNOWN RAMP/ROAD --,,,,0.00,,,I 40,,,,0.00,Y,OTHER, ,,None,,,         ,Terry,Denton,,,no,no,no,no,no,False
100806731,METROPOLITAN NASHVILLE POLICE DEPT,20150342321,Davidson,Nashville,4/12/2015 2:57:00 PM,2,0,0,36.160820,-86.781770,COMMERCE ST,,,,0.00,,,7TH AVE N,,,,0.00,Y,Four-Way,Y,Intersection,None,,,         ,Tyler,Hutton,Clear,HeadOn,no,no,no,no,no,False
100806741,METROPOLITAN NASHVILLE POLICE DEPT,20150342368,Davidson,Nashville,4/12/2015 3:20:00 PM,2,0,0,36.242880,-86.736460,BRIARVILLE RD,,,,128.00,Feet,North,WORTH ST,,,,0.00,N,Not at Intersection,N,Non-Junction,None,,,         ,Rodney,Phipps,Clear,Front to Rear,no,no,no,no,yes,False
100806744,METROPOLITAN NASHVILLE POLICE DEPT,20150342289,Davidson,Nashville,4/12/2015 2:29:00 PM,3,3,0,36.122650,-86.727660,I 24,,,,0.00,,,,,,,52.70,N,Not at Intersection,N,Non-Junction,None,,,         ,Matthew,Johnson,Clear,"Sideswipe, Same Direction",no,no,no,no,no,False
100806748,METROPOLITAN NASHVILLE POLICE DEPT,20150342473,Davidson,Nashville,4/12/2015 3:48:00 PM,2,0,0,36.130330,-86.900670,CABOT DR,,,,65.00,Feet,North,US HWY 70,,,,0.00,N,Not at Intersection, ,,,,,         ,Adam,Reese,,,no,no,no,no,no,False
100806763,METROPOLITAN NASHVILLE POLICE DEPT,2015-0342488,Davidson,Not in City Limit,4/12/2015 4:14:00 PM,2,0,0,36.137280,-86.936270,STATE HWY 251,,,,621.00,Feet,West,STRINGFELLOW RD,,,,0.00,N,Not at Intersection,N,Non-Junction,None,,,         ,Michael,Rogers,Clear,Front to Rear,no,no,no,no,no,False
100806768,METROPOLITAN NASHVILLE POLICE DEPT,20150342390,Davidson,Nashville,4/12/2015 3:27:00 PM,2,0,0,36.170300,-86.772810,N 1ST ST,,,,0.00,,,MAIN ST,,,,0.00,Y,Four-Way,N,Non-Junction,None,,,         ,Seth,Oden,Clear,Front to Rear,no,no,no,no,no,False
100806779,METROPOLITAN NASHVILLE POLICE DEPT,20150342569,Davidson,Antioch,4/12/2015 5:07:00 PM,2,0,0,36.046730,-86.610790,US HWY 41,,,,1890.00,Feet,North,STATE HWY 171,,,,0.00,N,Not at Intersection,N,Non-Junction,None,,,         ,Kevin,Keating,Clear,"Sideswipe, Same Direction",no,no,no,no,no,False
100806784,METROPOLITAN NASHVILLE POLICE DEPT,20150342516,Davidson,Nashville,4/12/2015 4:31:00 PM,2,0,0,36.093530,-86.624850,BELL RD,,,,139.00,Feet,South,HARBOR LIGHTS DR,,,,0.00,N,Not at Intersection,N,Non-Junction,None,,,         ,Thomas,Barnes,Clear,Front to Rear,no,no,no,no,no,False
100806811,METROPOLITAN NASHVILLE POLICE DEPT,20150342668,Davidson,Nashville,4/12/2015 5:59:00 PM,1,1,0,36.180460,-86.757200,MYRTLE ST,,,,0.00,,,,,,,0.00,,OTHER,N,Non-Junction,None,,,         ,Austin,Kendrick,Clear,Not Collision with Motor Vehicle in Transport,yes,no,no,yes,no,False
100806827,METROPOLITAN NASHVILLE POLICE DEPT,20150342796,Davidson,Antioch,4/12/2015 7:00:00 PM,2,0,0,0.000000,0.000000,6900 LENOX VILLAGE DR,DR,,,200.00,Feet,North,BIENVILLE,DR,,,0.00,N,Not at Intersection, ,Non-Junction,None,,,         ,David,Collins,Clear,Unknown,no,no,no,no,yes,False
100806830,METROPOLITAN NASHVILLE POLICE DEPT,20150342708,Davidson,Goodlettsville,4/12/2015 6:23:00 PM,2,0,0,36.302150,-86.692680,TWIN HILLS DR,,,,0.00,,,US HWY 31E,,,,0.00,Y,T-Intersection, ,Non-Junction,None,,,         ,Ryan,Stanford,Clear,Angle,no,no,no,no,no,False
100806841,METROPOLITAN NASHVILLE POLICE DEPT,20150342594,Davidson,Not in City Limit,4/12/2015 5:23:00 PM,2,2,0,36.263060,-86.711910,STATE HWY 45,,,,0.00,,,US HWY 31E,,,,0.00,Y,Four-Way,N,Intersection,None,,,         ,Rodney,Phipps,Clear,"Sideswipe, Same Direction",no,no,no,no,no,False
100806858,METROPOLITAN NASHVILLE POLICE DEPT,20150342310,Davidson,Nashville,4/12/2015 12:45:00 PM,2,0,0,36.089960,-86.737060,ZOO RD,,,,996.00,Feet,West,US HWY 31 ALT,,,,0.00,N,Not at Intersection,N,Non-Junction,None,,,         ,Miguel,Garcia,Clear,"Sideswipe, Same Direction",no,no,no,yes,yes,False
100806859,METROPOLITAN NASHVILLE POLICE DEPT,20150342921,Davidson,Nashville,4/12/2015 9:00:00 PM,2,1,0,36.079170,-86.726480,RAMP,,,,0.00,,,US HWY 31 ALT,,,,0.00,Y,Four-Way,N,Intersection-Related,None,,,         ,Miguel,Garcia,Clear,Front to Rear,no,no,no,no,yes,False
100806866,METROPOLITAN NASHVILLE POLICE DEPT,20150342559,Davidson,Nashville,4/12/2015 5:01:00 PM,2,0,0,36.070280,-86.684530,HAYWOOD LN,,,,0.00,,,ANTIOCH PIKE,,,,0.00,Y,Four-Way, ,Intersection,None,,,         ,Natalie,Robinson,Clear,Front to Rear,no,no,no,no,no,False
100806899,METROPOLITAN NASHVILLE POLICE DEPT,20150343255,Davidson,Nashville,4/13/2015 11:34:00 PM,2,0,0,36.169630,-86.821280,HEIMAN ST,,,,0.00,,,ED TEMPLE BLVD,,,,0.00,Y,Four-Way, ,Intersection-Related,None,,,         ,Alex,Marchak,Clear,"Sideswipe, Opposite Direction",no,no,no,no,no,False
100806902,METROPOLITAN NASHVILLE POLICE DEPT,20150343303,Davidson,Nashville,4/13/2015 12:07:00 AM,1,0,0,36.042360,-86.837390,STATE HWY 254,,,,0.00,,,DERBY GLEN LN,,,,0.00,Y,T-Intersection, ,Non-Junction,None,,,         ,David,Perez,Clear,Not Collision with Motor Vehicle in Transport,no,no,no,no,no,False
100806909,METROPOLITAN NASHVILLE POLICE DEPT,20150335487,Davidson,Nashville,4/10/2015 3:20:00 AM,1,0,0,36.219510,-86.877420,CATO RD,,,,431.00,Feet,West,CATO RIDGE DR,,,,0.00,N,Not at Intersection,N,Non-Junction,None,,,         ,Eric,Mumaw,Rain,Not Collision with Motor Vehicle in Transport,no,no,no,no,no,False
100806913,METROPOLITAN NASHVILLE POLICE DEPT,2015343594,Davidson,Nashville,4/13/2015 2:44:00 AM,1,0,0,36.229350,-86.603210,SHUTE LN,,,,1433.00,Feet,East,BRANDYWINE POINT BLVD,,,,0.00,N,Not at Intersection, ,Non-Junction,None,,,         ,Raymond,Heymann,Clear,Not Collision with Motor Vehicle in Transport,no,no,no,no,no,False
100806920,METROPOLITAN NASHVILLE POLICE DEPT,20150343370,Davidson,Nashville,4/13/2015 12:53:00 AM,2,0,0,36.174710,-86.614230,STATE HWY 265,,,,0.00,,,DODSON CHAPEL RD,,,,0.00,Y,Four-Way,N,Intersection,None,,,         ,Roy,McElwee,Clear,"Sideswipe, Opposite Direction",no,no,no,no,no,False
100806924,METROPOLITAN NASHVILLE POLICE DEPT,2015-0338821,Davidson,Nashville,4/11/2015 2:40:00 AM,4,1,0,36.246270,-86.721420,US HWY 31E,,,,153.00,Feet,South,BERKLEY DR,,,,0.00,N,Not at Intersection,N,Non-Junction,None,,,         ,Michael,Johnson,Clear,Angle,no,no,no,no,no,False
100806927,METROPOLITAN NASHVILLE POLICE DEPT,20150343072,Davidson,Nashville,4/12/2015 10:21:00 PM,2,0,0,36.167000,-86.763720,SHELBY AVE,,,,0.00,,,S 4TH ST,,,,0.00,Y,Four-Way, ,Non-Junction,None,,,         ,Christopher,Dameron,Clear,Other,no,no,no,no,no,False
100806934,METROPOLITAN NASHVILLE POLICE DEPT,20150341336,Davidson,Nashville,4/11/2015 10:50:00 PM,2,1,0,36.048980,-86.665070,I 24,,,,0.00,,,,,,,59.00,N,Not at Intersection,N,Non-Junction,None,,,         ,Justin,McCormick,Clear,Front to Rear,no,no,no,no,yes,False
100806954,METROPOLITAN NASHVILLE POLICE DEPT,20150342274,Davidson,Nashville,4/12/2015 2:09:00 PM,2,0,0,36.160830,-86.774460,2ND AVE S,,,,0.00,,,SHELBY STREET BRIDGE,,,,0.00,Y,OTHER, ,,None,,,         ,Bryan,Birdwell,,,no,no,no,no,no,False
100806956,METROPOLITAN NASHVILLE POLICE DEPT,2015-0332534,Davidson,Nashville,4/9/2015 9:33:00 AM,2,0,0,36.106110,-86.672790,US HWY 41,,,,77.00,Feet,East,RAMP,,,,0.00,N,Not at Intersection, ,Non-Junction,None,,,         ,Jeb,Johnston,Cloudy,"Sideswipe, Same Direction",no,no,no,no,no,False
100806960,METROPOLITAN NASHVILLE POLICE DEPT,2015-0341424,Davidson,Nashville,4/12/2015 2:38:00 AM,2,0,0,36.163470,-86.783500,7TH AVE N,,,,0.00,,,UNION ST,,,,0.00,Y,Four-Way, ,Intersection-Related,None,,,         ,Jared,Zwilling,Clear,Front to Rear,no,no,no,no,yes,False
100806961,METROPOLITAN NASHVILLE POLICE DEPT,20150342176,Davidson,Nashville,4/12/2015 12:52:00 PM,3,2,0,36.259560,-86.738250,I 65,,,,0.00,,,,,,,91.90,N,Not at Intersection,N,Non-Junction,None,,,         ,Nicholas,Truan,Clear,Front to Rear,no,no,no,no,no,False
100806966,METROPOLITAN NASHVILLE POLICE DEPT,2015-0343836,Davidson,Nashville,4/13/2015 6:03:00 AM,2,2,0,36.170790,-86.601600,STATE HWY 45,,,,0.00,Feet,,RAMP,,,,0.00,Y,Four-Way,N,Intersection,None,,,         ,Jeb,Johnston,Cloudy,HeadOn,no,no,no,no,no,False
100806987,METROPOLITAN NASHVILLE POLICE DEPT,20150344057,Davidson,Nashville,4/13/2015 7:44:00 AM,2,0,0,36.105980,-86.742680,US HWY 31 ALT,,,,158.00,Feet,South,MORTON AVE,,,,0.00,N,Not at Intersection, ,,None,,,         ,Brandon,Tennant,,,no,no,no,no,no,False
100806989,METROPOLITAN NASHVILLE POLICE DEPT,20150343939,Davidson,Nashville,4/13/2015 7:03:00 AM,2,0,0,36.136550,-86.724560,SPENCE LN,,,,133.00,Feet,North,RAMP,,,,0.00,N,Not at Intersection, ,"Driveway, Alley Access, etc",None,,,         ,Douglas,Sykes,Cloudy,HeadOn,no,no,no,no,no,False
100806992,METROPOLITAN NASHVILLE POLICE DEPT,20150343956,Davidson,Nashville,4/13/2015 7:03:00 AM,2,0,0,36.201330,-86.776850,I 65,,,,0.00,,,,,,,87.00,N,Not at Intersection,N,Non-Junction,None,,,         ,Nathan,Mayo,Cloudy,Front to Rear,no,no,no,no,no,False
100806997,METROPOLITAN NASHVILLE POLICE DEPT,20150344076,Davidson,Nashville,4/13/2015 7:50:00 AM,2,0,0,36.252010,-86.740160,I 65,,,,0.00,,,,,,,91.35,N,Not at Intersection, ,Non-Junction,None,,,         ,Jordan,Lowry,Cloudy,Front to Rear,no,no,no,no,no,False
100807013,METROPOLITAN NASHVILLE POLICE DEPT,20150344108,Davidson,Nashville,4/13/2015 8:00:00 AM,2,0,0,36.170450,-86.768460,INTERSTATE DR,,,,0.00,,,WOODLAND ST,,,,0.00,Y,Four-Way, ,,None,,,         ,Johnny,Crumby Jr.,,,no,no,no,no,no,False
100807023,METROPOLITAN NASHVILLE POLICE DEPT,20150343952,Davidson,Nashville,4/13/2015 7:06:00 AM,2,2,0,36.142160,-86.666670,STATE HWY 255,,,,0.00,,,RAMP,,,,0.00,Y,Four-Way,N,Intersection,None,,,         ,James,Curtis,Cloudy,Angle,no,no,no,no,no,False
100807024,METROPOLITAN NASHVILLE POLICE DEPT,20150344244,Davidson,Nashville,4/13/2015 7:52:00 AM,3,1,0,36.166410,-86.817120,I 40,,,,0.00,,,,,,,206.65,N,Not at Intersection,N,Non-Junction,None,,,         ,Ky,Luu,Cloudy,Front to Rear,no,no,no,no,no,False
100807025,METROPOLITAN NASHVILLE POLICE DEPT,20150344148,Davidson,Nashville,4/13/2015 8:15:00 AM,2,0,0,36.133360,-86.726740,I 24,,,,0.00,,,,,,,52.05,N,Not at Intersection, ,Non-Junction,None,,,         ,Ian,Hammond,Cloudy,Front to Rear,no,no,no,no,no,False
100807026,METROPOLITAN NASHVILLE POLICE DEPT,20150342262,Davidson,Nashville,4/12/2015 2:00:00 PM,2,0,0,36.081010,-86.757500,STATE HWY 255,,,,0.00,,,RAMP,,,,0.00,Y,Four-Way, ,,None,,,         ,Gary,Sneed,,,no,no,no,no,no,False
100807031,METROPOLITAN NASHVILLE POLICE DEPT,2015-0343904,Davidson,Nashville,4/13/2015 6:45:00 AM,2,0,0,36.192430,-86.752800,US HWY 31E,,,,165.00,Feet,East,MCFERRIN AVE,,,,0.00,N,Not at Intersection, ,,None,,,         ,Coleman,Womack,,,no,no,no,no,no,False
100807033,METROPOLITAN NASHVILLE POLICE DEPT,20150344367,Davidson,Nashville,4/13/2015 9:28:00 AM,2,0,0,36.145850,-86.797300,19TH AVE S,,,,0.00,,,SCARRITT PL,,,,0.00,Y,T-Intersection, ,,Work Zone,,,         ,Nathan,Kemp,,,no,no,no,no,no,Campus
100807036,METROPOLITAN NASHVILLE POLICE DEPT,2015-343915,Davidson,Antioch,4/13/2015 6:40:00 AM,1,0,0,36.033900,-86.596720,US HWY 41,,,,1121.00,Feet,North,PARKS RETREAT DR,,,,0.00,N,Not at Intersection,N,Non-Junction,None,,,         ,James,Grady,Cloudy,Not Collision with Motor Vehicle in Transport,no,no,no,no,no,False
100807037,METROPOLITAN NASHVILLE POLICE DEPT,20150324407,Davidson,Nashville,4/7/2015 8:09:00 AM,4,5,0,36.099670,-86.625390,BELL RD,,,,1623.00,Feet,North,WINWARD CT,,,,0.00,N,Not at Intersection,N,Non-Junction,None,,,         ,James,Curtis,Clear,"Sideswipe, Opposite Direction",no,no,no,no,no,False
100807051,METROPOLITAN NASHVILLE POLICE DEPT,20150336674,Davidson,Nashville,4/10/2015 12:46:00 PM,2,0,0,36.147590,-86.666250,STATE HWY 255,,,,427.00,Feet,South,ELM HILL PIKE,,,,0.00,N,Not at Intersection, ,Non-Junction,None,,,         ,James,Curtis,Clear,Angle,no,no,no,no,no,False
100807053,METROPOLITAN NASHVILLE POLICE DEPT,2015-0344043,Davidson,Nashville,4/13/2015 7:45:00 AM,2,0,0,36.201500,-86.751190,US HWY 31E,,,,0.00,,,-- UNKNOWN RAMP/ROAD --,,,,0.00,Y,OTHER, ,Non-Junction,None,,,         ,Coleman,Womack,Cloudy,Front to Rear,no,no,no,no,no,False
100807055,METROPOLITAN NASHVILLE POLICE DEPT,2015-0344254,Davidson,Nashville,4/13/2015 8:20:00 AM,2,0,0,36.164060,-86.762880,I 24,,,,0.00,,,,,,,49.15,N,Not at Intersection, ,Entrance/Exit Ramp Related,None,,,         ,Paul,Sorace,Cloudy,Front to Rear,no,no,no,no,yes,False