master_record_number,agency,agency_tracking_number,county,city,collision_date,vehicles_involved,number_injured,number_dead,latitude,longitude,roadway_name,roadway_suffix,roadway_number,roadway_local_id,distance_from_reference,miles-feet_indicator,direction_from_reference,intersection_road_name,intersection_road_name_suffix,intersection_road_number,intersection_local_id,mile_marker,intersection_indicator,intersect_type,interchange_related_indicator,relation_to_junction,work_zone_type,construction_maintenance_zone,construction_maintenance_zone_location,fatal_case_number,officer_first_name,officer_last_name,weather_condition(s),manner_of_crash,pedestrian,bicycle,scooter,parking,hitrun,mou
100807067,METROPOLITAN NASHVILLE POLICE DEPT,20150344439,Davidson,Nashville,4/13/2015 10:03:00 AM,2,0,0,36.119660,-86.808710,STOKES LN,,,,0.00,,,US HWY 431,,,,0.00,Y,T-Intersection, ,Intersection-Related,None,,,         ,Mikala,Moore,Cloudy,"Sideswipe, Same Direction",no,no,no,no,no,False
100807068,METROPOLITAN NASHVILLE POLICE DEPT,2015-0344289,Davidson,Nashville,4/13/2015 9:00:00 AM,1,0,0,36.229990,-86.762570,EWING DR,,,,999.00,Feet,West,BROADMOOR DR,,,,0.00,N,Not at Intersection,N,Non-Junction,None,,,         ,Coleman,Womack,Cloudy,Not Collision with Motor Vehicle in Transport,no,no,no,no,no,False
100807081,METROPOLITAN NASHVILLE POLICE DEPT,2015-0344506,Davidson,Nashville,4/13/2015 10:45:00 AM,2,2,0,36.153280,-86.772180,4TH AVE S,,,,0.00,,,ELM ST,,,,0.00,Y,Four-Way,N,Intersection,None,,,         ,Charles,Coe,Cloudy,Angle,no,no,no,no,no,False
100807088,METROPOLITAN NASHVILLE POLICE DEPT,2015-0336883,Davidson,Nashville,4/10/2015 12:00:00 AM,2,0,0,36.106040,-86.814780,ABBOTT MARTIN RD,,,,283.00,Feet,West,US HWY 431,,,,0.00,N,Not at Intersection,N,Non-Junction,None,,,         ,Walter,Gray II,Cloudy,Unknown,no,no,no,yes,yes,False
100807089,METROPOLITAN NASHVILLE POLICE DEPT,20150344578,Davidson,Nashville,4/13/2015 10:00:00 AM,1,0,0,36.238160,-86.782750,STATE HWY 155,,,,0.00,,,-- UNKNOWN RAMP/ROAD --,,,,0.00,Y,OTHER, ,,None,,,         ,Jeffery,Burnette,,,no,no,no,no,no,False
100807093,METROPOLITAN NASHVILLE POLICE DEPT,2015-343910,Davidson,Antioch,4/13/2015 6:45:00 AM,2,0,0,36.065010,-86.590340,STATE HWY 171,,,,1128.00,Feet,North,BEACHMIST WAY,,,,0.00,N,Not at Intersection, ,Non-Junction,None,,,         ,James,Grady,Cloudy,Other,no,no,no,no,no,False
100807101,METROPOLITAN NASHVILLE POLICE DEPT,20150344410,Davidson,Madison,4/13/2015 9:51:00 AM,2,1,0,0.000000,0.000000,,,US31,,0.00,,,,,US,,0.00,Y,Four-Way,N,Intersection-Related,None,,,         ,Faye,Denson,Clear,Angle,no,no,no,no,no,False
100807123,METROPOLITAN NASHVILLE POLICE DEPT,20150344726,Davidson,Nashville,4/13/2015 9:30:00 AM,2,0,0,36.067610,-86.718590,US HWY 31 ALT,,,,260.00,Feet,South,HAYWOOD LN,,,,0.00,N,Not at Intersection,N,Non-Junction,None,,,         ,Kenneth,Alexandrow,Clear,Angle,no,no,no,no,no,False
100807126,METROPOLITAN NASHVILLE POLICE DEPT,20150344372,Davidson,Nashville,4/13/2015 9:34:00 AM,3,0,0,36.153430,-86.787630,I 40,,,,0.00,,,,,,,209.35,N,Not at Intersection,N,Non-Junction,None,,,         ,Joshua,Hollins,Cloudy,Front to Rear,no,no,no,no,no,False
100807134,METROPOLITAN NASHVILLE POLICE DEPT,20150335922,Davidson,Nashville,4/10/2015 7:55:00 AM,3,1,0,36.144160,-86.738670,I 40,,,,0.00,,,,,,,212.40,N,Not at Intersection,N,Non-Junction,None,,,         ,James,Curtis,Rain,Front to Rear,no,no,no,no,no,False
100807138,METROPOLITAN NASHVILLE POLICE DEPT,20150344501,Davidson,Nashville,4/13/2015 10:30:00 AM,2,0,0,36.169470,-86.806610,DR DB TODD JR BLVD,,,,4.00,Feet,North,JEFFERSON ST,,,,0.00,N,Not at Intersection, ,Non-Junction,None,,,         ,Ernie,Wilson,Cloudy,"Sideswipe, Same Direction",no,no,no,no,yes,False
100807140,METROPOLITAN NASHVILLE POLICE DEPT,20150344647,Davidson,Nashville,4/13/2015 11:18:00 AM,1,1,0,36.148750,-86.762170,US HWY 41,,,,100.00,Feet,East,CHARLES E DAVIS BLVD,,,,0.00,N,Not at Intersection,N,Non-Junction,None,,,         ,Christopher,Hanor,Cloudy,Not Collision with Motor Vehicle in Transport,yes,no,no,yes,yes,False
100807141,METROPOLITAN NASHVILLE POLICE DEPT,2015-0344532,Davidson,Nashville,4/13/2015 10:30:00 AM,2,0,0,36.116340,-86.697380,US HWY 41,,,,0.00,,,MCGAVOCK PIKE,,,,0.00,Y,Four-Way, ,Intersection,None,,,         ,James,Grady,Cloudy,"Sideswipe, Same Direction",no,no,no,no,no,False
100807149,METROPOLITAN NASHVILLE POLICE DEPT,2015-0344771,Davidson,Nashville,4/13/2015 11:55:00 AM,2,0,0,36.225410,-86.746030,US HWY 31E,,,,1973.00,Feet,South,BROADMOOR DR,,,,0.00,N,Not at Intersection, ,Non-Junction,None,,,         ,Coleman,Womack,Cloudy,"Sideswipe, Same Direction",no,no,no,no,no,False
100807150,METROPOLITAN NASHVILLE POLICE DEPT,20150344553,Davidson,Nashville,4/13/2015 10:44:00 AM,2,0,0,36.139380,-86.819130,US HWY 70S,,,,0.00,,,MURPHY RD,,,,0.00,Y,Four-Way, ,,None,,,         ,Nathan,Kemp,,,no,no,no,no,no,False
100807151,METROPOLITAN NASHVILLE POLICE DEPT,20150344817,Davidson,Nashville,4/13/2015 12:02:00 PM,2,1,0,36.115050,-86.747330,US HWY 31 ALT,,,,170.00,Feet,South,WHITSETT RD,,,,0.00,N,Not at Intersection,N,Non-Junction,None,,,         ,Nathan,Kemp,Clear,Rear to Side,no,no,no,no,no,False
100807158,METROPOLITAN NASHVILLE POLICE DEPT,2015-0345067,Davidson,Not in City Limit,4/13/2015 1:20:00 PM,1,0,0,36.100940,-86.934520,I 40,,,,0.00,,,,,,,198.25,N,Not at Intersection,N,Non-Junction,None,,,         ,Curtis,Rich,Rain,Not Collision with Motor Vehicle in Transport,no,no,no,no,no,False
100807160,METROPOLITAN NASHVILLE POLICE DEPT,20150344911,Davidson,Nashville,4/13/2015 12:00:00 PM,1,0,0,36.079780,-86.720340,RECOVERY RD,,,,253.00,Feet,North,WALLACE RD,,,,0.00,N,Not at Intersection,N,Non-Junction,None,,,         ,Kevin,Caperton,Rain,Not Collision with Motor Vehicle in Transport,no,no,no,no,no,False
100807162,METROPOLITAN NASHVILLE POLICE DEPT,20150344963,Davidson,Nashville,4/13/2015 11:55:00 AM,1,0,0,36.079940,-86.720220,RECOVERY RD,,,,319.00,Feet,North,STATE HWY 255,,,,0.00,N,Not at Intersection,N,Non-Junction,None,,,         ,Richard,Olive,Rain,Not Collision with Motor Vehicle in Transport,no,no,no,no,no,False
100807169,METROPOLITAN NASHVILLE POLICE DEPT,2013-0345158,Davidson,Nashville,4/13/2015 1:50:00 PM,1,0,0,36.170410,-86.797820,I 40,,,,0.00,,,,,,,208.00,N,Not at Intersection,N,Non-Junction,None,,,         ,Paul,Sorace,Rain,Not Collision with Motor Vehicle in Transport,no,no,no,no,no,False
100807179,METROPOLITAN NASHVILLE POLICE DEPT,20150344776,Davidson,Nashville,4/13/2015 11:14:00 AM,1,1,0,36.213320,-86.813400,WILLIAM BAILEY DR,,,,480.00,Feet,North,CHATEAU VALLEY DR,,,,0.00,N,Not at Intersection,N,Non-Junction,None,,,         ,Nicholas,Truan,Cloudy,Not Collision with Motor Vehicle in Transport,yes,no,no,yes,yes,False
100807185,METROPOLITAN NASHVILLE POLICE DEPT,15-0344881,Davidson,Nashville,4/13/2015 12:35:00 PM,2,2,0,36.168570,-86.785260,6TH AVE N,,,,0.00,,,US HWY 31,,,,0.00,Y,T-Intersection,N,Intersection,None,,,         ,Frank,Campbell,Cloudy,Front to Rear,no,no,no,no,no,False
100807190,VANDERBILT UNIVERSITY POLICE,15-344394,Davidson,Nashville,4/13/2015 9:25:00 AM,1,0,0,36.150420,-86.801160,21ST AVE S,,,,0.00,,,,,,,0.00,,,N,Intersection-Related,None,,,         ,Jason,Bates,Cloudy,Not Collision with Motor Vehicle in Transport,no,no,no,no,no,Campus
100807192,METROPOLITAN NASHVILLE POLICE DEPT,20150342372,Davidson,Nashville,4/12/2015 3:10:00 PM,2,0,0,36.213590,-86.764500,DELLWAY VILLA RD,,,,0.00,,,US HWY 31W,,,,0.00,Y,T-Intersection,N,Intersection-Related,None,,,         ,Paul,Stein,,Angle,no,no,no,no,no,False
100807207,METROPOLITAN NASHVILLE POLICE DEPT,20150345216,Davidson,Nashville,4/13/2015 2:29:00 PM,2,0,0,36.153290,-86.721560,SPENCE LN,,,,144.00,Feet,South,US HWY 70,,,,0.00,N,Not at Intersection, ,Non-Junction,None,,,         ,Wesley,Young,Rain,Front to Rear,no,no,no,no,no,False
100807211,METROPOLITAN NASHVILLE POLICE DEPT,2015-0340138,Davidson,Nashville,4/11/2015 1:00:00 PM,1,1,0,36.142740,-86.787020,EDGEHILL AVE,,,,0.00,,,12TH AVE S,,,,0.00,Y,Four-Way,N,Non-Junction,None,,,         ,Benjamin,Smith,Unknown,Not Collision with Motor Vehicle in Transport,no,yes,no,no,no,False
100807216,METROPOLITAN NASHVILLE POLICE DEPT,20150345295,Davidson,Nashville,4/13/2015 3:00:00 PM,2,0,0,36.114630,-86.647270,COUCHVILLE PIKE,,,,0.00,,,REYNOLDS RD,,,,0.00,Y,T-Intersection, ,Intersection-Related,None,,,         ,Michael,Apsey,Rain,Angle,no,no,no,no,no,False
100807220,METROPOLITAN NASHVILLE POLICE DEPT,20150345336,Davidson,Nashville,4/13/2015 3:04:00 PM,2,0,0,36.141260,-86.814480,31ST AVE S,,,,0.00,,,VANDERBILT PL,,,,0.00,Y,Four-Way, ,Intersection-Related,None,,,         ,Tien,Nguyen,Rain,Front to Rear,no,no,no,no,no,Campus
100807222,METROPOLITAN NASHVILLE POLICE DEPT,20150345269,Davidson,Nashville,4/13/2015 2:52:00 PM,1,0,0,36.172460,-86.768770,EXIT 48,,,,100.00,Feet,North,I 24,,,,0.00,N,Not at Intersection,N,Entrance/Exit Ramp Related,None,,,         ,Whitney,Arnold,Rain,Not Collision with Motor Vehicle in Transport,no,no,no,no,no,False
100807233,METROPOLITAN NASHVILLE POLICE DEPT,20150345420,Davidson,Nashville,4/13/2015 3:30:00 PM,2,0,0,36.215110,-86.597010,US HWY 70,,,,88.00,Feet,East,RAMP,,,,0.00,N,Not at Intersection, ,,None,,,         ,John,Kelley,,,no,no,no,no,no,False
100807240,METROPOLITAN NASHVILLE POLICE DEPT,20150345212,Davidson,Nashville,4/13/2015 2:15:00 PM,2,0,0,36.079200,-86.632760,BELL RD,,,,93.00,Feet,West,EDGE O LAKE DR,,,,0.00,N,Not at Intersection, ,Non-Junction,None,,,         ,Thomas,Barnes,Rain,Front to Rear,no,no,no,no,no,False
100807245,METROPOLITAN NASHVILLE POLICE DEPT,20150345509,Davidson,Nashville,4/13/2015 4:04:00 PM,2,1,0,36.142160,-86.666670,STATE HWY 255,,,,0.00,,,RAMP,,,,0.00,Y,OTHER,N,Intersection-Related,None,,,         ,Michael,Apsey,Rain,Front to Rear,no,no,no,no,no,False
100807250,METROPOLITAN NASHVILLE POLICE DEPT,20150345311,Davidson,Nashville,4/13/2015 3:03:00 PM,1,4,0,36.081280,-86.639610,EDGE O LAKE DR,,,,305.00,Feet,South,DEERPATH DR,,,,0.00,N,Not at Intersection,N,Non-Junction,None,,,         ,James,Tidwell,Rain,Not Collision with Motor Vehicle in Transport,no,no,no,no,no,False
100807253,METROPOLITAN NASHVILLE POLICE DEPT,20150345373,Davidson,Nashville,4/13/2015 3:24:00 PM,1,0,0,36.103830,-86.869740,CONNECTING ROAD,,,,76.00,Feet,West,US HWY 70S,,,,0.00,N,Not at Intersection, ,Rail Grade Crossing,None,,,         ,Adam,Reese,Rain,Not Collision with Motor Vehicle in Transport,no,no,no,no,no,False
100807260,METROPOLITAN NASHVILLE POLICE DEPT,20150345567,Davidson,Nashville,4/13/2015 4:13:00 PM,2,0,0,36.169120,-86.668880,US HWY 70,,,,1345.00,Feet,West,OLD LEBANON PIKE,,,,0.00,N,Not at Intersection, ,Non-Junction,None,,,         ,Leslie,Hale,Cloudy,Angle,no,no,no,no,no,False
100807262,METROPOLITAN NASHVILLE POLICE DEPT,20150345389,Davidson,Nashville,4/13/2015 3:20:00 PM,2,0,0,36.083620,-86.727550,US HWY 31 ALT,,,,350.00,Feet,North,WELSHWOOD DR,,,,0.00,N,Not at Intersection, ,Non-Junction,None,,,         ,Peter,Knisley,Rain,Front to Rear,no,no,no,no,no,False
100807266,METROPOLITAN NASHVILLE POLICE DEPT,2015-0345339,Davidson,Nashville,4/13/2015 2:54:00 PM,2,0,0,36.125910,-86.848550,STATE HWY 155,,,,217.00,Feet,North,US HWY 70S,,,,0.00,N,Not at Intersection, ,Non-Junction,None,,,         ,Walter,Gray II,Rain,"Sideswipe, Same Direction",no,no,no,no,no,False
100807267,METROPOLITAN NASHVILLE POLICE DEPT,20150345477,Davidson,Nashville,4/13/2015 3:44:00 PM,2,0,0,36.108940,-86.773320,RAMP,,,,0.00,,,I 65,,,,0.00,Y,OTHER, ,Intersection-Related,None,,,         ,Nicholas,Smith,Rain,Front to Rear,no,no,no,no,no,False
100807275,METROPOLITAN NASHVILLE POLICE DEPT,20150345454,Davidson,Nashville,4/13/2015 3:18:00 PM,2,0,0,0.000000,0.000000,FISK,ST,,,150.00,Feet,North,CHARLOTTE,AVE,,,0.00,N,Not at Intersection, ,Non-Junction,None,,,         ,Josh,Baney,Rain,Front to Rear,no,no,no,no,no,False
100807300,METROPOLITAN NASHVILLE POLICE DEPT,20150345226,Davidson,Nashville,4/13/2015 2:19:00 PM,2,0,0,36.146020,-86.799540,US HWY 431,,,,0.00,,,SCARRITT PL,,,,0.00,Y,Four-Way,N,Intersection-Related,None,,,         ,Tien,Nguyen,Rain,"Sideswipe, Same Direction",no,no,no,no,no,Campus
100807301,METROPOLITAN NASHVILLE POLICE DEPT,20150345628,Davidson,Nashville,4/13/2015 4:44:00 PM,2,0,0,36.142610,-86.815490,31ST AVE S,,,,0.00,,,US HWY 70S,,,,0.00,Y,Four-Way, ,Intersection-Related,None,,,         ,Tien,Nguyen,Clear,"Sideswipe, Same Direction",no,no,no,no,no,Campus
100807302,METROPOLITAN NASHVILLE POLICE DEPT,20150345655,Davidson,Nashville,4/13/2015 5:20:00 PM,2,0,0,36.168350,-86.687980,RAMP,,,,0.00,,,US HWY 70,,,,0.00,Y,T-Intersection, ,,,,,         ,Austin,Childress,,,no,no,no,no,no,False
100807304,METROPOLITAN NASHVILLE POLICE DEPT,20150345370,Davidson,Not in City Limit,4/13/2015 3:22:00 PM,3,0,0,36.264340,-86.690250,MYATT DR,,,,99.00,Feet,North,STATE HWY 45,,,,0.00,N,Not at Intersection,N,Non-Junction,None,,,         ,Byron,Dewalt,Rain,"Sideswipe, Same Direction",no,no,no,no,no,False
100807306,METROPOLITAN NASHVILLE POLICE DEPT,20150345291,Davidson,Nashville,4/13/2015 2:35:00 PM,2,0,0,36.177760,-86.805940,WHELESS ST,,,,0.00,,,14TH AVE N,,,,0.00,Y,Four-Way,N,Intersection,None,,,         ,Ashton,Hill,Rain,Angle,no,no,no,no,no,False
100807314,METROPOLITAN NASHVILLE POLICE DEPT,20150345595,Davidson,Nashville,4/13/2015 4:30:00 PM,2,0,0,36.085190,-86.728440,US HWY 31 ALT,,,,167.00,Feet,North,PARAGON MILLS RD,,,,0.00,N,Not at Intersection, ,Non-Junction,None,,,         ,Matthew,Johnson,Cloudy,Front to Rear,no,no,no,no,no,False
100807315,METROPOLITAN NASHVILLE POLICE DEPT,20150345353,Davidson,Nashville,4/13/2015 3:15:00 PM,2,0,0,36.255120,-86.749200,DUE WEST AVE N,,,,352.00,Feet,East,DUE WEST VALLEY DR,,,,0.00,N,Not at Intersection,N,Non-Junction,None,,,         ,Ryan,Stanford,Rain,Front to Rear,no,no,no,no,no,False
100807316,METROPOLITAN NASHVILLE POLICE DEPT,20150345695,Davidson,Nashville,4/13/2015 4:57:00 PM,2,0,0,36.153330,-86.795330,US HWY 70S,,,,300.00,Feet,West,17TH AVE S,,,,0.00,N,Not at Intersection,N,Non-Junction,None,,,         ,Timothy,Miller,Cloudy,"Sideswipe, Same Direction",no,no,no,no,yes,False
100807318,METROPOLITAN NASHVILLE POLICE DEPT,20150345623,Davidson,Nashville,4/13/2015 3:20:00 PM,2,0,0,0.000000,0.000000,17TH AVE N,,,,150.00,Feet,North,CHARLOTTE AVE,,,,0.00,N,Not at Intersection, ,Non-Junction,None,,,         ,Josh,Baney,Rain,Angle,no,no,no,no,no,False
100807322,METROPOLITAN NASHVILLE POLICE DEPT,20150345743,Davidson,Nashville,4/13/2015 3:44:00 PM,2,0,0,36.111030,-86.753520,STATE HWY 155,,,,0.00,,,FOSTER CREIGHTON DR,,,,0.00,Y,T-Intersection, ,Intersection-Related,None,,,         ,Tien,Nguyen,Cloudy,Front to Rear,no,no,no,no,no,False
100807328,METROPOLITAN NASHVILLE POLICE DEPT,20150345598,Davidson,Nashville,4/13/2015 4:15:00 PM,2,0,0,36.151360,-86.799320,US HWY 70S,,,,0.00,,,20TH AVE N,,,,0.00,Y,Four-Way, ,Intersection,None,,,         ,Charles,Griffin,Rain,Angle,no,no,no,no,no,Campus
100807333,METROPOLITAN NASHVILLE POLICE DEPT,20150345412,Davidson,Nashville,4/13/2015 3:35:00 PM,2,0,0,36.141260,-86.814480,31ST AVE S,,,,0.00,,,VANDERBILT PL,,,,0.00,Y,Four-Way, ,Intersection-Related,None,,,         ,Tien,Nguyen,Rain,Angle,no,no,no,no,no,Campus
100807334,METROPOLITAN NASHVILLE POLICE DEPT,20150345859,Davidson,Nashville,4/13/2015 4:38:00 PM,2,0,0,36.083900,-86.647300,US HWY 41,,,,90.00,Feet,North,BROOKSBORO TER,,,,0.00,N,Not at Intersection,N,Non-Junction,None,,,         ,Kevin,Keating,Cloudy,Front to Rear,no,no,no,no,no,False
100807339,METROPOLITAN NASHVILLE POLICE DEPT,20150345842,Davidson,Nashville,4/13/2015 5:41:00 PM,2,0,0,36.143110,-86.814880,US HWY 70S,,,,200.00,Feet,South,30TH AVE S,,,,0.00,N,Not at Intersection, ,,None,,,         ,Charles,Griffin,,,no,no,no,no,no,Campus
100807346,METROPOLITAN NASHVILLE POLICE DEPT,20150345322,Davidson,Antioch,4/13/2015 3:33:00 PM,2,0,0,36.016580,-86.619930,STATE HWY 171,,,,101.00,Feet,South,FIRESTONE PKWY,,,,0.00,N,Not at Intersection, ,Non-Junction,None,,,         ,Jessie,Meadows,Rain,Angle,no,no,no,no,no,False
100807347,METROPOLITAN NASHVILLE POLICE DEPT,20150345512,Davidson,Nashville,4/13/2015 4:21:00 PM,2,0,0,36.057180,-86.668120,MOUNT VIEW RD,,,,861.00,Feet,South,HICKORY HOLLOW PKWY,,,,0.00,N,Not at Intersection, ,Non-Junction,None,,,         ,Jessie,Meadows,Rain,Front to Rear,no,no,no,no,no,False
100807348,METROPOLITAN NASHVILLE POLICE DEPT,20150345606,Davidson,Nashville,4/13/2015 1:15:00 PM,1,0,0,36.147080,-86.762770,WHARF AVE,,,,130.00,Feet,South,PERKINS ST,,,,0.00,N,Not at Intersection,N,Non-Junction,None,,,         ,Jessie,Meadows,Rain,Not Collision with Motor Vehicle in Transport,no,no,no,no,yes,False
100807349,METROPOLITAN NASHVILLE POLICE DEPT,20150345794,Davidson,Nashville,4/13/2015 6:12:00 PM,2,2,0,36.109250,-86.680450,US HWY 41,,,,754.00,Feet,East,AIR FREIGHT BLVD,,,,0.00,N,Not at Intersection,N,Non-Junction,None,,,         ,Jessie,Meadows,Rain,Front to Rear,no,no,no,no,no,False
100807351,METROPOLITAN NASHVILLE POLICE DEPT,20150338129,Davidson,Nashville,4/10/2015 9:20:00 PM,1,1,0,36.165450,-86.768610,S 2ND ST,,,,0.00,,,VICTORY AVE,,,,0.00,Y,T-Intersection,N,Intersection-Related,None,,,         ,Michael,Schlegel,Cloudy,Not Collision with Motor Vehicle in Transport,yes,no,no,no,yes,False
100807357,VANDERBILT UNIVERSITY POLICE,15-0345928,Davidson,Nashville,4/13/2015 5:55:00 PM,2,0,0,36.145100,-86.806950,25TH AVE S,,,,102.00,Feet,North,VANDERBILT PL,,,,0.00,N,Not at Intersection, ,Non-Junction,None,,,         ,Ray,Stanard,Cloudy,Rear to Side,no,no,no,yes,no,Campus
100807366,METROPOLITAN NASHVILLE POLICE DEPT,20150345827,Davidson,Nashville,4/13/2015 5:19:00 PM,2,0,0,36.162100,-86.782630,CHURCH ST,,,,0.00,,,7TH AVE N,,,,0.00,Y,Four-Way,N,Non-Junction,None,,,         ,Michael,Douglas,Cloudy,"Sideswipe, Same Direction",no,no,no,no,no,False
100807371,METROPOLITAN NASHVILLE POLICE DEPT,20150345888,Davidson,Nashville,4/13/2015 6:00:00 PM,2,0,0,36.060320,-86.713880,STRASSER DR,,,,118.00,Feet,East,RAYWOOD LN,,,,0.00,N,Not at Intersection, ,,None,,,         ,Natalie,Robinson,,,no,no,no,no,no,False
100807375,METROPOLITAN NASHVILLE POLICE DEPT,20150342524,Davidson,Nashville,4/12/2015 4:30:00 PM,2,0,0,36.149520,-86.851010,53RD AVE N,,,,41.00,Feet,South,ELKINS AVE,,,,0.00,N,Not at Intersection, ,Non-Junction,None,,,         ,Torian,Cox,Clear,Angle,no,no,no,no,no,False
100807379,METROPOLITAN NASHVILLE POLICE DEPT,20150346010,Davidson,Nashville,4/13/2015 7:04:00 PM,2,0,0,36.172960,-86.768620,EXIT 48,,,,300.00,Feet,North,I 24,,,,0.00,N,Not at Intersection, ,,None,,,         ,Audrey,Fellingham,,,no,no,no,no,no,False
100807398,METROPOLITAN NASHVILLE POLICE DEPT,20150322574,Davidson,Nashville,4/6/2015 5:40:00 PM,2,0,0,36.176290,-86.772450,EXIT 47A,,,,0.00,Feet,East,I 24,,,,0.00,N,Not at Intersection, ,Non-Junction,None,,,         ,Jacob,Paul,Clear,Unknown,no,no,no,no,no,False
100807400,METROPOLITAN NASHVILLE POLICE DEPT,20150346119,Davidson,Nashville,4/13/2015 8:15:00 PM,2,0,0,36.035120,-86.675930,BLUE HOLE RD,,,,36.00,Feet,South,W OAK HIGHLAND DR,,,,0.00,N,Not at Intersection, ,Non-Junction,None,,,         ,Jessie,Meadows,Rain,Angle,no,no,no,no,no,False
100807402,METROPOLITAN NASHVILLE POLICE DEPT,20150346092,Davidson,Nashville,4/13/2015 7:30:00 PM,2,0,0,36.206300,-86.773040,US HWY 431,,,,0.00,,,-- UNKNOWN RAMP/ROAD --,,,,0.00,Y,OTHER, ,Intersection,None,,,         ,Joshua,Reece,Rain,Front to Rear,no,no,no,no,no,False
100807411,METROPOLITAN NASHVILLE POLICE DEPT,20150342931,Davidson,Nashville,4/12/2015 7:24:00 PM,2,0,0,36.095100,-86.728880,WHEELER AVE,,,,0.00,,,HEWLETT DR,,,,0.00,Y,Four-Way, ,Non-Junction,None,,,         ,Daniel,Cayton,Clear,Other,no,no,no,no,no,False
100807413,METROPOLITAN NASHVILLE POLICE DEPT,20150345956,Davidson,Nashville,4/13/2015 4:00:00 PM,2,0,0,0.000000,0.000000,HERMAN,ST,,,100.00,Feet,East,16TH AVE N,,,,0.00,N,Not at Intersection,N,Non-Junction,None,,,         ,Josh,Baney,Rain,"Sideswipe, Opposite Direction",no,no,no,no,yes,False
100807417,METROPOLITAN NASHVILLE POLICE DEPT,2015-0345614,Davidson,Nashville,4/13/2015 4:39:00 PM,2,0,0,36.120440,-86.802870,I 440,,,,0.00,,,,,,,3.00,N,Not at Intersection, ,Non-Junction,None,,,         ,Clyde,Stambaugh,Rain,Front to Rear,no,no,no,no,no,False
100807418,METROPOLITAN NASHVILLE POLICE DEPT,2015333448,Davidson,Nashville,4/9/2015 2:30:00 PM,2,0,0,36.157450,-86.770520,PEABODY ST,,,,0.00,,,US HWY 70,,,,0.00,Y,Four-Way, ,Intersection,None,,,         ,Jacob,Paul,Clear,Front to Rear,no,no,no,no,no,False
100807425,METROPOLITAN NASHVILLE POLICE DEPT,20150345715,Davidson,Nashville,4/13/2015 4:58:00 PM,3,0,0,36.143390,-86.822680,I 440,,,,0.00,,,,,,,1.00,N,Not at Intersection, ,Non-Junction,None,,,         ,Austin,Kendrick,Cloudy,Front to Rear,no,no,no,no,no,False
100807426,METROPOLITAN NASHVILLE POLICE DEPT,20150345786,Davidson,Nashville,4/13/2015 5:15:00 PM,2,0,0,36.099810,-86.711250,I 24,,,,0.00,,,,,,,54.60,N,Not at Intersection, ,Non-Junction,None,,,         ,Joseph,Progar,Cloudy,Front to Rear,no,no,no,no,no,False
100807429,METROPOLITAN NASHVILLE POLICE DEPT,20150342650,Davidson,Nashville,4/13/2015 5:20:00 PM,2,0,0,36.206630,-86.776230,-- UNKNOWN RAMP/ROAD --,,,,0.00,Feet,East,I 65,,,,0.00,N,Not at Intersection,Y,Entrance/Exit Ramp Related,Construction Zone,Other,Advanced Warning Area,         ,Paul,Stein,Clear,"Sideswipe, Same Direction",no,no,no,no,yes,False
100807444,METROPOLITAN NASHVILLE POLICE DEPT,20150342426,Davidson,Nashville,4/12/2015 3:40:00 PM,2,0,0,36.110280,-86.766820,POWELL AVE,,,,110.00,Feet,South,BRANSFORD AVE,,,,0.00,N,Not at Intersection,N,Non-Junction,None,,,         ,Austin,Kendrick,Clear,Angle,no,no,no,no,no,False
100807445,METROPOLITAN NASHVILLE POLICE DEPT,20150346179,Davidson,Nashville,4/13/2015 8:15:00 PM,3,0,0,36.113060,-86.800010,STATE HWY 155,,,,0.00,,,BELMONT BLVD,,,,0.00,Y,Four-Way, ,Intersection-Related,None,,,         ,Tien,Nguyen,Rain,Front to Rear,no,no,no,no,no,False
100807451,TENNESSEE STATE UNIVERSITY ,15-TSU-05079,Davidson,Nashville,4/13/2015 4:45:00 PM,1,0,0,36.167220,-86.831310,37TH AVE N,,,,445.00,Feet,North,JOHN L DRIVER BLVD,,,,0.00,N,Not at Intersection,N,Non-Junction,None,,,         ,Laurence,Dennis,Cloudy,Not Collision with Motor Vehicle in Transport,no,no,no,yes,no,False
100807459,METROPOLITAN NASHVILLE POLICE DEPT,20150346268,Davidson,Antioch,4/13/2015 9:20:00 PM,1,0,0,36.082850,-86.566420,STATE HWY 171,,,,0.92,Miles,South,LONG HUNTER STATE PARK,,,,0.00,N,Not at Intersection,N,Non-Junction,None,,,         ,Jessie,Meadows,Rain,Not Collision with Motor Vehicle in Transport,no,no,no,no,no,False
100807463,METROPOLITAN NASHVILLE POLICE DEPT,20150345414,Davidson,Nashville,4/13/2015 3:35:00 PM,2,0,0,36.156150,-86.802870,20TH AVE N,,,,0.00,,,MURPHY AVE,,,,0.00,Y,T-Intersection, ,Intersection-Related,None,,,         ,Austin,Kendrick,Cloudy,"Sideswipe, Same Direction",no,no,no,no,no,False
100807466,METROPOLITAN NASHVILLE POLICE DEPT,20150342747,Davidson,Nashville,4/12/2015 6:51:00 PM,1,4,0,36.037390,-86.704030,CEDARCREEK TRL,,,,258.00,Feet,West,CEDARCREEK DR,,,,0.00,N,Not at Intersection,N,"Driveway, Alley Access, etc",None,,,         ,Joseph,Progar,Clear,Not Collision with Motor Vehicle in Transport,yes,no,no,no,no,False