master_record_number,agency,agency_tracking_number,county,city,collision_date,vehicles_involved,number_injured,number_dead,latitude,longitude,roadway_name,roadway_suffix,roadway_number,roadway_local_id,distance_from_reference,miles-feet_indicator,direction_from_reference,intersection_road_name,intersection_road_name_suffix,intersection_road_number,intersection_local_id,mile_marker,intersection_indicator,intersect_type,interchange_related_indicator,relation_to_junction,work_zone_type,construction_maintenance_zone,construction_maintenance_zone_location,fatal_case_number,officer_first_name,officer_last_name,weather_condition(s),manner_of_crash,pedestrian,bicycle,scooter,parking,hitrun,mou
100807467,METROPOLITAN NASHVILLE POLICE DEPT,20150346295,Davidson,Nashville,4/13/2015 9:20:00 PM,2,0,0,36.154100,-86.857390,STATE HWY 155,,,,66.00,Feet,North,URBANDALE AVE,,,,0.00,N,Not at Intersection, ,,None,,,         ,Brandon,Rardin,,,no,no,no,no,no,False
100807481,METROPOLITAN NASHVILLE POLICE DEPT,20150346399,Davidson,Nashville,4/13/2015 9:49:00 PM,2,0,0,36.152290,-86.797430,US HWY 70S,,,,0.00,,,19TH AVE N,,,,0.00,Y,Four-Way, ,Intersection-Related,None,,,         ,Tien,Nguyen,Rain,Angle,no,no,no,no,no,False
100807484,METROPOLITAN NASHVILLE POLICE DEPT,20150346385,Davidson,Nashville,4/13/2015 10:01:00 PM,2,0,0,36.136150,-86.876740,HILLWOOD BLVD,,,,29.00,Feet,East,FLEETWOOD DR,,,,0.00,N,Not at Intersection,N,Non-Junction,None,,,         ,Adam,Reese,Rain,Front to Rear,no,no,no,no,no,False
100807487,METROPOLITAN NASHVILLE POLICE DEPT,20150346378,Davidson,Nashville,4/13/2015 9:30:00 PM,1,0,0,36.140800,-86.719700,I 40,,,,0.00,,,,,,,213.65,N,Not at Intersection,N,Non-Junction,None,,,         ,John,Kelley,Rain,Not Collision with Motor Vehicle in Transport,no,no,no,no,no,False
100807495,METROPOLITAN NASHVILLE POLICE DEPT,20150346272,Davidson,Nashville,4/13/2015 12:00:00 AM,2,0,0,36.142110,-86.678870,I 40,,,,0.00,,,,,,,215.90,N,Not at Intersection,N,Non-Junction,None,,,         ,Austin,Childress,Rain,"Sideswipe, Same Direction",no,no,no,no,no,False
100807496,METROPOLITAN NASHVILLE POLICE DEPT,20150345408,Davidson,Nashville,4/13/2015 3:30:00 PM,2,0,0,36.148900,-86.666980,ELM HILL PIKE,,,,180.00,Feet,West,STATE HWY 255,,,,0.00,N,Not at Intersection, ,Non-Junction,None,,,         ,Felipe,Pereira,Rain,Angle,no,no,no,no,no,False
100807498,METROPOLITAN NASHVILLE POLICE DEPT,20150346477,Davidson,Not in City Limit,4/13/2015 10:26:00 PM,1,0,0,36.331450,-86.899510,I 24,,,,0.00,,,,,,,33.10,N,Not at Intersection, ,Non-Junction,None,,,         ,Tyler,McDaniel,Rain,Not Collision with Motor Vehicle in Transport,no,no,no,no,no,False
100807505,GOODLETTSVILLE POLICE DEPT,15-14366,Davidson,Goodlettsville,4/13/2015 9:56:00 PM,2,0,0,36.305572,-86.703110,RIVERGATE PARKWAY,,,,0.00,Feet,,MEADOWLARK LANE,,,,0.00,Y,Four-Way,Y,Intersection,None,,,         ,Jeffery,Hunter,Rain,Angle,no,no,no,no,no,False
100807518,METROPOLITAN NASHVILLE POLICE DEPT,2015-0343868,Davidson,Nashville,4/13/2015 6:14:00 AM,2,3,0,36.104450,-86.668650,US HWY 41,,,,0.00,,,CONNECTING ROAD,,,,0.00,Y,OTHER,N,Intersection-Related,None,,,         ,Bo,Branum,Clear,Front to Rear,no,no,no,no,no,False
100807521,METROPOLITAN NASHVILLE POLICE DEPT,20150346468,Davidson,Nashville,4/13/2015 10:10:00 PM,2,0,0,36.062720,-86.630700,HAMILTON CHURCH RD,,,,22.00,Feet,North,HAMILTON XIN,,,,0.00,N,Not at Intersection,N,Non-Junction,None,,,         ,Jessie,Meadows,Rain,Angle,no,no,no,no,no,False
100807522,METROPOLITAN NASHVILLE POLICE DEPT,20150346534,Davidson,Nashville,4/13/2015 9:54:00 PM,2,1,0,36.141120,-86.664760,EXIT 216C,,,,0.00,Feet,East,I 40,,,,0.00,N,Not at Intersection,Y,Entrance/Exit Ramp Related,None,,,         ,Curtis,Fisher,Rain,"Sideswipe, Same Direction",no,no,no,no,no,False
100807527,METROPOLITAN NASHVILLE POLICE DEPT,20150346728,Davidson,Nashville,4/14/2015 12:20:00 AM,2,0,0,36.139380,-86.819130,ORLEANS DR,,,,0.00,,,US HWY 70S,,,,0.00,Y,Four-Way, ,,None,,,         ,Jason,Dudley,,,no,no,no,no,no,False
100807536,BERRY HILL POLICE DEPT,15-1396,Davidson,Berry Hill,4/13/2015 4:05:00 AM,2,2,0,36.112650,-86.772040,I 65,,,,0.00,,,,,,,80.00,N,Not at Intersection,Y,Entrance/Exit Ramp Related,None,,,         ,Roy,Yoquelet,Clear,"Sideswipe, Same Direction",no,no,no,no,no,False
100807540,METROPOLITAN NASHVILLE POLICE DEPT,2015-0346696,Davidson,Nashville,4/14/2015 12:07:00 AM,2,0,0,36.273450,-86.710120,US HWY 31E,,,,0.00,,,ANDERSON LN,,,,0.00,Y,T-Intersection, ,Intersection,None,,,         ,Michael,Johnson,Rain,Front to Rear,no,no,no,no,no,False
100807542,METROPOLITAN NASHVILLE POLICE DEPT,20150346866,Davidson,Nashville,4/14/2015 1:10:00 AM,1,0,0,36.053960,-86.673220,I 24,,,,0.00,,,,,,,58.40,N,Not at Intersection,N,Non-Junction,None,,,         ,William,Williams,Rain,Not Collision with Motor Vehicle in Transport,no,no,no,no,no,False
100807562,GOODLETTSVILLE POLICE DEPT,15-14396,Davidson,Goodlettsville,4/14/2015 3:55:00 AM,1,0,0,36.299140,-86.712540,I 65,,,,0.00,,,,,,,95.10,N,Not at Intersection,N,Non-Junction,None,,,         ,Jason,Ayers,Rain,Not Collision with Motor Vehicle in Transport,no,no,no,no,no,False
100807565,METROPOLITAN NASHVILLE POLICE DEPT,2015-0347060,Davidson,Nashville,4/14/2015 3:01:00 AM,1,0,0,36.154950,-86.788170,13TH AVE S,,,,0.00,,,MCGAVOCK ST,,,,0.00,Y,OTHER,N,Non-Junction,None,,,         ,Doyle,Wilhoite,Rain,Not Collision with Motor Vehicle in Transport,no,no,no,no,no,False
100807575,METROPOLITAN NASHVILLE POLICE DEPT,20150347363,Davidson,Not in City Limit,4/14/2015 5:30:00 AM,2,0,0,36.081610,-86.957120,-- UNKNOWN RAMP/ROAD --,,,,0.00,,,I 40,,,,0.00,Y,Four-Way, ,Intersection,None,,,         ,Jackson,Smythe,Rain,Angle,no,no,no,no,no,False
100807579,METROPOLITAN NASHVILLE POLICE DEPT,20150347360,Davidson,Nashville,4/14/2015 5:15:00 AM,2,0,0,36.188460,-86.743200,SHARPE AVE,,,,105.00,Feet,West,N 14TH ST,,,,0.00,N,Not at Intersection,N,Non-Junction,None,,,         ,Kevin,Breeding,Rain,"Sideswipe, Same Direction",no,no,no,no,yes,False
100807583,GOODLETTSVILLE POLICE DEPT,15-14323,Davidson,Goodlettsville,4/13/2015 11:51:00 AM,1,1,0,36.334040,-86.710210,I 65,,,,0.00,,,,,,,97.70,N,Not at Intersection,N,Non-Junction,None,,,         ,John,Spencer,Cloudy,Not Collision with Motor Vehicle in Transport,no,no,no,no,no,False
100807584,METROPOLITAN NASHVILLE POLICE DEPT,20150346983,Davidson,Nashville,4/14/2015 2:16:00 AM,1,1,0,36.124020,-86.811660,I 440,,,,0.00,,,,,,,2.50,N,Not at Intersection,N,Entrance/Exit Ramp Related,None,,,         ,Harris,Smith,Rain,Not Collision with Motor Vehicle in Transport,no,no,no,no,no,False
100807592,METROPOLITAN NASHVILLE POLICE DEPT,20150345189,Davidson,Nashville,4/13/2015 2:15:00 PM,1,1,0,36.092500,-86.677030,STATE HWY 255,,,,318.00,Feet,West,BUSH RD,,,,0.00,N,Not at Intersection,N,Non-Junction,None,,,         ,Brandon,Tennant,Rain,Not Collision with Motor Vehicle in Transport,no,no,no,no,no,False
100807600,METROPOLITAN NASHVILLE POLICE DEPT,20150345169,Davidson,Nashville,4/13/2015 2:05:00 PM,1,1,0,36.222580,-86.603730,SHUTE LN,,,,1020.00,Feet,North,MILL SPRINGS CT,,,,0.00,N,Not at Intersection,N,Non-Junction,None,,,         ,Craig,Carlson,Rain,Not Collision with Motor Vehicle in Transport,no,no,no,no,no,False
100807601,BERRY HILL POLICE DEPT,15-1400,Davidson,Berry Hill,4/13/2015 1:34:00 PM,2,0,0,36.116750,-86.766310,BRANSFORD AVE,,,,40.00,Feet,North,E IRIS DR,,,,0.00,N,Not at Intersection, ,Non-Junction,None,,,         ,Ray,Ferguson,Rain,Front to Rear,no,no,no,no,no,False
100807607,METROPOLITAN NASHVILLE POLICE DEPT,2015-0345000,Davidson,Nashville,4/13/2015 11:41:00 AM,2,2,0,0.000000,0.000000,MURFREESBORO,PNES,SR41,,0.00,,,MURFREESBORO,,SR41,,0.00,Y,Four-Way,N,Intersection-Related,None,,,         ,John,Neely,Rain,Front to Rear,no,no,no,no,no,False
100807609,METROPOLITAN NASHVILLE POLICE DEPT,20150340382,Davidson,Nashville,4/11/2015 6:11:00 PM,3,1,0,36.152370,-86.837040,42ND AVE N,,,,0.00,,,US HWY 70,,,,0.00,Y,Four-Way,Y,Intersection,None,,,         ,Michael,Hunnicutt,Clear,Angle,no,no,no,no,no,False
100807613,METROPOLITAN NASHVILLE POLICE DEPT,20150347507,Davidson,Nashville,4/14/2015 7:02:00 AM,2,0,0,36.110260,-86.770420,I 65,,,,0.00,Feet,East,EXIT 80,,,,0.00,N,Not at Intersection, ,Non-Junction,None,,,         ,Nathan,Kemp,Rain,Front to Rear,no,no,no,no,no,False
100807614,METROPOLITAN NASHVILLE POLICE DEPT,2015-0347502,Davidson,Not in City Limit,4/14/2015 6:50:00 AM,1,0,0,36.076840,-87.027790,I 40,,,,0.00,,,,,,,192.10,N,Not at Intersection,N,Non-Junction,None,,,         ,Curtis,Rich,Rain,Not Collision with Motor Vehicle in Transport,no,no,no,no,no,False
100807619,METROPOLITAN NASHVILLE POLICE DEPT,20150345139,Davidson,Nashville,4/13/2015 1:53:00 PM,6,0,0,36.072520,-86.691610,I 24,,,,0.00,,,,,,,56.75,N,Not at Intersection,N,Non-Junction,None,,,         ,Christopher,Hanor,Rain,Angle,no,no,no,no,yes,False
100807622,METROPOLITAN NASHVILLE POLICE DEPT,20150345009,Davidson,Nashville,4/13/2015 1:09:00 PM,2,0,0,36.123600,-86.794460,BELMONT BLVD,,,,0.00,,,ROSEWOOD AVE,,,,0.00,Y,T-Intersection, ,Intersection-Related,None,,,         ,Mikala,Moore,Rain,Front to Rear,no,no,no,no,no,False
100807630,METROPOLITAN NASHVILLE POLICE DEPT,20150347510,Davidson,Nashville,4/14/2015 7:03:00 AM,2,0,0,36.200390,-86.776750,I 65,,,,0.00,,,,,,,86.90,N,Not at Intersection, ,Non-Junction,None,,,         ,Michael,McCord,Cloudy,Front to Rear,no,no,no,no,no,False
100807633,METROPOLITAN NASHVILLE POLICE DEPT,20150347539,Davidson,Nashville,4/14/2015 7:14:00 AM,1,1,0,36.188610,-86.593280,TULIP GROVE RD,,,,185.00,Feet,South,OLD LEBANON DIRT RD,,,,0.00,N,Not at Intersection,N,Non-Junction,None,,,         ,James,Curtis,Cloudy,Not Collision with Motor Vehicle in Transport,no,no,no,no,no,False
100807646,METROPOLITAN NASHVILLE POLICE DEPT,20150342239,Davidson,Nashville,4/12/2015 1:39:00 PM,1,1,0,36.242250,-86.756890,-- UNKNOWN RAMP/ROAD --,,,,0.00,,,US HWY 31W,,,,0.00,Y,T-Intersection,Y,Entrance/Exit Ramp Related,None,,,         ,Trevin,Tolbert,Clear,Not Collision with Motor Vehicle in Transport,no,yes,no,no,no,False
100807647,METROPOLITAN NASHVILLE POLICE DEPT,20150347556,Davidson,Nashville,4/14/2015 7:19:00 AM,3,0,0,36.197580,-86.776240,I 65,,,,0.00,,,,,,,86.70,N,Not at Intersection, ,Non-Junction,None,,,         ,Michael,McCord,Cloudy,Front to Rear,no,no,no,no,no,False
100807648,METROPOLITAN NASHVILLE POLICE DEPT,20150342249,Davidson,Nashville,4/12/2015 1:30:00 PM,2,1,0,36.101270,-86.721800,GLENCLIFF RD,,,,0.00,,,ANTIOCH PIKE,,,,0.00,Y,Four-Way,N,Intersection,None,,,         ,Roderic,Williams,Clear,Front to Rear,no,no,no,no,yes,False
100807649,METROPOLITAN NASHVILLE POLICE DEPT,2015-0347590,Davidson,Nashville,4/14/2015 7:44:00 AM,2,0,0,36.131090,-86.897460,US HWY 70,,,,0.00,,,I 40,,,,0.00,Y,OTHER, ,Intersection,None,,,         ,Curtis,Rich,Rain,Front to Rear,no,no,no,no,no,False
100807655,METROPOLITAN NASHVILLE POLICE DEPT,20150347690,Davidson,Nashville,4/14/2015 8:11:00 AM,2,0,0,36.163160,-86.780180,5TH AVE N,,,,0.00,,,CHURCH ST,,,,0.00,Y,Four-Way, ,,Construction Zone,,,         ,Bryan,Birdwell,,,no,no,no,no,no,False
100807680,METROPOLITAN NASHVILLE POLICE DEPT,20150347862,Davidson,Nashville,4/14/2015 9:02:00 AM,2,0,0,36.117130,-86.773420,I 65,,,,0.00,,,,,,,80.25,N,Not at Intersection,N,Non-Junction,None,,,         ,Nathan,Kemp,Clear,Front to Rear,no,no,no,no,no,False
100807681,METROPOLITAN NASHVILLE POLICE DEPT,20150347651,Davidson,Nashville,4/14/2015 7:55:00 AM,3,3,0,36.089590,-86.650290,US HWY 41,,,,200.00,Feet,North,RANSOM PL,,,,0.00,N,Not at Intersection,N,Non-Junction,None,,,         ,Justin,Franklin,Cloudy,Front to Rear,no,no,no,no,no,False
100807687,METROPOLITAN NASHVILLE POLICE DEPT,20150347819,Davidson,Nashville,4/14/2015 8:57:00 AM,1,0,0,36.095200,-86.526430,COUCHVILLE PIKE,,,,1074.00,Feet,East,S MOUNT JULIET RD,,,,0.00,N,Not at Intersection,N,Non-Junction,None,,,         ,Kenneth,Alexandrow,Rain,Not Collision with Motor Vehicle in Transport,no,no,no,no,no,False
100807690,METROPOLITAN NASHVILLE POLICE DEPT,20150347702,Davidson,Nashville,4/14/2015 8:11:00 AM,2,0,0,36.158370,-86.771900,US HWY 70,,,,0.00,Feet,,GATEWAY BLVD,,,,0.00,Y,Four-Way, ,Intersection-Related,None,,,         ,Catherine,Poole,Rain,"Sideswipe, Same Direction",no,no,no,no,no,False
100807697,METROPOLITAN NASHVILLE POLICE DEPT,20150347749,Davidson,Nashville,4/14/2015 8:16:00 AM,2,0,0,36.174440,-86.785910,4TH AVE N,,,,100.00,Feet,South,JEFFERSON ST,,,,0.00,N,Not at Intersection, ,Non-Junction,Construction Zone,,,         ,Johnny,Crumby Jr.,Rain,Other,no,no,no,no,no,False
100807698,METROPOLITAN NASHVILLE POLICE DEPT,2015-0347592,Davidson,Nashville,4/14/2015 7:38:00 AM,2,0,0,36.151360,-86.799320,20TH AVE S,,,,0.00,,,20TH AVE N,,,,0.00,Y,OTHER,N,Non-Junction,None,,,         ,Emily,Davies,Clear,Angle,no,no,no,no,no,Campus
100807705,METROPOLITAN NASHVILLE POLICE DEPT,20150347527,Davidson,Nashville,4/14/2015 7:09:00 AM,3,0,0,36.149100,-86.746580,I 40,,,,0.00,,,,,,,211.80,N,Not at Intersection, ,Non-Junction,None,,,         ,Cassandra,Del Bosco,Rain,Front to Rear,no,no,no,no,no,False
100807707,METROPOLITAN NASHVILLE POLICE DEPT,20150347750,Davidson,Nashville,4/14/2015 8:30:00 AM,2,0,0,36.044790,-86.669640,STATE HWY 254,,,,248.00,Feet,East,HICKORY PARK DR,,,,0.00,N,Not at Intersection, ,"Driveway, Alley Access, etc",None,,,         ,Julius,Gallon,Rain,Angle,no,no,no,no,yes,False
100807709,METROPOLITAN NASHVILLE POLICE DEPT,20150347786,Davidson,Nashville,4/14/2015 8:45:00 AM,3,1,0,36.204010,-86.776920,-- UNKNOWN RAMP/ROAD --,,,,0.00,Feet,East,I 65,,,,0.00,N,Not at Intersection,Y,Entrance/Exit Ramp Related,None,,,         ,Michael,McCord,Cloudy,Front to Rear,no,no,no,no,yes,False
100807711,METROPOLITAN NASHVILLE POLICE DEPT,20150347532,Davidson,Nashville,4/14/2015 7:00:00 AM,2,1,0,36.150680,-86.767890,2ND AVE S,,,,0.00,,,US HWY 31 ALT,,,,0.00,Y,Four-Way,N,Intersection,None,,,         ,Douglas,Sykes,Rain,Front to Rear,no,no,no,no,no,False
100807715,METROPOLITAN NASHVILLE POLICE DEPT,2015-347645,Davidson,Nashville,4/14/2015 7:55:00 AM,1,1,0,36.073510,-86.693060,LINBAR DR,,,,101.00,Feet,North,MELMACK DR,,,,0.00,N,Not at Intersection,N,Non-Junction,None,,,         ,James,Grady,Cloudy,Not Collision with Motor Vehicle in Transport,no,no,no,no,no,False
100807724,METROPOLITAN NASHVILLE POLICE DEPT,20150347990,Davidson,Nashville,4/14/2015 9:55:00 AM,2,0,0,36.110920,-86.770960,I 65,,,,0.00,,,,,,,79.80,N,Not at Intersection, ,,None,,,         ,Mikala,Moore,,,no,no,no,no,no,False
100807726,METROPOLITAN NASHVILLE POLICE DEPT,20150347646,Davidson,Nashville,4/14/2015 8:00:00 AM,2,0,0,36.241240,-86.751120,I 65,,,,0.00,,,,,,,90.40,N,Not at Intersection, ,Non-Junction,Construction Zone,,,         ,William,Estes,Rain,"Sideswipe, Same Direction",no,no,no,no,no,False
100807735,VANDERBILT UNIVERSITY POLICE,15-0347816,Davidson,Nashville,4/14/2015 8:30:00 AM,2,0,0,36.148960,-86.800280,21ST AVE S,,,,0.00,,,,,,,0.00,,, ,Non-Junction,None,,,         ,Linda,Jennings,Rain,Rear to Rear,no,no,no,yes,no,Campus
100807739,METROPOLITAN NASHVILLE POLICE DEPT,2015-0347900,Davidson,Nashville,4/14/2015 8:38:00 AM,2,0,0,36.178210,-86.763830,-- UNKNOWN RAMP/ROAD --,,,,0.00,,,US HWY 31E,,,,0.00,Y,Y-Intersection, ,Entrance/Exit Ramp Related,None,,,         ,Doyle,Price,Rain,Front to Rear,no,no,no,no,no,False
100807747,METROPOLITAN NASHVILLE POLICE DEPT,15-0347762,Davidson,Nashville,4/14/2015 8:36:00 AM,2,0,0,36.163470,-86.783500,7TH AVE N,,,,0.00,,,UNION ST,,,,0.00,Y,Four-Way,N,Intersection,None,,,         ,Frank,Campbell,Rain,Angle,no,no,no,no,no,False
100807748,METROPOLITAN NASHVILLE POLICE DEPT,2015-0347435,Davidson,Nashville,4/14/2015 6:10:00 AM,2,0,0,36.067400,-86.631210,US HWY 41,,,,0.00,,,FOREST VIEW DR,,,,0.00,Y,Four-Way,N,Non-Junction,None,,,         ,Michael,Sanders,Cloudy,Angle,no,no,no,no,no,False
100807756,METROPOLITAN NASHVILLE POLICE DEPT,2015-0347622,Davidson,Nashville,4/14/2015 7:53:00 AM,2,0,0,36.086440,-86.695990,S PERIMETER PARK DR,,,,140.00,Feet,South,STATE HWY 255,,,,0.00,N,Not at Intersection, ,Non-Junction,None,,,         ,William,Whitworth,Cloudy,Front to Rear,no,no,no,no,no,False
100807757,METROPOLITAN NASHVILLE POLICE DEPT,2015-0347853,Davidson,Nashville,4/14/2015 8:59:00 AM,1,1,0,36.066320,-86.634230,MORRIS GENTRY BLVD,,,,734.00,Feet,East,STATE HWY 254,,,,0.00,N,Not at Intersection,N,Non-Junction,None,,,         ,William,Whitworth,Cloudy,Not Collision with Motor Vehicle in Transport,no,no,no,no,yes,False
100807758,VANDERBILT UNIVERSITY POLICE,15-0348036,Davidson,Nashville,4/14/2015 9:45:00 AM,1,0,0,36.138830,-86.800590,CAPERS AVE,,,,0.00,,,US HWY 431,,,,0.00,Y,T-Intersection, ,,None,,,         ,Brent,Clark,,,no,no,no,yes,no,Campus
100807761,METROPOLITAN NASHVILLE POLICE DEPT,20150347970,Davidson,Nashville,4/14/2015 9:41:00 AM,2,0,0,36.135960,-86.726720,I 24,,,,0.00,,,,,,,52.20,N,Not at Intersection, ,Non-Junction,None,,,         ,Brandon,Tennant,Rain,Front to Rear,no,no,no,no,no,False
100807762,METROPOLITAN NASHVILLE POLICE DEPT,20150347801,Davidson,Nashville,4/14/2015 8:50:00 AM,2,1,0,36.156480,-86.806420,US HWY 70,,,,0.00,,,21ST AVE N,,,,0.00,Y,T-Intersection,N,Intersection-Related,None,,,         ,Nathan,Mayo,Cloudy,Angle,no,no,no,no,no,False
100807765,METROPOLITAN NASHVILLE POLICE DEPT,2015-0347715,Davidson,Nashville,4/14/2015 8:14:00 AM,2,1,0,36.076180,-86.654070,CLAPHAM RD,,,,0.00,,,SPLIT OAK TRL,,,,0.00,Y,T-Intersection,N,Non-Junction,None,,,         ,John,Neely,Rain,Not Collision with Motor Vehicle in Transport,no,no,no,no,no,False
100807780,METROPOLITAN NASHVILLE POLICE DEPT,20150348222,Davidson,Nashville,4/14/2015 10:30:00 AM,2,0,0,36.154320,-86.742120,FESSLERS LN,,,,0.00,,,US HWY 70,,,,0.00,Y,T-Intersection, ,,None,,,         ,James,Curtis,,,no,no,no,no,no,False
100807787,METROPOLITAN NASHVILLE POLICE DEPT,20150348446,Davidson,Nashville,4/14/2015 12:21:00 PM,2,0,0,36.140760,-86.817580,US HWY 70S,,,,66.00,Feet,South,ACKLEN PARK DR,,,,0.00,N,Not at Intersection,N,Non-Junction,None,,,         ,Nathan,Kemp,Clear,Front to Rear,no,no,no,no,no,False
100807796,METROPOLITAN NASHVILLE POLICE DEPT,20150344299,Davidson,Nashville,4/13/2015 12:00:00 AM,2,0,0,36.186210,-86.678160,MCGAVOCK PIKE,,,,608.00,Feet,West,FERNBROOK LN,,,,0.00,N,Not at Intersection,N,Non-Junction,None,,,         ,Duane,Brooks,Clear,Unknown,no,no,no,yes,yes,False
100807797,METROPOLITAN NASHVILLE POLICE DEPT,2015-0348307,Davidson,Antioch,4/14/2015 11:42:00 AM,2,0,0,36.018140,-86.619560,STATE HWY 171,,,,58.00,Feet,South,OWEN DR,,,,0.00,N,Not at Intersection, ,Non-Junction,None,,,         ,William,Whitworth,Cloudy,Front to Rear,no,no,no,no,no,False
100807799,METROPOLITAN NASHVILLE POLICE DEPT,20150348381,Davidson,Nashville,4/14/2015 11:14:00 AM,2,0,0,36.143250,-86.791860,EDGEHILL AVE,,,,0.00,,,VILLA PL,,,,0.00,Y,OTHER, ,Intersection-Related,None,,,         ,William,Wright,Cloudy,Angle,no,no,no,no,no,False
100807801,METROPOLITAN NASHVILLE POLICE DEPT,20150348335,Davidson,Nashville,4/14/2015 11:48:00 AM,3,0,0,36.103560,-86.756130,SIDCO DR,,,,387.00,Feet,North,RAMP,,,,0.00,N,Not at Intersection, ,,None,,,         ,Mikala,Moore,,,no,no,no,no,no,False
100807804,METROPOLITAN NASHVILLE POLICE DEPT,20150348402,Davidson,Nashville,4/14/2015 12:09:00 PM,2,0,0,36.121700,-86.757780,I 440,,,,0.00,,,,,,,5.90,N,Not at Intersection, ,,None,,,         ,Nathan,Kemp,,,no,no,no,no,no,False
100807807,THP District 9 - Administrative,315019852,Davidson,Nashville,4/13/2015 11:55:00 PM,2,0,0,36.164770,-86.826390,33RD AVE N,,,,0.00,,,ALAMEDA ST,,,,0.00,Y,OTHER, ,Non-Junction,None,,,         ,Ronda,Sherley,Clear,Rear to Rear,no,no,no,yes,no,False
100807808,METROPOLITAN NASHVILLE POLICE DEPT,20150348235,Davidson,Goodlettsville,4/14/2015 11:00:00 AM,2,0,0,36.304830,-86.693070,CONNECTING ROAD,,,,0.00,,,CONFERENCE DR,,,,0.00,Y,T-Intersection,N,Intersection,None,,,         ,William,Estes,Cloudy,Angle,no,no,no,no,no,False
100807815,METROPOLITAN NASHVILLE POLICE DEPT,20150345843,Davidson,Nashville,4/13/2015 5:40:00 PM,2,0,0,36.172620,-86.601950,STATE HWY 45,,,,0.00,,,PRINCETON PL,,,,0.00,Y,T-Intersection, ,Non-Junction,None,,,         ,James,DeSantis,Rain,Front to Rear,no,no,no,no,no,False
100807823,METROPOLITAN NASHVILLE POLICE DEPT,20150348502,Davidson,Nashville,4/14/2015 12:24:00 PM,2,0,0,36.147100,-86.808080,US HWY 70S,,,,91.00,Feet,East,25TH AVE S,,,,0.00,N,Not at Intersection, ,Non-Junction,None,,,         ,Phillip,Murphy,Clear,"Sideswipe, Same Direction",no,no,no,no,no,Campus
100807824,METROPOLITAN NASHVILLE POLICE DEPT,20150348561,Davidson,Nashville,4/14/2015 12:44:00 PM,2,0,0,36.157850,-86.791440,US HWY 70,,,,50.00,Feet,South,CHURCH ST,,,,0.00,N,Not at Intersection, ,Non-Junction,None,,,         ,Nathan,Kemp,Clear,"Sideswipe, Same Direction",no,no,no,no,no,False
100807830,METROPOLITAN NASHVILLE POLICE DEPT,20150346301,Davidson,Nashville,4/13/2015 9:03:00 PM,2,2,0,36.051740,-86.670210,I 24,,,,0.00,,,,,,,58.65,N,Not at Intersection,N,Non-Junction,None,,,         ,Natalie,Robinson,Rain,"Sideswipe, Same Direction",no,no,no,no,no,False
100807833,METROPOLITAN NASHVILLE POLICE DEPT,20150345874,Davidson,Goodlettsville,4/13/2015 6:03:00 PM,2,1,0,36.292490,-86.702780,US HWY 31E,,,,0.00,,,,,,,0.00,,,N,"Driveway, Alley Access, etc",None,,,         ,Ernest,Jones,Rain,Not Collision with Motor Vehicle in Transport,no,no,no,yes,no,False
100807838,METROPOLITAN NASHVILLE POLICE DEPT,2015-0348588,Davidson,Goodlettsville,4/14/2015 2:20:00 PM,2,0,0,36.297570,-86.698620,US HWY 31E,,,,297.00,Feet,North,MYATT DR,,,,0.00,N,Not at Intersection, ,,None,,,         ,Andrew,Ivey,,,no,no,no,no,no,False
100807840,METROPOLITAN NASHVILLE POLICE DEPT,2015-0348539,Davidson,Nashville,4/14/2015 12:44:00 PM,2,0,0,36.150230,-86.770180,US HWY 31 ALT,,,,0.00,,,-- UNKNOWN RAMP/ROAD --,,,,0.00,Y,T-Intersection,N,Non-Junction,None,,,         ,William,Vincion,Cloudy,Front to Rear,no,no,no,no,yes,False
100807853,METROPOLITAN NASHVILLE POLICE DEPT,20150337612,Davidson,Goodlettsville,4/10/2015 4:09:00 PM,2,0,0,36.291470,-86.703260,US HWY 31E,,,,276.00,Feet,North,ALTUS AVE,,,,0.00,N,Not at Intersection,N,Non-Junction,None,,,         ,Ryan,Stanford,Clear,Front to Rear,no,no,no,no,no,False
100807863,METROPOLITAN NASHVILLE POLICE DEPT,20150348835,Davidson,Nashville,4/14/2015 2:26:00 PM,2,0,0,36.084560,-86.744500,ELYSIAN FIELDS RD,,,,0.00,,,DANBY DR,,,,0.00,Y,Four-Way, ,Intersection-Related,None,,,         ,Tien,Nguyen,Clear,Front to Rear,no,no,no,no,no,False
100807868,METROPOLITAN NASHVILLE POLICE DEPT,15-0348484,Davidson,Nashville,4/14/2015 12:37:00 PM,2,3,0,36.176930,-86.775880,SPRING ST,,,,75.00,Feet,East,COWAN ST,,,,0.00,N,Not at Intersection,N,OtherLocation,None,,,         ,Frank,Campbell,Cloudy,Front to Rear,no,no,no,no,no,False
100807880,GOODLETTSVILLE POLICE DEPT,15-14420,Davidson,Goodlettsville,4/14/2015 11:07:00 AM,2,2,0,36.305570,-86.718640,US HWY 31W,,,,152.00,Feet,North,OLD DICKERSON PIKE,,,,0.00,N,Not at Intersection,N,Non-Junction,None,,,         ,Timothy,Williams,Cloudy,HeadOn,no,no,no,no,no,False
100807882,METROPOLITAN NASHVILLE POLICE DEPT,20150348843,Davidson,Nashville,4/14/2015 3:00:00 PM,1,0,0,36.167320,-86.779420,US HWY 31,,,,69.00,Feet,East,3RD AVE N,,,,0.00,N,Not at Intersection, ,Non-Junction,None,,,         ,Jessie,Meadows,Clear,Not Collision with Motor Vehicle in Transport,no,no,no,no,no,False