master_record_number,agency,agency_tracking_number,county,city,collision_date,vehicles_involved,number_injured,number_dead,latitude,longitude,roadway_name,roadway_suffix,roadway_number,roadway_local_id,distance_from_reference,miles-feet_indicator,direction_from_reference,intersection_road_name,intersection_road_name_suffix,intersection_road_number,intersection_local_id,mile_marker,intersection_indicator,intersect_type,interchange_related_indicator,relation_to_junction,work_zone_type,construction_maintenance_zone,construction_maintenance_zone_location,fatal_case_number,officer_first_name,officer_last_name,weather_condition(s),manner_of_crash,pedestrian,bicycle,scooter,parking,hitrun,mou
100818750,METROPOLITAN NASHVILLE POLICE DEPT,20150311375,Davidson,Nashville,4/2/2015 11:58:00 PM,1,1,0,36.194260,-86.832200,RAMP,,,,182.00,Feet,West,US HWY 41 ALT,,,,0.00,N,Not at Intersection,N,"Driveway, Alley Access, etc",None,,,         ,Garet,Davidson,Clear,Not Collision with Motor Vehicle in Transport,no,no,no,no,no,False
100818764,BERRY HILL POLICE DEPT,15-1409,Davidson,Nashville,4/14/2015 7:47:00 AM,4,0,0,36.124750,-86.736330,I 440,,,,0.00,,,,,,,7.05,N,Not at Intersection, ,Non-Junction,None,,,         ,Ronnie,Hill,Rain,Front to Rear,no,no,no,no,no,False
100818766,METROPOLITAN NASHVILLE POLICE DEPT,20150355291,Davidson,Nashville,4/16/2015 3:31:00 AM,2,0,0,36.170360,-86.768400,INTERSTATE DR,,,,0.00,,,WOODLAND ST,,,,0.00,Y,Four-Way,N,Intersection,None,,,         ,Kelcey,Bell,Rain,Angle,no,no,no,no,no,False
100818767,METROPOLITAN NASHVILLE POLICE DEPT,2015-352533,Davidson,Nashville,4/15/2015 12:45:00 PM,2,0,0,36.059030,-86.716340,US HWY 31 ALT,,,,0.00,,,TUSCULUM RD,,,,0.00,Y,Four-Way, ,Intersection,None,,,         ,James,Grady,Cloudy,"Sideswipe, Same Direction",no,no,no,no,no,False
100818778,METROPOLITAN NASHVILLE POLICE DEPT,2015-0352760,Davidson,Nashville,4/15/2015 2:10:00 PM,2,0,0,36.155540,-86.786810,12TH AVE S,,,,0.00,,,MCGAVOCK ST,,,,0.00,Y,Four-Way,N,Intersection,None,,,         ,Charles,Coe,Cloudy,Front to Rear,no,no,no,no,no,False
100818786,METROPOLITAN NASHVILLE POLICE DEPT,20150347756,Davidson,Lakewood,4/14/2015 8:34:00 AM,2,0,0,36.241350,-86.633330,STATE HWY 45,,,,84.00,Feet,East,IRIS AVE,,,,0.00,N,Not at Intersection,N,Non-Junction,None,,,         ,James,Curtis,Rain,Front to Rear,no,no,no,no,no,False
100818788,METROPOLITAN NASHVILLE POLICE DEPT,20150355786,Davidson,Nashville,4/16/2015 6:56:00 AM,2,0,0,36.109350,-86.769870,I 65,,,,0.00,,,,,,,79.70,N,Not at Intersection, ,Non-Junction,None,,,         ,Mikala,Moore,Rain,Front to Rear,no,no,no,no,no,False
100818813,BERRY HILL POLICE DEPT,15-1408,Davidson,Nashville,4/14/2015 7:10:00 AM,2,0,0,36.124350,-86.742490,I 440,,,,0.00,,,,,,,6.70,N,Not at Intersection, ,Non-Junction,None,,,         ,Ronnie,Hill,Rain,"Sideswipe, Same Direction",no,no,no,no,no,False
100818823,METROPOLITAN NASHVILLE POLICE DEPT,2015-0342268,Davidson,Nashville,4/12/2015 2:00:00 PM,1,0,0,36.080120,-86.625570,RURAL HILL RD,,,,322.00,Feet,West,MOSSDALE DR,,,,0.00,N,Not at Intersection, ,Non-Junction,None,,,         ,Benjamin,Froehlich,Clear,Not Collision with Motor Vehicle in Transport,no,no,no,no,no,False
100818838,METROPOLITAN NASHVILLE POLICE DEPT,2015-0355991,Davidson,Nashville,4/16/2015 8:05:00 AM,2,1,0,36.158250,-86.771820,GATEWAY BLVD,,,,0.00,,,US HWY 70,,,,0.00,Y,Four-Way,N,Intersection,Construction Zone,Other,Transition Area,         ,Charles,Coe,Rain,Front to Rear,no,no,no,no,no,False
100818843,METROPOLITAN NASHVILLE POLICE DEPT,2015-355915,Davidson,Nashville,4/16/2015 7:45:00 AM,1,0,0,36.126630,-86.728320,I 24,,,,0.00,,,,,,,51.40,N,Not at Intersection,N,Non-Junction,None,,,         ,James,Grady,Rain,Not Collision with Motor Vehicle in Transport,no,no,no,no,no,False
100818844,METROPOLITAN NASHVILLE POLICE DEPT,20150352714,Davidson,Nashville,4/15/2015 1:45:00 PM,2,0,0,36.149260,-86.861900,US HWY 70,,,,498.00,Feet,East,OCEOLA AVE,,,,0.00,N,Not at Intersection,N,Non-Junction,None,,,         ,Daniel,Alford,Cloudy,Angle,no,no,no,no,no,False
100818846,METROPOLITAN NASHVILLE POLICE DEPT,2015-0355773,Davidson,Antioch,4/16/2015 6:46:00 AM,2,0,0,36.042480,-86.607210,HOBSON,PIKE,SR171,,200.00,Feet,South,MURFREESBORO,PIKE,US41,,0.00,N,Not at Intersection,N,Non-Junction,None,,,         ,William,Whitworth,Rain,Front to Rear,no,no,no,no,no,False
100818853,VANDERBILT UNIVERSITY POLICE,15-0352496,Davidson,Nashville,4/15/2015 1:00:00 PM,2,0,0,36.147180,-86.807910,US HWY 70S,,,,150.00,Feet,East,25TH AVE S,,,,0.00,N,Not at Intersection, ,Non-Junction,None,,,         ,Patrick,Conwell,Cloudy,Angle,no,no,no,no,no,Campus
100818855,METROPOLITAN NASHVILLE POLICE DEPT,20150356230,Davidson,Nashville,4/16/2015 9:22:00 AM,2,0,0,36.116900,-86.725460,I 24,,,,0.00,,,,,,,53.15,N,Not at Intersection,N,Non-Junction,None,,,         ,Michael,Wilson,Cloudy,"Sideswipe, Same Direction",no,no,no,no,yes,False
100818858,METROPOLITAN NASHVILLE POLICE DEPT,20150356141,Davidson,Nashville,4/16/2015 9:30:00 AM,2,0,0,36.133930,-86.758860,US HWY 31 ALT,,,,0.00,,,CRAIGHEAD ST,,,,0.00,Y,T-Intersection, ,Intersection,None,,,         ,Richard,Olive,Cloudy,Angle,no,no,no,no,no,False
100818861,BELLE MEADE POLICE DEPT,15-0096,Davidson,Belle Meade,4/16/2015 7:27:00 AM,1,0,0,36.097130,-86.847170,IROQUOIS AVE,,,,0.00,,,LYNNWOOD BLVD,,,,0.00,Y,Four-Way,N,Intersection,None,,,         ,Teddy,Murphy,Rain,Not Collision with Motor Vehicle in Transport,no,no,no,no,no,False
100818863,METROPOLITAN NASHVILLE POLICE DEPT,20150355963,Davidson,Nashville,4/16/2015 8:06:00 AM,2,1,0,36.037440,-86.787040,STATE HWY 254,,,,148.00,Feet,West,US HWY 31,,,,0.00,N,Not at Intersection,N,Non-Junction,None,,,         ,Phillip,Murphy,Cloudy,"Sideswipe, Same Direction",no,no,no,no,no,False
100818864,METROPOLITAN NASHVILLE POLICE DEPT,20150351566,Davidson,Nashville,4/15/2015 7:26:00 AM,2,1,0,36.046270,-86.713260,US HWY 31 ALT,,,,312.00,Feet,North,STATE HWY 254,,,,0.00,N,Not at Intersection,N,Non-Junction,None,,,         ,David,Simmonds,Rain,Front to Rear,no,no,no,no,no,False
100818865,METROPOLITAN NASHVILLE POLICE DEPT,20150356227,Davidson,Goodlettsville,4/16/2015 9:15:00 AM,1,0,0,36.286230,-86.692850,MYATT DR,,,,397.00,Feet,North,NORTHGATE BUSINESS PKWY,,,,0.00,N,Not at Intersection, ,,,,,         ,Melvin,Brown III,,,no,no,no,no,no,False
100818869,METROPOLITAN NASHVILLE POLICE DEPT,2015-0356202,Davidson,Nashville,4/16/2015 9:12:00 AM,1,0,0,36.227590,-86.779120,I 24,,,,0.00,,,,,,,44.60,N,Not at Intersection, ,,,,,         ,William,Caillouette,,,no,no,no,no,no,False
100818870,METROPOLITAN NASHVILLE POLICE DEPT,2015-0351851,Davidson,Nashville,4/15/2015 9:14:00 AM,2,0,0,36.161480,-86.760670,I 24,,,,0.00,,,,,,,49.40,N,Not at Intersection, ,Non-Junction,None,,,         ,Alex,Moore,Rain,Front to Rear,no,no,no,no,no,False
100818875,METROPOLITAN NASHVILLE POLICE DEPT,2015-0356191,Davidson,Nashville,4/16/2015 8:35:00 AM,2,0,0,36.161010,-86.758430,DAVIDSON ST,,,,0.00,,,S 5TH ST,,,,0.00,Y,T-Intersection, ,"Driveway, Alley Access, etc",Work Zone,,,         ,Coleman,Womack,Cloudy,Angle,no,no,no,no,no,False
100818876,METROPOLITAN NASHVILLE POLICE DEPT,20150352751,Davidson,Nashville,4/15/2015 12:39:00 PM,2,1,0,36.111200,-86.756030,STATE HWY 155,,,,192.00,Feet,East,CONNECTING ROAD,,,,0.00,N,Not at Intersection,Y,Non-Junction,None,,,         ,Michael,Russell,Cloudy,Front to Rear,no,no,no,no,yes,False
100818877,METROPOLITAN NASHVILLE POLICE DEPT,20150356242,Davidson,Nashville,4/16/2015 9:26:00 AM,2,0,0,36.172410,-86.794800,10TH AVE N,,,,0.00,,,JEFFERSON ST,,,,0.00,Y,Four-Way, ,,None,,,         ,Rodney,Clark,,,no,no,no,no,no,False
100818889,METROPOLITAN NASHVILLE POLICE DEPT,20150347867,Davidson,Lakewood,4/14/2015 8:34:00 AM,3,1,0,36.241330,-86.633320,STATE HWY 45,,,,90.00,Feet,East,IRIS AVE,,,,0.00,N,Not at Intersection,N,Non-Junction,None,,,         ,James,Curtis,Rain,Not Collision with Motor Vehicle in Transport,no,no,no,no,no,False
100818895,METROPOLITAN NASHVILLE POLICE DEPT,20150356015,Davidson,Nashville,4/16/2015 8:15:00 AM,2,0,0,36.157210,-86.774680,4TH AVE S,,,,0.00,,,GATEWAY BLVD,,,,0.00,Y,Four-Way, ,,None,,,         ,Catherine,Poole,,,no,no,no,no,no,False
100818899,METROPOLITAN NASHVILLE POLICE DEPT,20150356183,Davidson,Nashville,4/16/2015 9:00:00 AM,3,1,0,36.105650,-86.671740,US HWY 41,,,,0.00,Feet,,STATE HWY 255,,,,0.00,Y,T-Intersection,N,Intersection,None,,,         ,Adam,Crutcher,Cloudy,Front to Rear,no,no,no,no,no,False
100818902,METROPOLITAN NASHVILLE POLICE DEPT,20150356342,Davidson,Nashville,4/16/2015 9:40:00 AM,2,0,0,36.106750,-86.672690,STATE HWY 255,,,,221.00,Feet,North,RAMP,,,,0.00,N,Not at Intersection, ,Non-Junction,None,,,         ,James,Curtis,Cloudy,"Sideswipe, Same Direction",no,no,no,no,no,False
100818907,METROPOLITAN NASHVILLE POLICE DEPT,20150356091,Davidson,Nashville,4/16/2015 8:30:00 AM,2,2,0,36.244950,-86.745850,-- UNKNOWN RAMP/ROAD --,,,,0.00,Feet,East,I 65,,,,0.00,N,Not at Intersection,N,Non-Junction,None,,,         ,William,Cleek,Rain,Front to Rear,no,no,no,no,no,False
100818917,METROPOLITAN NASHVILLE POLICE DEPT,2015-0356556,Davidson,Nashville,4/16/2015 11:35:00 AM,1,0,0,36.189280,-86.862830,-- UNKNOWN RAMP/ROAD --,,,,0.00,Feet,East,STATE HWY 155,,,,0.00,N,Not at Intersection,N,Non-Junction,None,,,         ,William,Caillouette,Cloudy,Not Collision with Motor Vehicle in Transport,no,no,no,no,no,False
100818918,METROPOLITAN NASHVILLE POLICE DEPT,20150356278,Davidson,Nashville,4/16/2015 12:00:00 AM,1,0,0,36.244720,-86.786470,BRICK CHURCH LN,,,,0.00,Feet,,TRAIL HOLLOW LN,,,,0.00,Y,T-Intersection,N,Unknown,Unknown,Unknown,Unknown,         ,David,Humes,Unknown,Unknown,no,no,no,no,yes,False
100818921,METROPOLITAN NASHVILLE POLICE DEPT,20150341739,Davidson,Nashville,4/12/2015 7:00:00 AM,1,0,0,36.101510,-86.626400,BELL RD,,,,2216.00,Feet,North,KOTTAS PL,,,,0.00,N,Not at Intersection, ,,,,,         ,Terry,Denton,,,no,no,no,no,no,False
100818936,METROPOLITAN NASHVILLE POLICE DEPT,20150355949,Davidson,Nashville,4/16/2015 8:00:00 AM,3,2,0,36.251980,-86.739940,I 65,,,,0.00,,,,,,,91.35,N,Not at Intersection,N,Non-Junction,None,,,         ,Andrew,Ivey,Rain,"Sideswipe, Same Direction",no,no,no,no,no,False
100818939,METROPOLITAN NASHVILLE POLICE DEPT,20150356516,Davidson,Nashville,4/16/2015 11:04:00 AM,2,0,0,36.115870,-86.783280,I 440,,,,0.00,,,,,,,4.35,N,Not at Intersection, ,Non-Junction,None,,,         ,Mikala,Moore,Rain,"Sideswipe, Same Direction",no,no,no,no,yes,False
100818940,METROPOLITAN NASHVILLE POLICE DEPT,20150356611,Davidson,Nashville,4/16/2015 1:38:00 PM,2,0,0,36.046150,-86.857470,STATE HWY 254,,,,617.00,Feet,West,WILDWOOD VALLEY DR,,,,0.00,N,Not at Intersection, ,Non-Junction,None,,,         ,Arthur,Hummell,Cloudy,Front to Rear,no,no,no,no,no,False
100818948,METROPOLITAN NASHVILLE POLICE DEPT,20150356657,Davidson,Nashville,4/16/2015 11:52:00 AM,2,0,0,36.215640,-86.597670,ANDREW JACKSON PKWY,,,,185.00,Feet,North,US HWY 70,,,,0.00,N,Not at Intersection,N,Non-Junction,None,,,         ,Wesley,Young,Cloudy,Front to Rear,no,no,no,no,no,False
100818951,METROPOLITAN NASHVILLE POLICE DEPT,2015-356559,Davidson,Nashville,4/16/2015 11:10:00 AM,2,1,0,36.091210,-86.660810,FRANKLIN LIMESTONE RD,,,,384.00,Feet,North,FORGES DR,,,,0.00,N,Not at Intersection,N,Non-Junction,None,,,         ,James,Grady,Cloudy,"Sideswipe, Opposite Direction",no,no,no,no,no,False
100818961,METROPOLITAN NASHVILLE POLICE DEPT,20150356195,Davidson,Nashville,4/16/2015 9:10:00 AM,2,0,0,36.039100,-86.729670,STATE HWY 254,,,,400.00,Feet,East,WOODLAND HILLS DR,,,,0.00,N,Not at Intersection,N,Non-Junction,None,,,         ,Phillip,Murphy,Clear,Front to Rear,no,no,no,no,no,False
100818965,METROPOLITAN NASHVILLE POLICE DEPT,20150356549,Davidson,Nashville,4/16/2015 11:17:00 AM,2,0,0,36.187560,-86.798380,US HWY 41 ALT,,,,0.00,,,RAMP,,,,0.00,Y,Four-Way, ,,None,,,         ,Nathan,Mayo,,,no,no,no,no,no,False
100818967,METROPOLITAN NASHVILLE POLICE DEPT,20150353914,Davidson,Nashville,4/15/2015 7:58:00 PM,1,0,0,36.245250,-86.745500,-- UNKNOWN RAMP/ROAD --,,,,0.00,,,I 65,,,,0.00,Y,OTHER,N,Non-Junction,None,,,         ,Joshua,Reece,Rain,Not Collision with Motor Vehicle in Transport,no,no,no,no,no,False
100818968,METROPOLITAN NASHVILLE POLICE DEPT,20150345136,Davidson,Nashville,4/13/2015 1:30:00 PM,2,0,0,36.039330,-86.783570,EXIT 74B,,,,0.00,,,STATE HWY 254,,,,0.00,Y,OTHER, ,Non-Junction,None,,,         ,Thomas,West,Rain,"Sideswipe, Same Direction",no,no,no,no,yes,False
100818970,METROPOLITAN NASHVILLE POLICE DEPT,20150354467,Davidson,Nashville,4/15/2015 10:39:00 PM,1,0,0,36.173660,-86.605460,RAMP,,,,0.00,Feet,East,STATE HWY 265,,,,0.00,N,Not at Intersection, ,Non-Junction,None,,,         ,Tien,Nguyen,Clear,Not Collision with Motor Vehicle in Transport,no,no,no,no,no,False
100818972,METROPOLITAN NASHVILLE POLICE DEPT,20150345920,Davidson,Nashville,4/13/2015 6:24:00 PM,2,0,0,36.232430,-86.769320,I 65,,,,0.00,,,,,,,89.20,N,Not at Intersection,N,Non-Junction,None,,,         ,Ryan,Sabel,Clear,Front to Rear,no,no,no,no,no,False
100818974,METROPOLITAN NASHVILLE POLICE DEPT,20150356870,Davidson,Nashville,4/16/2015 1:00:00 PM,2,0,0,36.187570,-86.812230,18TH AVE N,,,,0.00,Feet,,MCKINNEY AVE,,,,0.00,Y,Four-Way,N,Intersection,None,,,         ,Ky,Luu,Cloudy,Angle,no,no,no,no,no,False
100818979,METROPOLITAN NASHVILLE POLICE DEPT,20150356886,Davidson,Nashville,4/16/2015 12:58:00 PM,2,0,0,36.126120,-86.696030,STATE HWY 155,,,,283.00,Feet,North,KERMIT DR,,,,0.00,N,Not at Intersection,N,Non-Junction,Construction Zone,Laneclosure,Activity Area,         ,Mitchell,McClay,Clear,Front to Rear,no,no,no,no,no,False
100818991,THP District 3 - Nashville,315020337,Davidson,Nashville,4/16/2015 9:39:00 AM,2,0,0,36.191820,-86.904760,COCKRILL BEND BLVD,,,,2193.00,Feet,West,CENTENNIAL BLVD,,,,0.00,N,Not at Intersection, ,Non-Junction,None,,,         ,Charlie,Caplinger,Cloudy,Front to Rear,no,no,no,yes,no,False
100818992,METROPOLITAN NASHVILLE POLICE DEPT,2015-0356731,Davidson,Nashville,4/16/2015 12:15:00 PM,1,0,0,36.130670,-86.727550,EXIT 53,,,,0.00,,,I 24,,,,0.00,Y,Y-Intersection, ,Non-Junction,None,,,         ,John,Neely,Clear,Not Collision with Motor Vehicle in Transport,no,no,no,no,no,False
100818999,BERRY HILL POLICE DEPT,15-1439,Davidson,Berry Hill,4/16/2015 1:36:00 PM,2,0,0,36.112980,-86.766150,HEATHER PL,,,,56.00,Feet,West,COLUMBINE PL,,,,0.00,N,Not at Intersection, ,"Driveway, Alley Access, etc",None,,,         ,Ronnie,Hill,Cloudy,Angle,no,no,no,no,no,False
100819000,METROPOLITAN NASHVILLE POLICE DEPT,20150356837,Davidson,Nashville,4/16/2015 1:00:00 PM,1,0,0,36.110320,-86.696300,SCHOOL LN,,,,222.00,Feet,West,WEAVER DR,,,,0.00,N,Not at Intersection, ,,None,,,         ,Carey,Steel,,,no,no,no,no,no,False
100819013,METROPOLITAN NASHVILLE POLICE DEPT,20150356328,Davidson,Nashville,4/16/2015 10:01:00 AM,2,1,0,36.169460,-86.806610,DR DB TODD JR BLVD,,,,0.00,,,JEFFERSON ST,,,,0.00,Y,Four-Way,N,Intersection-Related,None,,,         ,Rodney,Clark,Cloudy,Front to Rear,no,no,no,no,no,False
100819024,METROPOLITAN NASHVILLE POLICE DEPT,2015-0356547,Davidson,Nashville,4/16/2015 11:09:00 AM,4,1,0,36.053990,-86.673260,I 24,,,,0.00,,,,,,,58.40,N,Not at Intersection,N,Non-Junction,None,,,         ,William,Whitworth,Cloudy,Not Collision with Motor Vehicle in Transport,no,no,no,no,no,False
100819029,METROPOLITAN NASHVILLE POLICE DEPT,20150357130,Davidson,Nashville,4/16/2015 2:06:00 PM,3,1,0,36.043870,-86.744090,EDMONDSON PIKE,,,,166.00,Feet,North,BRENTWOOD SQ,,,,0.00,N,Not at Intersection,N,Non-Junction,None,,,         ,Tien,Nguyen,Clear,Other,no,no,no,no,no,False
100819034,METROPOLITAN NASHVILLE POLICE DEPT,20150356050,Davidson,Nashville,4/16/2015 8:08:00 AM,2,0,0,36.246940,-86.744160,I 65,,,,0.00,,,,,,,90.95,N,Not at Intersection, ,Non-Junction,None,,,         ,Eric,Westbrook,Clear,Angle,no,no,no,no,no,False
100819063,METROPOLITAN NASHVILLE POLICE DEPT,20150357480,Davidson,Nashville,4/16/2015 3:56:00 PM,2,0,0,36.036380,-86.782720,-- UNKNOWN RAMP/ROAD --,,,,0.00,Feet,East,I 65,,,,0.00,N,Not at Intersection,N,Entrance/Exit Ramp Related,None,,,         ,Tien,Nguyen,Clear,Front to Rear,no,no,no,no,no,False
100819067,METROPOLITAN NASHVILLE POLICE DEPT,20150357216,Davidson,Nashville,4/16/2015 3:00:00 PM,2,0,0,36.140700,-86.732200,I 40,,,,0.00,,,,,,,213.00,N,Not at Intersection,Y,Non-Junction,None,,,         ,Brent,Palte,Clear,Front to Rear,no,no,no,no,no,False
100819068,METROPOLITAN NASHVILLE POLICE DEPT,20150357189,Davidson,Nashville,4/16/2015 2:54:00 PM,1,2,0,36.148810,-86.804560,US HWY 70S,,,,0.00,Feet,,23RD AVE N,,,,0.00,Y,T-Intersection,N,Intersection,None,,,         ,Mekisha,Page,Cloudy,Not Collision with Motor Vehicle in Transport,yes,no,no,no,no,Campus
100819070,METROPOLITAN NASHVILLE POLICE DEPT,2015-0357274,Davidson,Nashville,4/16/2015 3:10:00 PM,1,1,0,36.120780,-86.696950,RAMP,,,,0.00,Feet,East,STATE HWY 155,,,,0.00,N,Not at Intersection,N,Non-Junction,None,,,         ,Brandon,O'Guin,Clear,Not Collision with Motor Vehicle in Transport,no,no,no,no,no,False
100819073,METROPOLITAN NASHVILLE POLICE DEPT,20150357164,Davidson,Nashville,4/16/2015 2:32:00 PM,2,0,0,36.158020,-86.790260,US HWY 70,,,,180.00,Feet,South,CHURCH ST,,,,0.00,N,Not at Intersection, ,Entrance/Exit Ramp Related,None,,,         ,Peter,Knisley,Cloudy,"Sideswipe, Same Direction",no,no,no,no,yes,False
100819076,METROPOLITAN NASHVILLE POLICE DEPT,20150357502,Davidson,Nashville,4/16/2015 2:45:00 PM,2,0,0,36.148040,-86.663940,ELM HILL PIKE,,,,19.00,Feet,West,PATRIOT WAY,,,,0.00,N,Not at Intersection, ,,None,,,         ,John,Kelley,,,no,no,no,no,no,False
100819081,METROPOLITAN NASHVILLE POLICE DEPT,20150357457,Davidson,Nashville,4/16/2015 3:51:00 PM,2,0,0,36.149380,-86.747040,I 40,,,,0.00,,,,,,,211.80,N,Not at Intersection,N,Non-Junction,None,,,         ,Leslie,Hale,Clear,Front to Rear,no,no,no,no,no,False
100819098,METROPOLITAN NASHVILLE POLICE DEPT,20150357745,Davidson,Nashville,4/16/2015 4:35:00 PM,2,0,0,36.153850,-86.757070,I 40,,,,0.00,,,,,,,211.15,N,Not at Intersection, ,,None,,,         ,Brent,Palte,,,no,no,no,no,no,False
100819106,METROPOLITAN NASHVILLE POLICE DEPT,20150353106,Davidson,Nashville,4/15/2015 4:00:00 PM,3,1,0,36.240400,-86.748870,STATE HWY 155,,,,200.00,Feet,East,-- UNKNOWN RAMP/ROAD --,,,,0.00,N,Not at Intersection,N,Non-Junction,None,,,         ,Justin,Coyle,Clear,"Sideswipe, Same Direction",no,no,no,no,yes,False
100819107,METROPOLITAN NASHVILLE POLICE DEPT,20150353724,Davidson,Nashville,4/15/2015 7:00:00 PM,2,0,0,36.229790,-86.756280,HILLSIDE RD,,,,0.00,,,BROADMOOR DR,,,,0.00,Y,Four-Way,N,Non-Junction,None,,,         ,Justin,Coyle,Rain,Angle,no,no,no,no,no,False
100819108,METROPOLITAN NASHVILLE POLICE DEPT,20150357161,Davidson,Nashville,4/16/2015 2:50:00 PM,2,0,0,36.229420,-86.759260,US HWY 31W,,,,0.00,,,BROADMOOR DR,,,,0.00,Y,Four-Way, ,Intersection,None,,,         ,Justin,Coyle,Cloudy,Front to Rear,no,no,no,no,no,False
100819113,GOODLETTSVILLE POLICE DEPT,15-14743,Davidson,Goodlettsville,4/16/2015 5:09:00 PM,3,0,0,36.327690,-86.699310,STATE HWY 174,,,,194.00,Feet,South,NORTHCREEK BLVD,,,,0.00,N,Not at Intersection, ,Non-Junction,None,,,         ,Benny,Alexander,Cloudy,Front to Rear,no,no,no,no,no,False
100819116,METROPOLITAN NASHVILLE POLICE DEPT,20150357866,Davidson,Nashville,4/16/2015 5:30:00 PM,2,0,0,36.232230,-86.623900,SHUTE LN,,,,233.00,Feet,East,STATE HWY 45,,,,0.00,N,Not at Intersection, ,Non-Junction,None,,,         ,Shawn,Taylor,Cloudy,Angle,no,no,no,no,no,False
100819125,METROPOLITAN NASHVILLE POLICE DEPT,20150357703,Davidson,Nashville,4/16/2015 4:38:00 PM,2,0,0,36.040010,-86.743490,STATE HWY 254,,,,0.00,,,EDMONDSON PIKE,,,,0.00,Y,Four-Way, ,Intersection-Related,None,,,         ,Tien,Nguyen,Clear,Front to Rear,no,no,no,no,no,False
100819126,METROPOLITAN NASHVILLE POLICE DEPT,20150357809,Davidson,Nashville,4/16/2015 5:12:00 PM,2,1,0,36.038040,-86.744140,HONEY CREEK LN,,,,0.00,,,BONNIE BRIDGE RD,,,,0.00,Y,T-Intersection,N,Intersection-Related,None,,,         ,Tien,Nguyen,Clear,Angle,no,no,no,no,no,False
100819127,METROPOLITAN NASHVILLE POLICE DEPT,2015-0347701,Davidson,Nashville,4/14/2015 8:14:00 AM,3,0,0,36.143790,-86.689740,I 40,,,,0.00,,,,,,,215.30,N,Not at Intersection,N,Non-Junction,None,,,         ,Jeb,Johnston,Cloudy,Front to Rear,no,no,no,no,no,False
100819132,METROPOLITAN NASHVILLE POLICE DEPT,20150357717,Davidson,Nashville,4/16/2015 12:20:00 AM,1,0,0,36.190050,-86.588940,TULIP GROVE LN,,,,254.00,Feet,West,WITHERS PL,,,,0.00,N,Not at Intersection, ,,,,,         ,Daniel,Motte,,,no,no,no,no,no,False
100819134,METROPOLITAN NASHVILLE POLICE DEPT,20150357692,Davidson,Nashville,4/16/2015 4:33:00 PM,2,0,0,36.120080,-86.802570,I 440,,,,0.00,,,,,,,3.00,N,Not at Intersection, ,Non-Junction,None,,,         ,Charles,Griffin,Cloudy,Front to Rear,no,no,no,no,no,False
100819138,METROPOLITAN NASHVILLE POLICE DEPT,20150354190,Davidson,Nashville,4/15/2015 9:13:00 PM,2,0,0,36.203740,-86.739960,E TRINITY LN,,,,348.00,Feet,East,CASPER AVE,,,,0.00,N,Not at Intersection,N,Non-Junction,None,,,         ,Cressie,Prill,Clear,"Sideswipe, Same Direction",no,no,no,no,no,False
100819139,METROPOLITAN NASHVILLE POLICE DEPT,20150357706,Davidson,Nashville,4/16/2015 4:51:00 PM,2,1,0,36.193380,-86.753290,DOUGLAS AVE,,,,0.00,,,-- UNKNOWN RAMP/ROAD --,,,,0.00,Y,OTHER,N,Intersection,None,,,         ,Cressie,Prill,Cloudy,Angle,no,no,no,no,no,False
100819147,GOODLETTSVILLE POLICE DEPT,15-14745,Davidson,Goodlettsville,4/16/2015 5:40:00 PM,2,0,0,36.328530,-86.707190,I 65,,,,0.00,,,,,,,97.35,N,Not at Intersection,N,Non-Junction,None,,,         ,Jeremy,Baker,Cloudy,Front to Rear,no,no,no,no,no,False
100819149,METROPOLITAN NASHVILLE POLICE DEPT,2015-0357512,Davidson,Nashville,4/16/2015 4:03:00 PM,2,0,0,36.046820,-86.777390,I 65,,,,0.00,,,,,,,75.25,N,Not at Intersection, ,Non-Junction,None,,,         ,William,King,Cloudy,Front to Rear,no,no,no,no,no,False
100819150,METROPOLITAN NASHVILLE POLICE DEPT,2015-0357651,Davidson,Nashville,4/16/2015 4:03:00 PM,2,0,0,36.046810,-86.777400,I 65,,,,0.00,,,,,,,75.25,N,Not at Intersection, ,Non-Junction,None,,,         ,William,King,Cloudy,Front to Rear,no,no,no,no,no,False
100819152,BERRY HILL POLICE DEPT,15-1441,Davidson,Nashville,4/16/2015 4:50:00 PM,2,0,0,36.111050,-86.771050,I 65,,,,0.00,,,,,,,79.80,N,Not at Intersection, ,Non-Junction,None,,,         ,John,Gleixner,Cloudy,"Sideswipe, Same Direction",no,no,no,no,no,False
100819158,METROPOLITAN NASHVILLE POLICE DEPT,20150357804,Davidson,Nashville,4/16/2015 5:18:00 PM,2,2,0,36.155310,-86.804830,21ST AVE N,,,,0.00,,,MURPHY AVE,,,,0.00,Y,T-Intersection,N,Intersection,None,,,         ,Mekisha,Page,Cloudy,Angle,no,no,no,no,no,False
100819164,METROPOLITAN NASHVILLE POLICE DEPT,20150357923,Davidson,Nashville,4/16/2015 5:46:00 PM,2,1,0,36.157060,-86.803830,US HWY 70,,,,0.00,,,SPRUCE ST,,,,0.00,Y,T-Intersection,Y,OtherLocation,None,,,         ,Michael,Brooks,Cloudy,Angle,no,no,no,no,no,False
100819166,METROPOLITAN NASHVILLE POLICE DEPT,20150358167,Davidson,Nashville,4/16/2015 6:47:00 PM,2,0,0,36.072100,-86.732910,WHISPERING HILLS DR,,,,0.00,,,EDMONDSON PIKE,,,,0.00,Y,Four-Way,N,Intersection-Related,None,,,         ,Tien,Nguyen,Clear,"Sideswipe, Same Direction",no,no,no,no,no,False