master_record_number,agency,agency_tracking_number,county,city,collision_date,vehicles_involved,number_injured,number_dead,latitude,longitude,roadway_name,roadway_suffix,roadway_number,roadway_local_id,distance_from_reference,miles-feet_indicator,direction_from_reference,intersection_road_name,intersection_road_name_suffix,intersection_road_number,intersection_local_id,mile_marker,intersection_indicator,intersect_type,interchange_related_indicator,relation_to_junction,work_zone_type,construction_maintenance_zone,construction_maintenance_zone_location,fatal_case_number,officer_first_name,officer_last_name,weather_condition(s),manner_of_crash,pedestrian,bicycle,scooter,parking,hitrun,mou
100819167,METROPOLITAN NASHVILLE POLICE DEPT,20150357835,Davidson,Nashville,4/16/2015 5:26:00 PM,2,0,0,36.152750,-86.779270,US HWY 31,,,,0.00,,,DREXEL ST,,,,0.00,Y,T-Intersection, ,Non-Junction,None,,,         ,Aaron,Thomas,Cloudy,"Sideswipe, Opposite Direction",no,no,no,no,no,False
100819181,METROPOLITAN NASHVILLE POLICE DEPT,20150357221,Davidson,Nashville,4/16/2015 2:40:00 PM,2,0,0,36.228900,-86.591340,WOODSIDE DR,,,,0.00,,,SAUNDERSVILLE RD,,,,0.00,Y,Four-Way, ,Non-Junction,None,,,         ,James,DeSantis,Cloudy,"Sideswipe, Same Direction",no,no,no,no,yes,False
100819183,METROPOLITAN NASHVILLE POLICE DEPT,20150357784,Davidson,Not in City Limit,4/16/2015 5:44:00 PM,1,0,0,36.020730,-86.664990,PETTUS RD,,,,1633.00,Feet,South,PRESTON RD,,,,0.00,N,Not at Intersection,N,Non-Junction,None,,,         ,Jessie,Meadows,Clear,Not Collision with Motor Vehicle in Transport,no,no,no,no,yes,False
100819189,METROPOLITAN NASHVILLE POLICE DEPT,20150357963,Davidson,Nashville,4/16/2015 5:10:00 PM,1,0,0,36.200720,-86.786740,SEMINARY ST,,,,0.00,,,,,,,0.00,,,N,Non-Junction,None,,,         ,Joshua,Reece,Cloudy,Not Collision with Motor Vehicle in Transport,no,no,no,no,no,False
100819193,METROPOLITAN NASHVILLE POLICE DEPT,20150357659,Davidson,Nashville,4/16/2015 4:15:00 PM,2,0,0,36.162090,-86.820500,I 40,,,,0.00,,,,,,,206.25,N,Not at Intersection, ,Non-Junction,None,,,         ,Alex,Lampley,Cloudy,Front to Rear,no,no,no,no,no,False
100819196,METROPOLITAN NASHVILLE POLICE DEPT,20150357887,Davidson,Nashville,4/16/2015 5:38:00 PM,2,0,0,36.112230,-86.922770,-- UNKNOWN RAMP/ROAD --,,,,0.00,Feet,,I 40,,,,0.00,Y,Four-Way, ,Entrance/Exit Ramp Related,None,,,         ,John,Thomas,Clear,Front to Rear,no,no,no,no,no,False
100819198,METROPOLITAN NASHVILLE POLICE DEPT,20150358225,Davidson,Nashville,4/16/2015 5:53:00 PM,2,0,0,36.231880,-86.801530,EWING DR,,,,16.00,Feet,East,CLAYMILLE BLVD,,,,0.00,N,Not at Intersection,N,Non-Junction,None,,,         ,Tyler,McDaniel,Cloudy,Front to Rear,no,no,no,no,no,False
100819206,METROPOLITAN NASHVILLE POLICE DEPT,20150358363,Davidson,Nashville,4/16/2015 7:40:00 PM,2,0,0,36.049480,-86.646340,BELL FORGE LN E,,,,504.00,Feet,South,HICKORY HOLLOW TER,,,,0.00,N,Not at Intersection,N,Non-Junction,None,,,         ,Kevin,Keating,Clear,Front to Rear,no,no,no,no,no,False
100819207,METROPOLITAN NASHVILLE POLICE DEPT,20150337905,Davidson,Goodlettsville,4/10/2015 7:50:00 PM,2,0,0,36.288920,-86.704420,US HWY 31E,,,,711.00,Feet,South,ALTUS AVE,,,,0.00,N,Not at Intersection, ,Non-Junction,None,,,         ,Nathan,Dungan,Clear,Front to Rear,no,no,no,no,no,False
100819209,METROPOLITAN NASHVILLE POLICE DEPT,20150358349,Davidson,Nashville,4/16/2015 7:47:00 PM,1,1,0,36.121920,-86.805870,-- UNKNOWN RAMP/ROAD --,,,,0.00,Feet,East,I 440,,,,0.00,N,Not at Intersection,N,Non-Junction,None,,,         ,Mekisha,Page,Cloudy,Not Collision with Motor Vehicle in Transport,no,no,no,no,no,False
100819218,METROPOLITAN NASHVILLE POLICE DEPT,20150358424,Davidson,Nashville,4/16/2015 7:50:00 PM,2,0,0,36.045410,-86.703020,STATE HWY 254,,,,171.00,Feet,East,EULALA DR,,,,0.00,N,Not at Intersection, ,Non-Junction,None,,,         ,Jacob,Miller,Clear,"Sideswipe, Same Direction",no,no,no,no,no,False
100819221,METROPOLITAN NASHVILLE POLICE DEPT,20150357414,Davidson,Nashville,4/16/2015 3:43:00 PM,2,1,0,36.141720,-86.778750,CHESTNUT ST,,,,0.00,,,EDGEHILL AVE,,,,0.00,Y,Four-Way,N,Intersection-Related,None,,,         ,Michael,Schlegel,Cloudy,Front to Rear,no,no,no,no,no,False
100819230,METROPOLITAN NASHVILLE POLICE DEPT,20150358513,Davidson,Not in City Limit,4/16/2015 8:30:00 PM,1,0,0,36.016640,-86.706610,US HWY 31 ALT,,,,215.00,Feet,South,HILLS CHAPEL RD,,,,0.00,N,Not at Intersection, ,Non-Junction,None,,,         ,Tien,Nguyen,Clear,Not Collision with Motor Vehicle in Transport,no,no,no,no,no,False
100819232,METROPOLITAN NASHVILLE POLICE DEPT,20150358635,Davidson,Nashville,4/16/2015 9:12:00 PM,1,1,0,36.198030,-86.690130,OPRY MILLS DR,,,,338.00,Feet,East,OPRY MILLS DR,,,,0.00,N,Not at Intersection,N,Non-Junction,None,,,         ,Jiyayi,Suleyman,Clear,Not Collision with Motor Vehicle in Transport,no,no,no,no,no,False
100819236,THP District 1 - Knoxville,315020200,Davidson,Nashville,4/15/2015 11:55:00 AM,2,0,0,36.157250,-86.634680,STEWARTS FERRY PIKE,,,,99.00,Feet,West,CONNECTING ROAD,,,,0.00,N,Not at Intersection, ,Non-Junction,None,,,         ,Adam,Miracle,Clear,Front to Rear,no,no,no,no,no,False
100819238,METROPOLITAN NASHVILLE POLICE DEPT,20150358569,Davidson,Antioch,4/16/2015 9:01:00 PM,2,0,0,36.065960,-86.601450,MOUNT VIEW RD,,,,554.00,Feet,West,BELLE OAKS DR,,,,0.00,N,Not at Intersection, ,Non-Junction,None,,,         ,Jessie,Meadows,Clear,Angle,no,no,no,no,no,False
100819240,METROPOLITAN NASHVILLE POLICE DEPT,20150358428,Davidson,Nashville,4/16/2015 6:15:00 PM,2,1,0,36.207300,-86.791870,US HWY 431,,,,124.00,Feet,North,BAPTIST WORLD CENTER DR,,,,0.00,N,Not at Intersection,N,Non-Junction,None,,,         ,Zachary,Ronan,Clear,HeadOn,no,no,no,no,no,False
100819241,METROPOLITAN NASHVILLE POLICE DEPT,20150358431,Davidson,Nashville,4/16/2015 8:18:00 PM,2,2,0,36.183550,-86.610720,STATE HWY 45,,,,0.00,,,ANDREW JACKSON PKWY,,,,0.00,Y,Four-Way,N,Intersection,None,,,         ,James,DeSantis,Cloudy,Angle,no,no,no,no,no,False
100819259,METROPOLITAN NASHVILLE POLICE DEPT,20150349955,Davidson,Madison,4/14/2015 8:10:00 PM,2,0,0,36.263060,-86.711910,STATE HWY 45,,,,0.00,,,US HWY 31E,,,,0.00,Y,Four-Way,N,Intersection,None,,,         ,Nathan,Dungan,Rain,Angle,no,no,no,no,no,False
100819260,METROPOLITAN NASHVILLE POLICE DEPT,20150353026,Davidson,Not in City Limit,4/15/2015 3:30:00 PM,2,0,0,36.257710,-86.707060,IDLEWILD AVE,,,,0.00,,,HARRIS ST,,,,0.00,Y,Four-Way,N,Intersection,None,,,         ,Nathan,Dungan,Cloudy,Angle,no,no,no,no,no,False
100819262,METROPOLITAN NASHVILLE POLICE DEPT,20150354079,Davidson,Whites Creek,4/15/2015 8:45:00 PM,1,0,0,36.277200,-86.798320,-- UNKNOWN RAMP/ROAD --,,,,0.00,Feet,East,I 24,,,,0.00,N,Not at Intersection,Y,Entrance/Exit Ramp Related,None,,,         ,Nathan,Dungan,Rain,Not Collision with Motor Vehicle in Transport,no,no,no,no,no,False
100819263,METROPOLITAN NASHVILLE POLICE DEPT,20150357723,Davidson,Goodlettsville,4/16/2015 4:55:00 PM,3,1,0,36.286600,-86.726940,I 65,,,,0.00,,,,,,,93.90,N,Not at Intersection,N,Non-Junction,None,,,         ,Nathan,Dungan,Cloudy,Front to Rear,no,no,no,no,no,False
100819271,METROPOLITAN NASHVILLE POLICE DEPT,20150343093,Davidson,Nashville,4/13/2015 11:04:00 PM,2,0,0,36.157990,-86.784180,US HWY 70,,,,0.00,,,10TH AVE N,,,,0.00,Y,Four-Way, ,Intersection,None,,,         ,Carlos,angulo,Clear,Front to Rear,no,no,no,no,no,False
100819273,METROPOLITAN NASHVILLE POLICE DEPT,20150355684,Davidson,Not in City Limit,4/16/2015 4:53:00 AM,1,1,0,36.265980,-86.856960,US HWY 41 ALT,,,,326.00,Feet,South,STENBERG RD,,,,0.00,N,Not at Intersection,N,Non-Junction,None,,,         ,Joshua,Hausman,Clear,Not Collision with Motor Vehicle in Transport,no,no,no,no,no,False
100819282,METROPOLITAN NASHVILLE POLICE DEPT,20150359299,Davidson,Nashville,4/17/2015 1:00:00 AM,1,1,0,36.227560,-86.688370,PENNINGTON BEND RD,,,,1579.00,Feet,North,VALLEY BEND DR,,,,0.00,N,Not at Intersection,N,Non-Junction,None,,,         ,Benjamin,Cole,Clear,Not Collision with Motor Vehicle in Transport,no,no,no,no,no,False
100819303,METROPOLITAN NASHVILLE POLICE DEPT,20150359415,Davidson,Nashville,4/17/2015 1:54:00 AM,4,0,0,36.172540,-86.807170,KNOWLES ST,,,,202.00,Feet,East,DR DB TODD JR BLVD,,,,0.00,N,Not at Intersection,N,Non-Junction,None,,,         ,Nicholas,Carter,Clear,"Sideswipe, Opposite Direction",no,no,no,no,yes,False
100819306,METROPOLITAN NASHVILLE POLICE DEPT,20150358966,Davidson,Nashville,4/16/2015 11:05:00 PM,2,1,0,36.132370,-86.779120,US HWY 31,,,,54.00,Feet,South,S DOUGLAS AVE,,,,0.00,N,Not at Intersection,N,Non-Junction,None,,,         ,Devon,Morgan,Clear,"Sideswipe, Same Direction",no,no,no,no,no,False
100819314,METROPOLITAN NASHVILLE POLICE DEPT,20150359052,Davidson,Nashville,4/16/2015 12:00:00 AM,2,0,0,36.075070,-86.920410,US HWY 70S,,,,0.00,,,,,,,0.00,,,N,Non-Junction,None,,,         ,Ryan,McManman,Clear,Rear to Rear,no,no,no,yes,yes,False
100819322,METROPOLITAN NASHVILLE POLICE DEPT,20150345026,Davidson,Nashville,4/13/2015 11:00:00 AM,2,0,0,36.128600,-86.815860,I 440,,,,0.00,,,,,,,2.10,N,Not at Intersection,N,Non-Junction,None,,,         ,James,Smith,Rain,Front to Rear,no,no,no,no,yes,False
100819328,GOODLETTSVILLE POLICE DEPT,15-14330,Davidson,Goodlettsville,4/13/2015 1:35:00 PM,2,0,0,36.323120,-86.707510,STATE HWY 174,,,,0.00,,,S CARTWRIGHT ST,,,,0.00,Y,Four-Way,N,Intersection,None,,,         ,John,Spencer,Rain,Angle,no,no,no,no,no,False
100819331,METROPOLITAN NASHVILLE POLICE DEPT,20150336032,Davidson,Not in City Limit,4/10/2015 8:40:00 AM,1,1,0,36.269580,-86.767620,BELL GRIMES LN,,,,293.00,Feet,East,RUGBY DR,,,,0.00,N,Not at Intersection,N,Non-Junction,None,,,         ,Melvin,Brown III,Clear,Not Collision with Motor Vehicle in Transport,no,no,no,no,no,False
100819342,METROPOLITAN NASHVILLE POLICE DEPT,20150357244,Davidson,Nashville,4/16/2015 3:05:00 PM,2,0,0,36.150090,-86.805490,23RD AVE N,,,,8.00,Feet,North,ELLISTON PL,,,,0.00,N,Not at Intersection, ,Non-Junction,None,,,         ,Joseph,Jakes,Clear,Front to Rear,no,no,no,no,no,Campus
100819355,METROPOLITAN NASHVILLE POLICE DEPT,20150358955,Davidson,Nashville,4/16/2015 11:00:00 PM,2,0,0,36.166220,-86.765790,SHELBY AVE,,,,0.00,,,INTERSTATE DR,,,,0.00,Y,Four-Way,N,Intersection-Related,None,,,         ,Jared,Zwilling,Clear,Front to Rear,no,no,no,no,no,False
100819372,METROPOLITAN NASHVILLE POLICE DEPT,20150360151,Davidson,Nashville,4/17/2015 7:44:00 AM,2,1,0,36.168510,-86.688000,US HWY 70,,,,0.00,,,-- UNKNOWN RAMP/ROAD --,,,,0.00,Y,OTHER,N,Intersection,None,,,         ,Mitchell,McClay,Clear,Angle,no,no,no,no,no,False
100819374,METROPOLITAN NASHVILLE POLICE DEPT,20150360207,Davidson,Nashville,4/17/2015 8:21:00 AM,2,0,0,36.198800,-86.730270,ANN ST,,,,0.00,,,PENNINGTON AVE,,,,0.00,Y,T-Intersection, ,Non-Junction,None,,,         ,Jared,Eaves,Clear,Angle,no,no,no,no,no,False
100819375,METROPOLITAN NASHVILLE POLICE DEPT,2015-0360106,Davidson,Nashville,4/17/2015 7:30:00 AM,1,1,0,36.159650,-86.865850,STATE HWY 155,,,,767.00,Feet,East,DULUTH AVE,,,,0.00,N,Not at Intersection,N,Non-Junction,None,,,         ,Curtis,Rich,Cloudy,Not Collision with Motor Vehicle in Transport,no,no,no,no,no,False
100819378,METROPOLITAN NASHVILLE POLICE DEPT,2015-0360013,Davidson,Not in City Limit,4/17/2015 6:54:00 AM,4,0,0,36.020460,-86.627130,I 24,,,,0.00,,,,,,,62.00,N,Not at Intersection, ,Entrance/Exit Ramp Related,None,,,         ,William,Whitworth,Cloudy,Front to Rear,no,no,no,no,no,False
100819383,METROPOLITAN NASHVILLE POLICE DEPT,2015-0360041,Davidson,Nashville,4/17/2015 6:00:00 AM,2,0,0,36.157150,-86.771180,PEABODY ST,,,,0.00,,,1ST AVE S,,,,0.00,Y,OTHER, ,,,,,         ,Daniel,Massey,,,no,no,no,no,no,False
100819387,METROPOLITAN NASHVILLE POLICE DEPT,20150360253,Davidson,Nashville,4/17/2015 8:14:00 AM,2,0,0,36.103240,-86.815910,WARFIELD DR,,,,67.00,Feet,East,US HWY 431,,,,0.00,N,Not at Intersection, ,,None,,,         ,Mikala,Moore,,,no,no,no,no,no,False
100819392,METROPOLITAN NASHVILLE POLICE DEPT,20150360139,Davidson,Nashville,4/17/2015 12:00:00 AM,2,3,0,36.091970,-86.651740,US HWY 41,,,,990.00,Feet,South,OLD MURFREESBORO PIKE,,,,0.00,N,Not at Intersection,N,Non-Junction,None,,,         ,David,Simmonds,Clear,Front to Rear,no,no,no,no,no,False
100819397,METROPOLITAN NASHVILLE POLICE DEPT,20150360182,Davidson,Nashville,4/17/2015 7:50:00 AM,1,1,0,36.084930,-86.703390,TRAVELERS INN DR,,,,0.00,,,STATE HWY 255,,,,0.00,Y,T-Intersection,Y,Intersection,None,,,         ,Adam,Crutcher,Clear,Not Collision with Motor Vehicle in Transport,no,yes,no,no,no,False
100819409,METROPOLITAN NASHVILLE POLICE DEPT,2015-0360208,Davidson,Nashville,4/17/2015 7:45:00 AM,3,1,0,36.082970,-86.646920,US HWY 41,,,,88.00,Feet,North,SHUMATE LN,,,,0.00,N,Not at Intersection,N,OtherLocation,None,,,         ,Roderic,Williams,Clear,Front to Rear,no,no,no,no,no,False
100819411,METROPOLITAN NASHVILLE POLICE DEPT,20150360165,Davidson,Nashville,4/17/2015 7:39:00 AM,2,0,0,36.160560,-86.644510,STEWARTS FERRY PIKE,,,,0.00,,,CLOVER BTM,,,,0.00,Y,T-Intersection, ,Intersection,None,,,         ,Wesley,Young,Clear,Angle,no,no,no,no,no,False
100819412,METROPOLITAN NASHVILLE POLICE DEPT,2015-0360418,Davidson,Nashville,4/17/2015 9:20:00 AM,3,0,0,36.115350,-86.917490,I 40,,,,0.00,,,,,,,199.60,N,Not at Intersection, ,,None,,,         ,Curtis,Rich,,,no,no,no,no,no,False
100819421,METROPOLITAN NASHVILLE POLICE DEPT,20150360135,Davidson,Not in City Limit,4/17/2015 7:03:00 AM,2,0,0,36.277260,-86.816580,LICKTON PIKE,,,,0.00,,,,,,,0.00,,, ,"Driveway, Alley Access, etc",None,,,         ,Warren,Thomas,Clear,"Sideswipe, Same Direction",no,no,no,yes,no,False
100819426,METROPOLITAN NASHVILLE POLICE DEPT,2015-0356957,Davidson,Nashville,4/16/2015 1:25:00 PM,2,0,0,36.193920,-86.743690,GALLATIN AVE,,,,0.00,,,STROUSE AVE,,,,0.00,Y,T-Intersection,N,Intersection,None,,,         ,Coleman,Womack,Cloudy,Angle,no,no,no,no,yes,False
100819427,METROPOLITAN NASHVILLE POLICE DEPT,20150360409,Davidson,Nashville,4/17/2015 9:06:00 AM,2,0,0,36.151810,-86.771240,US HWY 41,,,,0.00,Feet,,4TH AVE S,,,,0.00,Y,Four-Way, ,Non-Junction,None,,,         ,Tamara,Zurawski,Cloudy,Angle,no,no,no,no,no,False
100819431,METROPOLITAN NASHVILLE POLICE DEPT,20150360176,Davidson,Nashville,4/17/2015 7:41:00 AM,2,0,0,36.046850,-86.679410,STATE HWY 254,,,,0.00,,,BRITTANY PARK DR,,,,0.00,Y,T-Intersection, ,Intersection-Related,None,,,         ,Megan,Arnett,Clear,Angle,no,no,no,no,no,False
100819447,METROPOLITAN NASHVILLE POLICE DEPT,20150360428,Davidson,Nashville,4/17/2015 9:15:00 AM,3,2,0,36.112140,-86.773140,RAMP,,,,0.00,Feet,East,I 65,,,,0.00,N,Not at Intersection,Y,Entrance/Exit Ramp Related,None,,,         ,Mikala,Moore,Cloudy,Front to Rear,no,no,no,no,no,False
100819451,METROPOLITAN NASHVILLE POLICE DEPT,2015-0360596,Davidson,Nashville,4/17/2015 9:50:00 AM,2,0,0,36.162980,-86.774820,1ST AVE N,,,,272.00,Feet,North,US HWY 70,,,,0.00,N,Not at Intersection, ,"Driveway, Alley Access, etc",None,,,         ,Paul,Sorace,Cloudy,"Sideswipe, Same Direction",no,no,no,no,no,False
100819455,METROPOLITAN NASHVILLE POLICE DEPT,20150360417,Davidson,Nashville,4/17/2015 9:00:00 AM,2,0,0,36.135250,-86.724190,US HWY 41,,,,300.00,Feet,East,SPENCE LN,,,,0.00,N,Not at Intersection,N,Non-Junction,None,,,         ,Wesley,Young,Cloudy,"Sideswipe, Same Direction",no,no,no,no,yes,False
100819457,METROPOLITAN NASHVILLE POLICE DEPT,20150360597,Davidson,Nashville,4/17/2015 8:00:00 AM,2,0,0,36.231600,-86.781520,EWING DR,,,,0.00,,,BRICK CHURCH PIKE,,,,0.00,Y,Four-Way,N,Intersection,None,,,         ,Jordan,Lowry,Cloudy,Front to Rear,no,no,no,no,no,False
100819458,METROPOLITAN NASHVILLE POLICE DEPT,2015-0360628,Davidson,Nashville,4/17/2015 10:22:00 AM,2,1,0,36.124990,-86.847610,STATE HWY 155,,,,0.00,,,US HWY 70S,,,,0.00,Y,Four-Way,N,Intersection,None,,,         ,Curtis,Rich,Cloudy,Angle,no,no,no,no,no,False
100819461,METROPOLITAN NASHVILLE POLICE DEPT,20150360230,Davidson,Nashville,4/17/2015 8:09:00 AM,2,0,0,36.168370,-86.656870,STEWARTS FERRY PIKE,,,,0.00,,,MUNN RD,,,,0.00,Y,Four-Way,N,Intersection-Related,None,,,         ,Jessie,Loy,Cloudy,Front to Rear,no,no,no,no,no,False
100819463,METROPOLITAN NASHVILLE POLICE DEPT,20150356955,Davidson,Nashville,4/16/2015 1:25:00 PM,2,2,0,36.154870,-86.763350,US HWY 70,,,,0.00,,,LINDSLEY AVE,,,,0.00,Y,Four-Way,N,Intersection,None,,,         ,Catherine,Poole,Cloudy,Angle,no,no,no,no,no,False
100819478,THP District 9 - Administrative,315020623,Davidson,Nashville,4/17/2015 10:15:00 AM,2,0,0,36.173040,-86.781800,2ND AVE N,,,,0.00,,,,,,,0.00,,,N,Non-Junction,None,,,         ,Michael,Morgan,Clear,Angle,no,no,no,no,no,False
100819480,METROPOLITAN NASHVILLE POLICE DEPT,20150360821,Davidson,Nashville,4/17/2015 11:15:00 AM,2,1,0,36.075180,-86.918730,US HWY 70S,,,,693.00,Feet,East,STATE HWY 251,,,,0.00,N,Not at Intersection,N,Non-Junction,None,,,         ,Wesley,Tilley,Cloudy,HeadOn,no,no,no,no,no,False
100819488,METROPOLITAN NASHVILLE POLICE DEPT,20150360126,Davidson,Nashville,4/17/2015 7:45:00 AM,2,0,0,36.184060,-86.793690,BUCHANAN ST,,,,0.00,,,5TH AVE N,,,,0.00,Y,Four-Way, ,,,,,         ,Rodney,Clark,,,no,no,no,no,no,False
100819508,METROPOLITAN NASHVILLE POLICE DEPT,2015-0360691,Davidson,Nashville,4/17/2015 10:35:00 AM,2,0,0,36.233610,-86.724730,-- UNKNOWN RAMP/ROAD --,,,,0.00,,,GALLATIN PIKE,,,,0.00,Y,Four-Way,N,Intersection,None,,,         ,Coleman,Womack,Cloudy,Angle,no,no,no,no,no,False
100819510,METROPOLITAN NASHVILLE POLICE DEPT,2015-0360203,Davidson,Hermitage,4/17/2015 7:55:00 AM,2,0,0,36.189270,-86.627790,US HWY 70,,,,573.00,Feet,East,HICKORY HILL LN,,,,0.00,N,Not at Intersection, ,Non-Junction,None,,,         ,Michael,Baker,Cloudy,Angle,no,no,no,no,no,False
100819511,METROPOLITAN NASHVILLE POLICE DEPT,20150361111,Davidson,Nashville,4/17/2015 12:38:00 PM,2,0,0,36.118900,-86.749200,US HWY 31 ALT,,,,0.00,,,ELBERTA ST,,,,0.00,Y,T-Intersection, ,,None,,,         ,Ian,Hammond,,,no,no,no,no,no,False
100819513,METROPOLITAN NASHVILLE POLICE DEPT,20150361182,Davidson,Nashville,4/17/2015 1:17:00 PM,2,0,0,36.155110,-86.627010,-- UNKNOWN RAMP/ROAD --,,,,0.00,,,I 40,,,,0.00,Y,Four-Way, ,Intersection,None,,,         ,Wesley,Young,Cloudy,Front to Rear,no,no,no,no,no,False
100819518,METROPOLITAN NASHVILLE POLICE DEPT,20150361026,Davidson,Nashville,4/17/2015 12:30:00 PM,2,0,0,36.125630,-86.709840,BOWWOOD CT,,,,0.00,,,US HWY 41,,,,0.00,Y,T-Intersection, ,Intersection,None,,,         ,John,Nicholson,Cloudy,Angle,no,no,no,no,no,False
100819519,METROPOLITAN NASHVILLE POLICE DEPT,2015349154,Davidson,Nashville,4/15/2015 6:00:00 PM,2,0,0,36.153010,-86.857540,STATE HWY 155,,,,0.00,,,STATE HWY 155,,,,0.00,Y,Four-Way, ,Entrance/Exit Ramp Related,None,,,         ,Thomas,Burns,Rain,Front to Rear,no,no,no,no,yes,False
100819525,METROPOLITAN NASHVILLE POLICE DEPT,20150356115,Davidson,Nashville,4/16/2015 8:48:00 AM,2,0,0,36.135490,-86.797150,18TH AVE S,,,,0.00,,,MAGNOLIA BLVD,,,,0.00,Y,T-Intersection, ,Intersection,None,,,         ,Darrell,Osment,Cloudy,Front to Rear,no,no,no,no,no,False
100819527,METROPOLITAN NASHVILLE POLICE DEPT,20150361068,Davidson,Nashville,4/17/2015 12:39:00 PM,2,2,0,36.115680,-86.777100,I 440,,,,0.00,,,,,,,4.70,N,Not at Intersection,Y,Non-Junction,None,,,         ,Phillip,Murphy,Clear,Front to Rear,no,no,no,no,no,False
100819529,METROPOLITAN NASHVILLE POLICE DEPT,2015-0361164,Davidson,Nashville,4/17/2015 12:15:00 PM,2,0,0,36.152890,-86.783720,11TH AVE S,,,,0.00,,,PINE ST,,,,0.00,Y,OTHER, ,,None,,,         ,Charles,Coe,,,no,no,no,no,no,False
100819539,METROPOLITAN NASHVILLE POLICE DEPT,2015-0361252,Davidson,Nashville,4/17/2015 1:40:00 PM,2,0,0,36.129990,-86.901340,US HWY 70,,,,194.00,Feet,West,CABOT DR,,,,0.00,N,Not at Intersection,N,Non-Junction,None,,,         ,Walter,Gray II,Clear,Unknown,no,no,no,no,yes,False
100819570,METROPOLITAN NASHVILLE POLICE DEPT,20150361386,Davidson,Nashville,4/17/2015 2:23:00 PM,2,0,0,36.134410,-86.800640,RAMP,,,,0.00,Feet,East,MAGNOLIA BLVD,,,,0.00,N,Not at Intersection, ,Non-Junction,None,,,         ,Nicholas,Smith,Clear,Front to Rear,no,no,no,no,no,False
100819573,METROPOLITAN NASHVILLE POLICE DEPT,20150361261,Davidson,Nashville,4/17/2015 12:00:00 AM,2,0,0,36.144110,-86.789690,TREMONT AVE,,,,97.00,Feet,West,14TH AVE S,,,,0.00,N,Not at Intersection, ,Non-Junction,None,,,         ,Thomas,West,Unknown,Unknown,no,no,no,no,yes,False
100819574,METROPOLITAN NASHVILLE POLICE DEPT,20150361327,Davidson,Nashville,4/17/2015 11:20:00 AM,2,0,0,36.154610,-86.812130,25TH AVE N,,,,180.00,Feet,North,PARK PLZ,,,,0.00,N,Not at Intersection, ,Non-Junction,None,,,         ,Thomas,West,Clear,Unknown,no,no,no,no,yes,False
100819588,METROPOLITAN NASHVILLE POLICE DEPT,20150361260,Davidson,Antioch,4/17/2015 1:49:00 PM,2,2,0,36.039670,-86.610280,STATE HWY 171,,,,1370.00,Feet,South,RAMP,,,,0.00,N,Not at Intersection,N,Non-Junction,None,,,         ,Jessie,Meadows,Clear,"Sideswipe, Opposite Direction",no,no,no,no,no,False
100819597,METROPOLITAN NASHVILLE POLICE DEPT,20150361677,Davidson,Nashville,4/17/2015 4:05:00 PM,2,1,0,36.186100,-86.633430,US HWY 70,,,,750.00,Feet,West,RAMP,,,,0.00,N,Not at Intersection,N,Non-Junction,None,,,         ,Tyler,Conrads,Clear,Front to Rear,no,no,no,no,no,False
100819607,METROPOLITAN NASHVILLE POLICE DEPT,20150361544,Davidson,Nashville,4/17/2015 3:20:00 PM,2,0,0,36.195220,-86.836010,ASHTON AVE,,,,449.00,Feet,North,JOHN MALLETTE DR,,,,0.00,N,Not at Intersection,N,Non-Junction,None,,,         ,Zachary,Ronan,Cloudy,Angle,no,no,no,yes,yes,False
100819608,METROPOLITAN NASHVILLE POLICE DEPT,20150361381,Davidson,Nashville,4/17/2015 2:31:00 PM,1,1,0,36.100930,-86.818750,OVERHILL DR,,,,0.00,,,US HWY 431,,,,0.00,Y,T-Intersection,N,Non-Junction,None,,,         ,Mekisha,Page,Clear,Not Collision with Motor Vehicle in Transport,no,yes,no,no,no,False
100819612,METROPOLITAN NASHVILLE POLICE DEPT,20150361497,Davidson,Not in City Limit,4/17/2015 3:09:00 PM,2,0,0,35.999350,-86.693340,US HWY 31 ALT,,,,44.00,Feet,South,CONCORD HILLS DR,,,,0.00,N,Not at Intersection, ,Non-Junction,None,,,         ,William,Durham,Clear,Angle,no,no,no,no,no,False
100819617,BELLE MEADE POLICE DEPT,15-0100,Davidson,Belle Meade,4/17/2015 1:50:00 PM,1,0,0,36.093610,-86.852360,HARDING PL,,,,374.00,Feet,West,WESTVIEW AVE,,,,0.00,N,Not at Intersection,N,Non-Junction,None,,,         ,Shawn,Obrien,Clear,Not Collision with Motor Vehicle in Transport,no,no,no,no,no,False
100819627,METROPOLITAN NASHVILLE POLICE DEPT,20150361670,Davidson,Nashville,4/17/2015 3:42:00 PM,2,0,0,36.151000,-86.785720,I 40,,,,0.00,,,,,,,209.50,N,Not at Intersection,N,Non-Junction,None,,,         ,Caleb,Rogan,Clear,Front to Rear,no,no,no,no,no,False
100819628,METROPOLITAN NASHVILLE POLICE DEPT,20150361643,Davidson,Nashville,4/17/2015 3:48:00 PM,2,0,0,36.146440,-86.795130,18TH AVE S,,,,195.00,Feet,South,GRAND AVE,,,,0.00,N,Not at Intersection, ,"Driveway, Alley Access, etc",None,,,         ,Charles,Griffin,Clear,Front to Rear,no,no,no,no,no,Campus
100819629,METROPOLITAN NASHVILLE POLICE DEPT,2015-0361506,Davidson,Antioch,4/17/2015 3:10:00 PM,2,0,0,36.046280,-86.582530,LAVERGNE COUCHVILLE PIKE,,,,26.00,Feet,South,PIN HOOK RD,,,,0.00,N,Not at Intersection,N,Non-Junction,None,,,         ,Brandon,O'Guin,Clear,"Sideswipe, Opposite Direction",no,no,no,no,no,False