master_record_number,agency,agency_tracking_number,county,city,collision_date,vehicles_involved,number_injured,number_dead,latitude,longitude,roadway_name,roadway_suffix,roadway_number,roadway_local_id,distance_from_reference,miles-feet_indicator,direction_from_reference,intersection_road_name,intersection_road_name_suffix,intersection_road_number,intersection_local_id,mile_marker,intersection_indicator,intersect_type,interchange_related_indicator,relation_to_junction,work_zone_type,construction_maintenance_zone,construction_maintenance_zone_location,fatal_case_number,officer_first_name,officer_last_name,weather_condition(s),manner_of_crash,pedestrian,bicycle,scooter,parking,hitrun,mou
100820003,METROPOLITAN NASHVILLE POLICE DEPT,20150352739,Davidson,Nashville,4/15/2015 1:30:00 PM,2,0,0,36.154320,-86.742120,US HWY 70,,,,0.00,,,FESSLERS LN,,,,0.00,Y,T-Intersection, ,,,,,         ,Terry,Denton,,,no,no,no,no,no,False
100820008,METROPOLITAN NASHVILLE POLICE DEPT,20150364377,Davidson,Nashville,4/18/2015 11:24:00 AM,2,0,0,36.080940,-86.751590,STATE HWY 255,,,,0.00,,,WAUFORD DR,,,,0.00,Y,Four-Way, ,Intersection,None,,,         ,Samuel,Ruth,Clear,Angle,no,no,no,no,no,False
100820011,METROPOLITAN NASHVILLE POLICE DEPT,20150364317,Davidson,Nashville,4/18/2015 11:15:00 AM,2,0,0,36.200870,-86.739970,GALLATIN PIKE,,,,22.00,Feet,South,BURCHWOOD AVE,,,,0.00,N,Not at Intersection, ,,,,,         ,Sheila,Nidiffer,,,no,no,no,yes,no,False
100820025,METROPOLITAN NASHVILLE POLICE DEPT,2015-0364305,Davidson,Nashville,4/18/2015 11:42:00 AM,2,0,0,36.061260,-86.911100,STATE HWY 100,,,,1255.00,Feet,East,RAMP,,,,0.00,N,Not at Intersection,N,Non-Junction,None,,,         ,Paul,Junkmann,Cloudy,Angle,no,no,no,no,no,False
100820027,METROPOLITAN NASHVILLE POLICE DEPT,20150364386,Davidson,Nashville,4/18/2015 12:23:00 PM,2,0,0,36.236580,-86.757760,-- UNKNOWN RAMP/ROAD --,,,,0.00,,,I 65,,,,0.00,Y,T-Intersection,N,Entrance/Exit Ramp Related,None,,,         ,Martin,Gonzalez,Cloudy,Front to Rear,no,no,no,no,yes,False
100820029,METROPOLITAN NASHVILLE POLICE DEPT,20150364347,Davidson,Nashville,4/18/2015 12:15:00 PM,2,0,0,36.244410,-86.782560,BRICK CHURCH LN,,,,0.00,,,BRILEY PARK BLVD N,,,,0.00,Y,Four-Way, ,Intersection,None,,,         ,Andrew,Ivey,Cloudy,"Sideswipe, Same Direction",no,no,no,no,no,False
100820036,METROPOLITAN NASHVILLE POLICE DEPT,2015-0364397,Davidson,Antioch,4/18/2015 12:42:00 PM,2,0,0,36.050730,-86.606760,SKYGAP CT,,,,118.00,Feet,West,GROVEDALE TRC,,,,0.00,N,Not at Intersection, ,Non-Junction,None,,,         ,Stanley,Collins,Clear,Angle,no,no,no,no,no,False
100820037,METROPOLITAN NASHVILLE POLICE DEPT,20150364474,Davidson,Nashville,4/18/2015 1:37:00 PM,2,1,0,36.117110,-86.719190,E THOMPSON LN,,,,100.00,Feet,South,OLD GLENROSE AVE,,,,0.00,N,Not at Intersection,N,Non-Junction,None,,,         ,Christopher,Hanor,Cloudy,Front to Rear,no,no,no,no,no,False
100820049,METROPOLITAN NASHVILLE POLICE DEPT,20150356822,Davidson,Nashville,4/16/2015 12:43:00 PM,2,0,0,36.153660,-86.721770,US HWY 70,,,,72.00,Feet,West,SPENCE LN,,,,0.00,N,Not at Intersection,N,Non-Junction,None,,,         ,James,Curtis,Clear,Front to Rear,no,no,no,no,no,False
100820050,METROPOLITAN NASHVILLE POLICE DEPT,2015-0361141,Davidson,Nashville,4/17/2015 12:30:00 PM,2,0,0,36.122240,-86.717580,E THOMPSON LN,,,,29.00,Feet,South,LAWNDALE DR,,,,0.00,N,Not at Intersection,N,Non-Junction,Maintenance Zone,Intermittent Moving Work,Activity Area,         ,Roderic,Williams,Clear,Front to Rear,no,no,no,no,yes,False
100820052,METROPOLITAN NASHVILLE POLICE DEPT,20150364466,Davidson,Nashville,4/18/2015 1:10:00 PM,2,0,0,36.044640,-86.659480,-- UNKNOWN RAMP/ROAD --,,,,0.00,Feet,East,STATE HWY 254,,,,0.00,N,Not at Intersection, ,Non-Junction,None,,,         ,James,Thomas,Clear,Angle,no,no,no,no,no,False
100820066,GOODLETTSVILLE POLICE DEPT,15-15011,Davidson,Goodlettsville,4/18/2015 2:18:00 PM,2,1,0,36.304295,-86.702339,RIVERGATE,PKWY,,,50.00,Feet,West,750 RIVERGATE PARKWAY,,,,0.00,N,Not at Intersection,N,Non-Junction,None,,,         ,Brian,Hajdu,Cloudy,Front to Rear,no,no,no,no,no,False
100820072,METROPOLITAN NASHVILLE POLICE DEPT,2015-0362924,Davidson,Nashville,4/17/2015 8:49:00 PM,2,0,0,36.161500,-86.777480,4TH AVE N,,,,179.00,Feet,North,US HWY 70,,,,0.00,N,Not at Intersection,N,Non-Junction,None,,,         ,Caleb,Rogan,Clear,Front to Rear,no,no,no,no,no,False
100820077,METROPOLITAN NASHVILLE POLICE DEPT,20150364552,Davidson,Nashville,4/18/2015 2:26:00 PM,2,0,0,36.107530,-86.806870,GLEN ECHO RD,,,,0.00,,,CHATEAU GLEN PL,,,,0.00,Y,T-Intersection,N,Non-Junction,None,,,         ,Peter,Knisley,Clear,Front to Rear,no,no,no,no,no,False
100820088,METROPOLITAN NASHVILLE POLICE DEPT,20150364567,Davidson,Nashville,4/18/2015 2:52:00 PM,2,0,0,36.117890,-86.810000,US HWY 431,,,,0.00,,,GOLF CLUB LN,,,,0.00,Y,T-Intersection,N,Intersection,None,,,         ,Mekisha,Page,Clear,Front to Rear,no,no,no,no,no,False
100820089,METROPOLITAN NASHVILLE POLICE DEPT,20150364632,Davidson,Antioch,4/18/2015 3:21:00 PM,3,2,0,36.048780,-86.613020,US HWY 41,,,,1755.00,Feet,South,MOUNT VIEW RD,,,,0.00,N,Not at Intersection,N,Non-Junction,None,,,         ,Thomas,Odom,Clear,Front to Rear,no,no,no,no,no,False
100820099,METROPOLITAN NASHVILLE POLICE DEPT,20150364368,Davidson,Nashville,4/18/2015 11:45:00 AM,2,0,0,36.166140,-86.800660,16TH AVE N,,,,104.00,Feet,South,IRELAND ST,,,,0.00,N,Not at Intersection,N,Non-Junction,None,,,         ,Nathan,Mayo,Clear,"Sideswipe, Same Direction",no,no,no,no,yes,False
100820104,METROPOLITAN NASHVILLE POLICE DEPT,20150364611,Davidson,Not in City Limit,4/18/2015 2:57:00 PM,2,0,0,36.022910,-86.644060,CANE RIDGE RD,,,,3.00,Feet,West,BLAIRFIELD DR,,,,0.00,N,Not at Intersection,N,Non-Junction,None,,,         ,Jason,Door,Clear,Front to Rear,no,no,no,no,no,False
100820116,METROPOLITAN NASHVILLE POLICE DEPT,20150364663,Davidson,Nashville,4/18/2015 3:25:00 PM,2,0,0,36.112420,-86.768030,STATE HWY 155,,,,0.00,,,POWELL AVE,,,,0.00,Y,T-Intersection,N,Intersection,None,,,         ,Mekisha,Page,Clear,"Sideswipe, Same Direction",no,no,no,no,no,False
100820120,METROPOLITAN NASHVILLE POLICE DEPT,20150364726,Davidson,Nashville,4/18/2015 3:50:00 PM,2,2,0,36.144860,-86.711050,MASSMAN DR,,,,0.00,,,ELM HILL PIKE,,,,0.00,Y,Four-Way,Y,Intersection,None,,,         ,John,Kelley,Clear,Angle,no,no,no,no,no,False
100820121,METROPOLITAN NASHVILLE POLICE DEPT,20150364831,Davidson,Nashville,4/18/2015 3:46:00 PM,2,0,0,36.069570,-86.693930,APACHE TRL,,,,0.00,,,EZELL RD,,,,0.00,Y,Four-Way,N,Non-Junction,None,,,         ,David,Collins,Clear,Front to Rear,no,no,no,no,no,False
100820128,METROPOLITAN NASHVILLE POLICE DEPT,20150364839,Davidson,Nashville,4/18/2015 4:46:00 PM,2,0,0,36.164610,-86.776870,2ND AVE N,,,,0.00,,,CHURCH ST,,,,0.00,Y,Four-Way, ,Non-Junction,None,,,         ,Seth,Oden,Cloudy,Front to Rear,no,no,no,no,no,False
100820134,METROPOLITAN NASHVILLE POLICE DEPT,20150365003,Davidson,Nashville,4/18/2015 6:05:00 PM,2,1,0,36.184880,-86.750000,CHICAMAUGA AVE,,,,0.00,,,BAILEY ST,,,,0.00,Y,Four-Way,N,Intersection,None,,,         ,Cressie,Prill,Clear,Angle,no,no,no,no,no,False
100820136,METROPOLITAN NASHVILLE POLICE DEPT,2015-0364949,Davidson,Nashville,4/18/2015 5:40:00 PM,2,0,0,36.100230,-86.871140,US HWY 70S,,,,50.00,Feet,South,PAGE RD,,,,0.00,N,Not at Intersection, ,,,,,         ,Michael,Rogers,,,no,no,no,no,no,False
100820147,METROPOLITAN NASHVILLE POLICE DEPT,20150364952,Davidson,Nashville,4/18/2015 5:41:00 PM,2,0,0,36.104060,-86.743990,MCIVER ST,,,,270.00,Feet,East,MEADE AVE,,,,0.00,N,Not at Intersection, ,Non-Junction,None,,,         ,Mekisha,Page,Rain,Rear to Rear,no,no,no,no,no,False
100820149,METROPOLITAN NASHVILLE POLICE DEPT,20150364916,Davidson,Nashville,4/18/2015 5:25:00 PM,2,4,0,36.092750,-86.839760,HARDING PL,,,,0.00,,,ESTES RD,,,,0.00,Y,T-Intersection,N,Intersection,None,,,         ,Dustin,Tidwell,Clear,Angle,no,no,no,no,no,False
100820162,METROPOLITAN NASHVILLE POLICE DEPT,20150365084,Davidson,Nashville,4/18/2015 6:35:00 PM,1,0,0,36.143480,-86.649320,I 40,,,,0.00,,,,,,,217.40,N,Not at Intersection,N,Non-Junction,None,,,         ,John,Kelley,Rain,Not Collision with Motor Vehicle in Transport,no,no,no,no,no,False
100820165,METROPOLITAN NASHVILLE POLICE DEPT,20150365063,Davidson,Nashville,4/18/2015 6:23:00 PM,2,3,0,36.161600,-86.775940,US HWY 70,,,,0.00,,,,,,,0.00,,,N,Non-Junction,None,,,         ,Benjamin,Smith,Rain,Front to Rear,no,no,no,no,no,False
100820166,METROPOLITAN NASHVILLE POLICE DEPT,20150365066,Davidson,Nashville,4/18/2015 5:50:00 PM,3,0,0,36.073020,-86.637250,US HWY 41,,,,507.00,Feet,North,BELL RD,,,,0.00,N,Not at Intersection,N,Non-Junction,None,,,         ,Thomas,Barnes,Rain,HeadOn,no,no,no,no,yes,False
100820169,METROPOLITAN NASHVILLE POLICE DEPT,20150364694,Davidson,Nashville,4/18/2015 3:00:00 PM,2,0,0,36.045610,-86.711150,STATE HWY 254,,,,450.00,Feet,East,RAMP,,,,0.00,N,Not at Intersection,N,Non-Junction,None,,,         ,Victoria,Cunningham,Cloudy,"Sideswipe, Opposite Direction",no,no,no,yes,yes,False
100820171,METROPOLITAN NASHVILLE POLICE DEPT,20150365092,Davidson,Nashville,4/18/2015 6:42:00 PM,2,1,0,36.121870,-86.762380,I 440,,,,0.00,,,,,,,5.65,N,Not at Intersection,N,Non-Junction,None,,,         ,Eric,Burford,Rain,"Sideswipe, Same Direction",no,no,no,no,no,False
100820177,METROPOLITAN NASHVILLE POLICE DEPT,20150362662,Davidson,Nashville,4/17/2015 8:44:00 PM,1,0,0,36.209140,-86.866230,STATE HWY 12,,,,238.00,Feet,West,CATO RD,,,,0.00,N,Not at Intersection,N,Non-Junction,None,,,         ,Zachary,Ronan,Cloudy,Not Collision with Motor Vehicle in Transport,no,no,no,no,no,False
100820182,METROPOLITAN NASHVILLE POLICE DEPT,20150365209,Davidson,Nashville,4/18/2015 7:20:00 PM,2,1,0,36.187910,-86.798530,US HWY 41 ALT,,,,0.00,,,DOMINICAN DR,,,,0.00,Y,Four-Way,N,Intersection-Related,None,,,         ,Jessie,Freeland,Rain,Angle,no,no,no,no,no,False
100820186,METROPOLITAN NASHVILLE POLICE DEPT,20150364697,Davidson,Nashville,4/18/2015 3:45:00 PM,3,0,0,36.082430,-86.762340,STATE HWY 255,,,,0.00,,,-- UNKNOWN RAMP/ROAD --,,,,0.00,Y,OTHER, ,Non-Junction,None,,,         ,Christopher,Davis,Clear,Front to Rear,no,no,no,no,no,False
100820187,GOODLETTSVILLE POLICE DEPT,15-15058,Davidson,Goodlettsville,4/18/2015 8:55:00 PM,2,0,0,36.306012,-86.694016,CONFERENCE,DR,,CONFERENCE DRIVE,0.00,Feet,,RIVERGATE MALL ACCESS,RD,,RIVERGATE MALL ACCESS ROAD,0.00,Y,T-Intersection, ,Intersection-Related,None,,,         ,Jason,Ayers,Cloudy,Front to Rear,no,no,no,no,no,False
100820188,METROPOLITAN NASHVILLE POLICE DEPT,20150365470,Davidson,Nashville,4/18/2015 9:07:00 PM,2,0,0,36.045280,-86.714510,STATE HWY 254,,,,71.00,Feet,East,BRENTWOOD EAST DR,,,,0.00,N,Not at Intersection, ,Non-Junction,None,,,         ,Eric,Burford,Cloudy,"Sideswipe, Same Direction",no,no,no,no,no,False
100820200,METROPOLITAN NASHVILLE POLICE DEPT,20150365532,Davidson,Nashville,4/18/2015 8:05:00 PM,2,0,0,36.235400,-86.758270,US HWY 31W,,,,107.00,Feet,North,HOMESTEAD RD,,,,0.00,N,Not at Intersection,N,Non-Junction,None,,,         ,Terence,Maahs,Cloudy,Front to Rear,no,no,no,no,no,False
100820201,METROPOLITAN NASHVILLE POLICE DEPT,20150365525,Davidson,Nashville,4/18/2015 8:48:00 PM,2,1,0,36.194300,-86.618250,CONNECTING ROAD,,,,0.00,,,STATE HWY 45,,,,0.00,Y,Four-Way,N,Intersection,None,,,         ,Tyler,Conrads,Clear,Angle,no,no,no,no,no,False
100820203,METROPOLITAN NASHVILLE POLICE DEPT,20150365276,Davidson,Nashville,4/18/2015 7:31:00 PM,2,0,0,36.064850,-86.628540,US HWY 41,,,,44.00,Feet,North,HAMILTON CHURCH RD,,,,0.00,N,Not at Intersection, ,Non-Junction,None,,,         ,Jason,Door,Cloudy,Angle,no,no,no,no,no,False
100820205,METROPOLITAN NASHVILLE POLICE DEPT,150363812,Davidson,Nashville,4/18/2015 12:00:00 AM,1,0,0,36.239490,-86.776070,EXIT 17,,,,0.00,,,STATE HWY 155,,,,0.00,Y,OTHER,N,Non-Junction,None,,,         ,Brian,Mclarty,Clear,Not Collision with Motor Vehicle in Transport,no,no,no,no,yes,False
100820207,METROPOLITAN NASHVILLE POLICE DEPT,20150365618,Davidson,Nashville,4/18/2015 9:00:00 PM,2,0,0,36.244220,-86.780320,BRICK CHURCH PIKE,,,,0.00,,,BRICK CHURCH LN,,,,0.00,Y,T-Intersection,Y,Intersection,None,,,         ,Samuel,Miller,Cloudy,Angle,no,no,no,no,yes,False
100820210,METROPOLITAN NASHVILLE POLICE DEPT,20150365118,Davidson,Nashville,4/18/2015 6:51:00 PM,2,0,0,36.153910,-86.818190,28TH AVE N,,,,5.00,Feet,South,US HWY 70,,,,0.00,N,Not at Intersection, ,,,,,         ,Ashton,Hill,,,no,no,no,no,no,False
100820220,METROPOLITAN NASHVILLE POLICE DEPT,20150364943,Davidson,Nashville,4/18/2015 4:54:00 PM,2,0,0,36.085550,-86.701890,-- UNKNOWN RAMP/ROAD --,,,,0.00,Feet,East,I 24,,,,0.00,N,Not at Intersection, ,Non-Junction,None,,,         ,John,Stanfield,Cloudy,Front to Rear,no,no,no,no,no,False
100820226,METROPOLITAN NASHVILLE POLICE DEPT,20150365374,Davidson,Nashville,4/18/2015 7:39:00 PM,2,0,0,36.098960,-86.739110,US HWY 31 ALT,,,,56.00,Feet,North,RAYMOND ST,,,,0.00,N,Not at Intersection,N,Non-Junction,None,,,         ,Mekisha,Page,Cloudy,Angle,no,no,no,no,yes,False
100820239,METROPOLITAN NASHVILLE POLICE DEPT,20150365835,Davidson,Nashville,4/18/2015 11:00:00 PM,2,0,0,36.204110,-86.779710,ARTIC AVE,,,,0.00,,,,,,,0.00,,,N,Non-Junction,None,,,         ,Matthew,Lachance,Clear,Angle,no,no,no,no,yes,False
100820243,METROPOLITAN NASHVILLE POLICE DEPT,20150365892,Davidson,Nashville,4/19/2015 11:30:00 PM,2,0,0,36.206090,-86.774260,-- UNKNOWN RAMP/ROAD --,,,,0.00,,,US HWY 431,,,,0.00,Y,T-Intersection, ,,None,,,         ,Richard,Hyatt,,,no,no,no,no,no,False
100820254,METROPOLITAN NASHVILLE POLICE DEPT,20150365880,Davidson,Nashville,4/18/2015 11:21:00 PM,2,4,0,36.152840,-86.683350,ELM HILL PIKE,,,,0.00,,,MCGAVOCK PIKE,,,,0.00,Y,Four-Way,Y,Intersection-Related,None,,,         ,Evan,Hibschman,Clear,Other,no,no,no,no,no,False
100820255,METROPOLITAN NASHVILLE POLICE DEPT,20150365888,Davidson,Nashville,4/18/2015 11:30:00 PM,4,0,0,36.131160,-86.778710,US HWY 31,,,,235.00,Feet,South,DOUGLAS AVE,,,,0.00,N,Not at Intersection,N,Non-Junction,None,,,         ,Conner,Harris,Cloudy,Front to Rear,no,no,no,no,no,False
100820263,METROPOLITAN NASHVILLE POLICE DEPT,20150365527,Davidson,Nashville,4/18/2015 8:53:00 PM,2,0,0,36.174360,-86.761390,MAIN ST,,,,149.00,Feet,West,N 7TH ST,,,,0.00,N,Not at Intersection,N,Non-Junction,None,,,         ,Robert,Croteau,Rain,Front to Rear,no,no,no,no,no,False
100820268,METROPOLITAN NASHVILLE POLICE DEPT,20150366175,Davidson,Nashville,4/19/2015 1:20:00 AM,1,0,0,36.147810,-86.771920,OAK ST,,,,13.00,Feet,East,6TH AVE S,,,,0.00,N,Not at Intersection,N,Non-Junction,None,,,         ,Devon,Morgan,Rain,Not Collision with Motor Vehicle in Transport,no,no,no,no,yes,False
100820271,METROPOLITAN NASHVILLE POLICE DEPT,20150366274,Davidson,Nashville,4/19/2015 12:00:00 AM,1,0,0,36.223720,-86.749270,BEN ALLEN RD,,,,852.00,Feet,West,US HWY 31E,,,,0.00,N,Not at Intersection,N,Non-Junction,None,,,         ,Ashley,Arnold,Rain,Not Collision with Motor Vehicle in Transport,no,no,no,no,yes,False
100820278,METROPOLITAN NASHVILLE POLICE DEPT,20150366226,Davidson,Nashville,4/19/2015 2:25:00 AM,1,1,0,36.160740,-86.691500,STATE HWY 155,,,,1021.00,Feet,North,CRAIGMEADE DR,,,,0.00,N,Not at Intersection,N,Non-Junction,None,,,         ,Curtis,Fisher,Rain,Not Collision with Motor Vehicle in Transport,no,no,no,no,no,False
100820280,METROPOLITAN NASHVILLE POLICE DEPT,150366210,Davidson,Nashville,4/19/2015 12:00:00 AM,2,0,0,36.249180,-86.734410,DUE WEST AVE W,,,,0.00,,,S GRAYCROFT AVE,,,,0.00,Y,Four-Way, ,Intersection,None,,,         ,Brian,Mclarty,Clear,Angle,no,no,no,no,no,False
100820295,METROPOLITAN NASHVILLE POLICE DEPT,20150366346,Davidson,Nashville,4/19/2015 3:45:00 AM,1,0,0,36.203670,-86.789980,BAPTIST WORLD CENTER DR,,,,0.00,,,,,,,0.00,,,N,Non-Junction,None,,,         ,Matthew,Lachance,Rain,Not Collision with Motor Vehicle in Transport,no,no,no,yes,no,False
100820296,METROPOLITAN NASHVILLE POLICE DEPT,20150366304,Davidson,Nashville,4/19/2015 3:18:00 AM,2,0,0,36.179830,-86.695820,STATE HWY 155,,,,0.90,Miles,North,US HWY 70,,,,0.00,N,Not at Intersection,N,Non-Junction,None,,,         ,Evan,Hibschman,Rain,Front to Rear,no,no,no,no,no,False
100820307,METROPOLITAN NASHVILLE POLICE DEPT,20150366300,Davidson,Nashville,4/19/2015 3:15:00 AM,1,1,0,36.116910,-86.774430,-- UNKNOWN RAMP/ROAD --,,,,0.00,Feet,East,I 440,,,,0.00,N,Not at Intersection,N,Entrance/Exit Ramp Related,None,,,         ,Devon,Morgan,Rain,Not Collision with Motor Vehicle in Transport,no,no,no,no,no,False
100820308,METROPOLITAN NASHVILLE POLICE DEPT,20150363663,Davidson,Nashville,4/18/2015 2:50:00 AM,2,0,0,36.138680,-86.810850,BLAKEMORE AVE,,,,0.00,,,NATCHEZ TRC,,,,0.00,Y,Four-Way,N,Non-Junction,None,,,         ,Harris,Smith,Clear,Angle,no,no,no,no,no,Campus
100820311,METROPOLITAN NASHVILLE POLICE DEPT,20150366431,Davidson,Nashville,4/19/2015 5:16:00 AM,3,2,0,36.144240,-86.738810,I 40,,,,0.00,,,,,,,212.40,N,Not at Intersection,N,Non-Junction,None,,,         ,Bo,Branum,Rain,Front to Rear,no,no,no,no,no,False
100820314,METROPOLITAN NASHVILLE POLICE DEPT,20150366446,Davidson,Nashville,4/19/2015 5:32:00 AM,1,0,0,36.188480,-86.793560,I 65,,,,0.00,,,,,,,85.50,N,Not at Intersection,N,Non-Junction,None,,,         ,Alex,Marchak,Rain,Not Collision with Motor Vehicle in Transport,no,no,no,no,no,False
100820327,METROPOLITAN NASHVILLE POLICE DEPT,20150364314,Davidson,Nashville,4/18/2015 11:15:00 AM,3,0,0,36.045610,-86.719760,STATE HWY 254,,,,0.00,,,ZERMATT AVE,,,,0.00,Y,Four-Way,N,Intersection,None,,,         ,Marc,Haugen,Clear,Angle,no,no,no,no,no,False
100820329,METROPOLITAN NASHVILLE POLICE DEPT,2015-366509,Davidson,Nashville,4/19/2015 6:40:00 AM,1,1,0,36.163400,-86.819680,28TH AVE N,,,,35.00,Feet,South,-- UNKNOWN RAMP/ROAD --,,,,0.00,N,Not at Intersection,N,Non-Junction,None,,,         ,Cesar,Castillo,Rain,Not Collision with Motor Vehicle in Transport,no,no,no,no,no,False
100820352,METROPOLITAN NASHVILLE POLICE DEPT,20150366564,Davidson,Nashville,4/19/2015 7:45:00 AM,1,0,0,36.067880,-86.770410,I 65,,,,0.00,,,,,,,76.80,N,Not at Intersection,N,Non-Junction,None,,,         ,Michael,Russell,Rain,Not Collision with Motor Vehicle in Transport,no,no,no,no,no,False
100820361,METROPOLITAN NASHVILLE POLICE DEPT,20150366612,Davidson,Nashville,4/19/2015 8:31:00 AM,1,0,0,36.199650,-86.825620,BUENA VISTA PIKE,,,,291.00,Feet,East,MATTIE ST,,,,0.00,N,Not at Intersection,N,Non-Junction,None,,,         ,Ryan,Caulfield,Rain,Not Collision with Motor Vehicle in Transport,no,no,no,no,no,False
100820365,METROPOLITAN NASHVILLE POLICE DEPT,20150364282,Davidson,Nashville,4/19/2015 2:45:00 PM,2,0,0,36.201260,-86.617730,US HWY 70,,,,0.00,,,TYLER DR,,,,0.00,Y,OTHER, ,OtherLocation,None,,,         ,William,Mckay,Clear,Rear to Side,no,no,no,yes,no,False
100820368,METROPOLITAN NASHVILLE POLICE DEPT,20150366520,Davidson,Nashville,4/19/2015 3:52:00 AM,1,0,0,36.068890,-86.680060,RICHARDS RD,,,,61.00,Feet,West,DELIA DR,,,,0.00,N,Not at Intersection,N,Non-Junction,None,,,         ,Steven,Snitzer,Unknown,Not Collision with Motor Vehicle in Transport,no,no,no,no,yes,False
100820375,METROPOLITAN NASHVILLE POLICE DEPT,20150366593,Davidson,Nashville,4/19/2015 12:00:00 AM,1,0,0,36.119340,-86.701400,RAMP,,,,165.00,Feet,East,JUNIPER DR,,,,0.00,N,Not at Intersection,N,Non-Junction,None,,,         ,Codey,Mullins,Rain,Not Collision with Motor Vehicle in Transport,no,no,no,yes,no,False
100820394,METROPOLITAN NASHVILLE POLICE DEPT,2015-0361225,Davidson,Nashville,4/17/2015 2:10:00 PM,2,0,0,36.139230,-86.778410,HAMILTON AVE,,,,0.00,,,US HWY 31,,,,0.00,Y,T-Intersection,N,Intersection,None,,,         ,David,Barras,Clear,Front to Rear,no,no,no,no,no,False
100820395,METROPOLITAN NASHVILLE POLICE DEPT,20150366668,Davidson,Nashville,4/19/2015 9:24:00 AM,1,1,0,36.217250,-86.775150,I 65,,,,0.00,,,,,,,88.10,N,Not at Intersection,N,Non-Junction,Construction Zone,Work On Shoulder Or Median,Activity Area,         ,Ryan,Caulfield,Rain,Not Collision with Motor Vehicle in Transport,no,no,no,no,no,False
100820400,METROPOLITAN NASHVILLE POLICE DEPT,2015-0351422,Davidson,Nashville,4/15/2015 6:37:00 AM,2,1,0,36.154450,-86.760280,I 40,,,,0.00,,,,,,,211.00,N,Not at Intersection,N,Entrance/Exit Ramp Related,None,,,         ,Jeb,Johnston,Rain,"Sideswipe, Same Direction",no,no,no,no,no,False
100820404,METROPOLITAN NASHVILLE POLICE DEPT,20150366529,Davidson,Nashville,4/19/2015 7:17:00 AM,2,0,0,36.155510,-86.810810,US HWY 70,,,,147.00,Feet,West,24TH AVE N,,,,0.00,N,Not at Intersection, ,"Driveway, Alley Access, etc",None,,,         ,Ky,Luu,Rain,Angle,no,no,no,no,no,False
100820411,METROPOLITAN NASHVILLE POLICE DEPT,20150366709,Davidson,Nashville,4/19/2015 9:50:00 AM,1,0,0,36.170300,-86.597820,I 40,,,,0.00,,,,,,,221.00,N,Not at Intersection,N,Non-Junction,None,,,         ,William,Mckay,Rain,Not Collision with Motor Vehicle in Transport,no,no,no,no,no,False
100820412,METROPOLITAN NASHVILLE POLICE DEPT,20150366710,Davidson,Nashville,4/19/2015 9:45:00 AM,2,0,0,36.147210,-86.743620,I 40,,,,0.00,,,,,,,212.00,N,Not at Intersection, ,Non-Junction,None,,,         ,Codey,Mullins,Rain,Front to Rear,no,no,no,no,no,False
100820419,METROPOLITAN NASHVILLE POLICE DEPT,2015-0366500,Davidson,Nashville,4/19/2015 6:43:00 AM,1,1,0,36.057800,-86.677310,I 24,,,,0.00,,,,,,,58.05,N,Not at Intersection,N,Non-Junction,None,,,         ,John,Neely,Rain,Not Collision with Motor Vehicle in Transport,no,no,no,no,no,False
100820420,METROPOLITAN NASHVILLE POLICE DEPT,20150366700,Davidson,Nashville,4/19/2015 9:49:00 AM,1,1,0,36.071940,-86.691260,I 24,,,,0.00,,,,,,,56.80,N,Not at Intersection,N,Non-Junction,None,,,         ,Randall,Combs,Rain,Not Collision with Motor Vehicle in Transport,no,no,no,no,no,False
100820429,METROPOLITAN NASHVILLE POLICE DEPT,20150366676,Davidson,Nashville,4/19/2015 10:00:00 AM,2,0,0,36.255290,-86.738670,I 65,,,,0.00,,,,,,,91.60,N,Not at Intersection,N,Non-Junction,None,,,         ,Nicholas,Truan,Rain,Not Collision with Motor Vehicle in Transport,no,no,no,no,no,False
100820442,METROPOLITAN NASHVILLE POLICE DEPT,20150366728,Davidson,Nashville,4/19/2015 9:45:00 AM,2,1,0,36.147210,-86.743620,I 40,,,,0.00,,,,,,,212.00,N,Not at Intersection,N,Non-Junction,None,,,         ,Codey,Mullins,Rain,Front to Rear,no,no,no,no,yes,False
100820444,METROPOLITAN NASHVILLE POLICE DEPT,20150366762,Davidson,Nashville,4/19/2015 10:40:00 AM,2,0,0,36.226930,-86.778420,I 24,,,,0.00,,,,,,,44.65,N,Not at Intersection, ,,Construction Zone,,,         ,Joshua,Baker,,,no,no,no,no,no,False
100820448,METROPOLITAN NASHVILLE POLICE DEPT,2015-0366820,Davidson,Not in City Limit,4/19/2015 11:28:00 AM,1,1,0,36.274100,-86.832600,US HWY 431,,,,0.59,Miles,North,OLD HICKORY BLVD,,,,0.00,N,Not at Intersection,N,Non-Junction,None,,,         ,Ryan,Caulfield,Cloudy,Not Collision with Motor Vehicle in Transport,no,no,no,no,no,False
100820455,METROPOLITAN NASHVILLE POLICE DEPT,20150366837,Davidson,Nashville,4/19/2015 12:00:00 AM,2,0,0,0.000000,0.000000,LUANN,DR,,,100.00,Feet,North,KINWOOD,DR,,,0.00,N,Not at Intersection, ,Non-Junction,None,,,         ,Randall,Combs,Unknown,Unknown,no,no,no,no,yes,False
100820458,METROPOLITAN NASHVILLE POLICE DEPT,20150366768,Davidson,Nashville,4/19/2015 10:42:00 AM,2,1,0,36.093120,-86.652430,US HWY 41,,,,309.00,Feet,South,OLD MURFREESBORO PIKE,,,,0.00,N,Not at Intersection,N,Non-Junction,None,,,         ,Cassandra,Del Bosco,Rain,Front to Rear,no,no,no,no,no,False