master_record_number,agency,agency_tracking_number,county,city,collision_date,vehicles_involved,number_injured,number_dead,latitude,longitude,roadway_name,roadway_suffix,roadway_number,roadway_local_id,distance_from_reference,miles-feet_indicator,direction_from_reference,intersection_road_name,intersection_road_name_suffix,intersection_road_number,intersection_local_id,mile_marker,intersection_indicator,intersect_type,interchange_related_indicator,relation_to_junction,work_zone_type,construction_maintenance_zone,construction_maintenance_zone_location,fatal_case_number,officer_first_name,officer_last_name,weather_condition(s),manner_of_crash,pedestrian,bicycle,scooter,parking,hitrun,mou
100821300,METROPOLITAN NASHVILLE POLICE DEPT,20150371205,Davidson,Goodlettsville,4/20/2015 7:00:00 PM,2,0,0,36.302410,-86.692300,US HWY 31E,,,,189.00,Feet,West,CONFERENCE DR,,,,0.00,N,Not at Intersection, ,Non-Junction,None,,,         ,Ryan,Sabel,Cloudy,Angle,no,no,no,no,no,False
100821308,METROPOLITAN NASHVILLE POLICE DEPT,20150371470,Davidson,Nashville,4/20/2015 8:31:00 PM,1,0,0,36.042890,-86.646850,CROSSINGS BLVD,,,,415.00,Feet,North,CONNECTING ROAD,,,,0.00,N,Not at Intersection, ,Non-Junction,None,,,         ,William,Durham,Clear,Not Collision with Motor Vehicle in Transport,no,no,no,no,no,False
100821322,METROPOLITAN NASHVILLE POLICE DEPT,20150371299,Davidson,Nashville,4/20/2015 8:17:00 PM,1,0,0,36.068210,-86.696840,CREEKSIDE DR,,,,156.00,Feet,West,KEELEY DR,,,,0.00,N,Not at Intersection,N,"Driveway, Alley Access, etc",None,,,         ,Jessie,Meadows,Clear,Not Collision with Motor Vehicle in Transport,no,no,no,no,yes,False
100821329,METROPOLITAN NASHVILLE POLICE DEPT,20150371572,Davidson,Nashville,4/20/2015 8:46:00 PM,2,0,0,36.045380,-86.713560,STATE HWY 254,,,,58.00,Feet,West,US HWY 31 ALT,,,,0.00,N,Not at Intersection, ,Non-Junction,None,,,         ,Kevin,Keating,Clear,Front to Rear,no,no,no,no,no,False
100821332,METROPOLITAN NASHVILLE POLICE DEPT,20150371015,Davidson,Nashville,4/20/2015 5:56:00 PM,2,0,0,36.110730,-86.722530,I 24,,,,0.00,,,,,,,53.60,N,Not at Intersection, ,Non-Junction,None,,,         ,Matthew,Johnson,Clear,"Sideswipe, Same Direction",no,no,no,no,no,False
100821337,METROPOLITAN NASHVILLE POLICE DEPT,20150366459,Davidson,Nashville,4/18/2015 5:45:00 AM,2,1,0,36.162400,-86.778080,4TH AVE N,,,,0.00,,,COMMERCE ST,,,,0.00,Y,Four-Way,N,Intersection,None,,,         ,Audrean,Manquero,Rain,Other,no,no,no,no,no,False
100821345,METROPOLITAN NASHVILLE POLICE DEPT,20150358693,Davidson,Nashville,4/16/2015 8:43:00 PM,4,1,0,36.135790,-86.724960,US HWY 41,,,,0.00,,,SPENCE LN,,,,0.00,Y,Four-Way,N,Intersection,None,,,         ,Brian,Theriac,Clear,"Sideswipe, Same Direction",no,no,no,no,no,False
100821348,METROPOLITAN NASHVILLE POLICE DEPT,20150370745,Davidson,Nashville,4/20/2015 4:32:00 PM,1,0,0,36.210990,-86.789490,OLD MATTHEWS RD,,,,0.00,,,MATTHEWS CT,,,,0.00,Y,OTHER, ,Non-Junction,None,,,         ,James,Wray,Clear,Not Collision with Motor Vehicle in Transport,no,no,no,yes,no,False
100821350,METROPOLITAN NASHVILLE POLICE DEPT,20150370594,Davidson,Nashville,4/20/2015 3:14:00 PM,2,0,0,36.196890,-86.621030,RAMP,,,,0.00,Feet,East,US HWY 70,,,,0.00,N,Not at Intersection, ,Non-Junction,None,,,         ,David,Abbott,Cloudy,Front to Rear,no,no,no,no,no,False
100821359,METROPOLITAN NASHVILLE POLICE DEPT,20150371578,Davidson,Nashville,4/20/2015 9:40:00 PM,2,1,0,36.071580,-86.672590,DOWDY DR,,,,87.00,Feet,West,XAVIER DR,,,,0.00,N,Not at Intersection,N,Non-Junction,None,,,         ,Jessie,Meadows,Clear,"Sideswipe, Opposite Direction",no,no,no,no,yes,False
100821389,METROPOLITAN NASHVILLE POLICE DEPT,20150370977,Davidson,Antioch,4/20/2015 5:40:00 PM,2,2,0,36.048780,-86.613020,US HWY 41,,,,0.00,,,MOUNTAIN SPRINGS RD,,,,0.00,Y,Four-Way,N,Intersection-Related,None,,,         ,Victoria,Cunningham,Cloudy,Front to Rear,no,no,no,no,no,False
100821408,METROPOLITAN NASHVILLE POLICE DEPT,20150371853,Davidson,Not in City Limit,4/20/2015 10:52:00 PM,1,1,0,36.307230,-86.801480,SHAW RD,,,,0.00,,,LICKTON PIKE,,,,0.00,Y,T-Intersection,N,Intersection,None,,,         ,Jason,Sweeney,Clear,Not Collision with Motor Vehicle in Transport,no,no,no,no,no,False
100821411,METROPOLITAN NASHVILLE POLICE DEPT,20150371940,Davidson,Nashville,4/20/2015 2:31:00 AM,2,1,0,36.154320,-86.798960,19TH AVE N,,,,0.00,,,CHURCH ST,,,,0.00,Y,Four-Way,N,Intersection-Related,None,,,         ,Benjamin,Fisher,Clear,Front to Rear,no,no,no,no,no,False
100821414,METROPOLITAN NASHVILLE POLICE DEPT,20150354937,Davidson,Nashville,4/16/2015 1:12:00 AM,3,1,0,36.075410,-86.717310,FLORA MAXWELL RD,,,,0.00,,,HOPEDALE DR,,,,0.00,Y,T-Intersection,N,Non-Junction,None,,,         ,Benjamin,Fisher,Rain,Not Collision with Motor Vehicle in Transport,no,no,no,no,no,False
100821415,METROPOLITAN NASHVILLE POLICE DEPT,2015-0359948,Davidson,Nashville,4/17/2015 6:00:00 AM,2,0,0,36.155640,-86.789710,14TH AVE,,,,0.00,,,US HWY 70,,,,0.00,Y,Four-Way, ,Intersection-Related,None,,,         ,Matthew,Moses,Cloudy,Angle,no,no,no,no,no,False
100821422,METROPOLITAN NASHVILLE POLICE DEPT,2015-0372242,Davidson,Nashville,4/21/2015 1:20:00 AM,1,0,0,36.165830,-86.787410,JAMES ROBERTSON PKWY,,,,60.00,Feet,South,GAY ST,,,,0.00,N,Not at Intersection, ,Non-Junction,None,,,         ,Michael,Willis Jr.,Clear,Not Collision with Motor Vehicle in Transport,no,no,no,no,no,False
100821425,METROPOLITAN NASHVILLE POLICE DEPT,20150366290,Davidson,Nashville,4/19/2015 3:15:00 AM,2,0,0,36.156650,-86.794150,CHURCH ST,,,,122.00,Feet,East,16TH AVE N,,,,0.00,N,Not at Intersection, ,Non-Junction,None,,,         ,Harris,Smith,Rain,"Sideswipe, Same Direction",no,no,no,no,no,False
100821435,METROPOLITAN NASHVILLE POLICE DEPT,20150372323,Davidson,Nashville,4/21/2015 1:02:00 AM,2,1,0,0.000000,0.000000,ANDERSON ROAD,RD,US3540,,0.00,,,OLD ANDERSON,RD,,,0.00,Y,T-Intersection,N,Non-Junction,None,,,         ,Bridget,Griepentrog,Clear,Not Collision with Motor Vehicle in Transport,no,no,no,no,no,False
100821439,METROPOLITAN NASHVILLE POLICE DEPT,20150372532,Davidson,Nashville,4/21/2015 3:47:00 AM,1,0,0,36.088080,-86.701450,-- UNKNOWN RAMP/ROAD --,,,,0.00,,,I 24,,,,0.00,Y,OTHER,N,Non-Junction,None,,,         ,Justin,McCormick,Clear,Not Collision with Motor Vehicle in Transport,no,no,no,no,no,False
100821440,METROPOLITAN NASHVILLE POLICE DEPT,2015-0358919,Davidson,Nashville,4/16/2015 10:35:00 PM,2,0,0,36.150590,-86.796170,19TH AVE S,,,,114.00,Feet,North,DIVISION ST,,,,0.00,N,Not at Intersection, ,Non-Junction,None,,,         ,Matthew,Moses,Cloudy,Angle,no,no,no,no,no,False
100821457,METROPOLITAN NASHVILLE POLICE DEPT,20150372304,Davidson,Nashville,4/21/2015 1:55:00 AM,1,1,0,36.149640,-86.784520,12TH AVE S,,,,450.00,Feet,North,HAWKINS ST,,,,0.00,N,Not at Intersection,N,Non-Junction,None,,,         ,John,Riddle,Clear,Not Collision with Motor Vehicle in Transport,no,no,no,no,no,False
100821463,METROPOLITAN NASHVILLE POLICE DEPT,2015-0370383,Davidson,Madison,4/20/2015 2:22:00 PM,2,0,0,36.267340,-86.686410,ARCHWOOD DR,,,,309.00,Feet,South,ROOSEVELT AVE,,,,0.00,N,Not at Intersection, ,,None,,,         ,David,Boone,,,no,no,no,no,no,False
100821477,METROPOLITAN NASHVILLE POLICE DEPT,20150372846,Davidson,Nashville,4/21/2015 6:33:00 AM,1,1,0,36.109920,-86.671530,RAMP,,,,0.00,,,STATE HWY 255,,,,0.00,Y,Four-Way,N,Intersection,None,,,         ,Curtis,Fisher,Clear,Not Collision with Motor Vehicle in Transport,no,no,no,no,no,False
100821493,METROPOLITAN NASHVILLE POLICE DEPT,20150364496,Davidson,Nashville,4/18/2015 2:00:00 PM,2,4,0,36.168310,-86.781960,US HWY 31,,,,0.00,,,GAY ST,,,,0.00,Y,Four-Way,N,Intersection,None,,,         ,Michael,Johnson,Clear,Angle,no,no,no,no,no,False
100821502,METROPOLITAN NASHVILLE POLICE DEPT,20150373009,Davidson,Nashville,4/21/2015 7:50:00 AM,2,0,0,36.044620,-86.659360,RAMP,,,,0.00,,,I 24,,,,0.00,Y,Y-Intersection,N,Entrance/Exit Ramp Related,None,,,         ,Kenneth,Alexandrow,Clear,Front to Rear,no,no,no,no,no,False
100821503,METROPOLITAN NASHVILLE POLICE DEPT,20150372895,Davidson,Nashville,4/21/2015 7:08:00 AM,2,0,0,36.200600,-86.776780,I 65,,,,0.00,,,,,,,86.90,N,Not at Intersection,Y,Entrance/Exit Ramp Related,None,,,         ,Michael,McCord,Clear,Front to Rear,no,no,no,no,no,False
100821504,METROPOLITAN NASHVILLE POLICE DEPT,2015-0361083,Davidson,Nashville,4/17/2015 1:39:00 PM,2,2,0,36.155920,-86.767030,US HWY 70,,,,0.00,,,MIDDLETON ST,,,,0.00,Y,Four-Way,Y,OtherLocation,None,,,         ,Daniel,Massey,Clear,Angle,no,no,no,no,no,False
100821511,METROPOLITAN NASHVILLE POLICE DEPT,2015-0370244,Davidson,Nashville,4/20/2015 1:35:00 PM,2,0,0,36.193920,-86.743690,GALLATIN AVE,,,,0.00,,,STROUSE AVE,,,,0.00,Y,T-Intersection,N,Intersection,None,,,         ,Coleman,Womack,Rain,Angle,no,no,no,no,no,False
100821513,METROPOLITAN NASHVILLE POLICE DEPT,20150372915,Davidson,Nashville,4/21/2015 7:52:00 AM,2,0,0,36.118110,-86.700170,US HWY 41,,,,0.00,,,RAMP,,,,0.00,Y,OTHER, ,Intersection-Related,None,,,         ,Richard,Olive,Clear,Angle,no,no,no,no,no,False
100821518,METROPOLITAN NASHVILLE POLICE DEPT,2015-0372997,Davidson,Nashville,4/21/2015 7:45:00 AM,2,0,0,36.205950,-86.768540,E TRINITY LN,,,,0.00,,,US HWY 31W,,,,0.00,Y,Four-Way,N,Intersection,None,,,         ,Coleman,Womack,Clear,Front to Rear,no,no,no,no,yes,False
100821523,METROPOLITAN NASHVILLE POLICE DEPT,20150348798,Davidson,Nashville,4/14/2015 2:15:00 PM,2,1,0,36.199980,-86.825300,BUENA VISTA PIKE,,,,376.00,Feet,East,EAST LN,,,,0.00,N,Not at Intersection,N,Non-Junction,None,,,         ,Earnest,Fields,Clear,Angle,no,no,no,no,no,False
100821524,METROPOLITAN NASHVILLE POLICE DEPT,20150373112,Davidson,Nashville,4/21/2015 8:10:00 AM,2,0,0,36.246990,-86.744100,I 65,,,,0.00,,,,,,,90.95,N,Not at Intersection, ,Non-Junction,None,,,         ,Trevin,Tolbert,Clear,Front to Rear,no,no,no,no,yes,False
100821529,METROPOLITAN NASHVILLE POLICE DEPT,20150373173,Davidson,Nashville,4/21/2015 8:45:00 AM,2,0,0,36.142780,-86.708190,I 40,,,,0.00,,,,,,,214.30,N,Not at Intersection, ,Non-Junction,None,,,         ,Larry,Benz,Clear,Front to Rear,no,no,no,no,no,False
100821545,METROPOLITAN NASHVILLE POLICE DEPT,20150373097,Davidson,Nashville,4/21/2015 8:20:00 AM,2,2,0,36.193380,-86.753290,DOUGLAS AVE,,,,0.00,,,-- UNKNOWN RAMP/ROAD --,,,,0.00,Y,T-Intersection,Y,Entrance/Exit Ramp Related,None,,,         ,Michael,Watkins,Clear,Angle,no,no,no,no,no,False
100821546,METROPOLITAN NASHVILLE POLICE DEPT,20150373006,Davidson,Nashville,4/21/2015 12:00:00 AM,2,1,0,36.082320,-86.761980,STATE HWY 255,,,,3.00,Feet,East,RAMP,,,,0.00,N,Not at Intersection,N,Entrance/Exit Ramp Related,None,,,         ,Michael,Russell,Clear,Angle,no,no,no,no,no,False
100821557,METROPOLITAN NASHVILLE POLICE DEPT,2015-0373029,Davidson,Nashville,4/21/2015 7:45:00 AM,2,1,0,36.205850,-86.768570,E TRINITY LN,,,,0.00,,,US HWY 31W,,,,0.00,Y,Four-Way,N,Intersection,None,,,         ,Coleman,Womack,Clear,Front to Rear,no,no,no,no,no,False
100821561,METROPOLITAN NASHVILLE POLICE DEPT,20150373357,Davidson,Nashville,4/21/2015 9:50:00 AM,2,0,0,36.169060,-86.772200,S 1ST ST,,,,0.00,,,WOODLAND ST,,,,0.00,Y,Four-Way,Y,Intersection-Related,None,,,         ,Michael,Johnson,Clear,Front to Rear,no,no,no,no,no,False
100821569,METROPOLITAN NASHVILLE POLICE DEPT,20150373035,Davidson,Nashville,4/21/2015 8:01:00 AM,1,0,0,36.138830,-86.800590,CAPERS AVE,,,,0.00,,,US HWY 431,,,,0.00,Y,T-Intersection, ,Intersection,None,,,         ,James,Smith,Clear,Not Collision with Motor Vehicle in Transport,no,no,no,no,no,Campus
100821572,METROPOLITAN NASHVILLE POLICE DEPT,2015-0372858,Davidson,Nashville,4/21/2015 6:39:00 AM,1,1,0,36.066120,-86.629880,US HWY 41,,,,188.00,Feet,North,HAMILTON XIN,,,,0.00,N,Not at Intersection,N,Non-Junction,None,,,         ,William,Whitworth,Clear,Not Collision with Motor Vehicle in Transport,no,no,no,no,no,False
100821573,METROPOLITAN NASHVILLE POLICE DEPT,2015-0373338,Davidson,Nashville,4/21/2015 9:37:00 AM,2,1,0,36.016090,-86.620040,OLD HICKORY,BLVD,SR171,,50.00,Feet,East,OLD HICKORY,BLVD,SR,,0.00,N,Not at Intersection,N,"Driveway, Alley Access, etc",None,,,         ,William,Whitworth,Clear,Front to Rear,no,no,no,yes,no,False
100821574,METROPOLITAN NASHVILLE POLICE DEPT,20150373309,Davidson,Nashville,4/21/2015 9:29:00 AM,1,1,0,36.101650,-86.760430,RAMP,,,,0.00,,,ARMORY DR,,,,0.00,Y,Traffic Circle,N,Entrance/Exit Ramp Related,None,,,         ,Nathan,Kemp,Clear,Not Collision with Motor Vehicle in Transport,no,no,no,no,no,False
100821578,METROPOLITAN NASHVILLE POLICE DEPT,20150373194,Davidson,Nashville,4/21/2015 8:52:00 AM,2,0,0,36.122420,-86.775830,HORNER AVE,,,,0.00,,,US HWY 31,,,,0.00,Y,T-Intersection, ,,None,,,         ,Nathan,Kemp,,,no,no,no,no,no,False
100821592,METROPOLITAN NASHVILLE POLICE DEPT,20150373289,Davidson,Nashville,4/21/2015 9:19:00 AM,2,0,0,36.161310,-86.784490,9TH AVE N,,,,0.00,,,CHURCH ST,,,,0.00,Y,Four-Way, ,,None,,,         ,Bryan,Birdwell,,,no,no,no,no,no,False
100821593,METROPOLITAN NASHVILLE POLICE DEPT,2015-0373490,Davidson,Nashville,4/21/2015 10:25:00 AM,2,0,0,36.168820,-86.780650,3RD AVE N,,,,0.00,,,GAY ST,,,,0.00,Y,Four-Way, ,Intersection-Related,None,,,         ,Alex,Moore,Clear,Front to Rear,no,no,no,no,no,False
100821613,METROPOLITAN NASHVILLE POLICE DEPT,2015-0373600,Davidson,Nashville,4/21/2015 11:01:00 AM,2,0,0,36.152600,-86.834820,40TH AVE N,,,,50.00,Feet,North,US HWY 70,,,,0.00,N,Not at Intersection, ,Non-Junction,None,,,         ,Walter,Gray II,Clear,Rear to Side,no,no,no,no,no,False
100821626,METROPOLITAN NASHVILLE POLICE DEPT,20150366804,Davidson,Nashville,4/19/2015 11:12:00 AM,2,1,0,36.169460,-86.806610,DR DB TODD JR BLVD,,,,0.00,,,JEFFERSON ST,,,,0.00,Y,Four-Way,N,Intersection-Related,None,,,         ,Steven,Spillers,Cloudy,Angle,no,no,no,no,no,False
100821649,METROPOLITAN NASHVILLE POLICE DEPT,20150373772,Davidson,Nashville,4/21/2015 12:20:00 PM,2,0,0,36.193380,-86.753290,DOUGLAS AVE,,,,0.00,,,-- UNKNOWN RAMP/ROAD --,,,,0.00,Y,T-Intersection,Y,Entrance/Exit Ramp Related,None,,,         ,Michael,Watkins,Clear,Front to Rear,no,no,no,no,yes,False
100821652,METROPOLITAN NASHVILLE POLICE DEPT,20150373897,Davidson,Nashville,4/21/2015 1:09:00 PM,2,0,0,36.134370,-86.801100,US HWY 431,,,,50.00,Feet,North,MAGNOLIA BLVD,,,,0.00,N,Not at Intersection, ,,None,,,         ,Nathan,Kemp,,,no,no,no,no,no,False
100821657,METROPOLITAN NASHVILLE POLICE DEPT,2015-0373518,Davidson,Nashville,4/21/2015 10:40:00 AM,2,0,0,36.209460,-86.775790,-- UNKNOWN RAMP/ROAD --,,,,0.00,,,I 65,,,,0.00,Y,OTHER,Y,Entrance/Exit Ramp Related,Construction Zone,Laneclosure,Activity Area,         ,Coleman,Womack,Clear,"Sideswipe, Same Direction",no,no,no,no,no,False
100821662,METROPOLITAN NASHVILLE POLICE DEPT,20150373624,Davidson,Nashville,4/21/2015 11:42:00 AM,2,0,0,36.209260,-86.729480,SHELTON AVE,,,,231.00,Feet,West,KATHERINE ST,,,,0.00,N,Not at Intersection, ,Non-Junction,None,,,         ,Jamell,Randall,Clear,Not Collision with Motor Vehicle in Transport,no,no,no,yes,no,False
100821665,METROPOLITAN NASHVILLE POLICE DEPT,2015-0373842,Davidson,Nashville,4/21/2015 12:47:00 PM,2,1,0,36.087230,-86.648860,US HWY 41,,,,0.00,,,UNA ANTIOCH PIKE,,,,0.00,Y,Four-Way,N,Intersection-Related,None,,,         ,Stanley,Collins,Clear,Front to Rear,no,no,no,no,no,False
100821674,GOODLETTSVILLE POLICE DEPT,15-15363,Davidson,Goodlettsville,4/21/2015 1:09:00 PM,2,0,0,36.321430,-86.713251,DICKERSON,PIKE,US31W/41,,75.00,Feet,North,EAST,AVE,,,0.00,N,Not at Intersection, ,Non-Junction,None,,,         ,Charles,Hauskin,Clear,"Sideswipe, Same Direction",no,no,no,no,no,False
100821675,METROPOLITAN NASHVILLE POLICE DEPT,2015-0374031,Davidson,Nashville,4/21/2015 1:10:00 PM,1,0,0,0.000000,0.000000,PRIVATE PROPERTY,,,,1000.00,Feet,North,LAMBERT,DR,,,0.00,N,Not at Intersection,N,Non-Junction,None,,,         ,Marc,Lemcke,Clear,Not Collision with Motor Vehicle in Transport,no,no,no,yes,yes,False
100821677,METROPOLITAN NASHVILLE POLICE DEPT,2015-0373587,Davidson,Nashville,4/21/2015 11:06:00 AM,2,0,0,36.046050,-86.658010,BELL,RD,SR254,,175.00,Feet,East,CANE RIDGE,RD,,,0.00,N,Not at Intersection, ,Non-Junction,None,,,         ,William,Whitworth,Clear,Front to Rear,no,no,no,no,no,False
100821678,METROPOLITAN NASHVILLE POLICE DEPT,2015-0373647,Davidson,Nashville,4/21/2015 11:34:00 AM,4,0,0,36.046200,-86.657820,STATE HWY 254,,,,75.00,Feet,East,COLLINS PARK DR,,,,0.00,N,Not at Intersection,N,Non-Junction,None,,,         ,William,Whitworth,Clear,Front to Rear,no,no,no,no,yes,False
100821679,METROPOLITAN NASHVILLE POLICE DEPT,2015-0373900,Davidson,Nashville,4/21/2015 1:11:00 PM,1,0,0,36.105440,-86.717560,I 24,,,,0.00,,,,,,,54.10,N,Not at Intersection,N,Entrance/Exit Ramp Related,None,,,         ,William,Whitworth,Clear,Not Collision with Motor Vehicle in Transport,no,no,no,no,no,False
100821688,METROPOLITAN NASHVILLE POLICE DEPT,20150374192,Davidson,Nashville,4/21/2015 2:55:00 PM,2,1,0,36.132600,-86.723220,PLUS PARK BLVD,,,,39.00,Feet,South,PAVILION BLVD,,,,0.00,N,Not at Intersection,N,Non-Junction,None,,,         ,Jessie,Meadows,Clear,Angle,no,no,no,no,no,False
100821700,METROPOLITAN NASHVILLE POLICE DEPT,20150374278,Davidson,Nashville,4/21/2015 2:48:00 PM,2,0,0,36.211410,-86.732700,GALLATIN PIKE,,,,75.00,Feet,South,HART LN,,,,0.00,N,Not at Intersection, ,Non-Junction,None,,,         ,Whitney,Arnold,Clear,Angle,no,no,no,no,no,False
100821701,METROPOLITAN NASHVILLE POLICE DEPT,2015-0374258,Davidson,Nashville,4/21/2015 3:00:00 PM,2,0,0,36.137570,-86.857800,STATE HWY 155,,,,80.00,Feet,South,KNOB RD,,,,0.00,N,Not at Intersection, ,Non-Junction,None,,,         ,Walter,Gray II,Clear,"Sideswipe, Same Direction",no,no,no,no,no,False
100821706,METROPOLITAN NASHVILLE POLICE DEPT,20150374289,Davidson,Nashville,4/21/2015 3:40:00 PM,2,0,0,36.086930,-86.777860,BATTERY LN,,,,0.00,,,CHURCHWOOD DR,,,,0.00,Y,T-Intersection, ,Intersection,None,,,         ,Mekisha,Page,Clear,Front to Rear,no,no,no,no,no,False
100821715,METROPOLITAN NASHVILLE POLICE DEPT,20150374368,Davidson,Nashville,4/21/2015 3:51:00 PM,1,0,0,36.074210,-86.663190,UNA ANTIOCH PIKE,,,,29.00,Feet,North,PEBBLE CREEK DR,,,,0.00,N,Not at Intersection,N,Non-Junction,None,,,         ,Jessie,Meadows,Clear,Not Collision with Motor Vehicle in Transport,no,no,no,no,no,False
100821717,METROPOLITAN NASHVILLE POLICE DEPT,20150374485,Davidson,Nashville,4/21/2015 3:42:00 PM,2,0,0,36.089620,-86.805650,HARDING PL,,,,102.00,Feet,East,BELMONT PARK TER,,,,0.00,N,Not at Intersection, ,Non-Junction,None,,,         ,Tien,Nguyen,Clear,Front to Rear,no,no,no,no,no,False
100821719,METROPOLITAN NASHVILLE POLICE DEPT,20150374340,Davidson,Nashville,4/21/2015 3:24:00 PM,2,0,0,36.077150,-86.912910,US HWY 70S,,,,688.00,Feet,West,WINDSOR TERRACE DR,,,,0.00,N,Not at Intersection,N,Non-Junction,None,,,         ,John,Thomas,Clear,Front to Rear,no,no,no,no,no,False
100821725,VANDERBILT UNIVERSITY POLICE,15-0374441,Davidson,Nashville,4/21/2015 12:00:00 AM,2,0,0,36.142360,-86.801310,MEDICAL CENTER DR,,,,289.00,Feet,West,US HWY 431,,,,0.00,N,Not at Intersection,N,Non-Junction,None,,,         ,Ray,Stanard,Clear,Angle,no,no,no,yes,yes,Campus
100821728,METROPOLITAN NASHVILLE POLICE DEPT,20150374349,Davidson,Nashville,4/21/2015 3:27:00 PM,2,1,0,36.160850,-86.589330,BELL RD,,,,38.00,Feet,East,MONTEGO CV,,,,0.00,N,Not at Intersection,N,Non-Junction,None,,,         ,David,Abbott,Cloudy,Front to Rear,no,no,no,no,no,False
100821729,METROPOLITAN NASHVILLE POLICE DEPT,20150374462,Davidson,Nashville,4/21/2015 3:48:00 PM,2,1,0,36.171970,-86.591650,STATE HWY 265,,,,0.00,,,VALLEY GROVE DR,,,,0.00,Y,T-Intersection,N,Intersection,None,,,         ,Felipe,Pereira,Clear,Front to Rear,no,no,no,no,no,False
100821732,METROPOLITAN NASHVILLE POLICE DEPT,20150374256,Davidson,Nashville,4/21/2015 2:30:00 PM,2,0,0,36.110800,-86.755270,SIDCO DR,,,,139.00,Feet,South,STATE HWY 155,,,,0.00,N,Not at Intersection, ,Non-Junction,None,,,         ,Christopher,Davis,Clear,Front to Rear,no,no,no,no,no,False
100821733,METROPOLITAN NASHVILLE POLICE DEPT,20150374209,Davidson,Nashville,4/21/2015 3:20:00 PM,2,0,0,36.111180,-86.755230,SIDCO DR,,,,0.00,,,STATE HWY 155,,,,0.00,Y,T-Intersection, ,Intersection,None,,,         ,Eric,Burford,Clear,Front to Rear,no,no,no,no,no,False
100821747,METROPOLITAN NASHVILLE POLICE DEPT,20150374670,Davidson,Nashville,4/21/2015 3:16:00 PM,2,0,0,36.040010,-86.743490,STATE HWY 254,,,,0.00,,,EDMONDSON PIKE,,,,0.00,Y,Four-Way, ,Intersection-Related,None,,,         ,Tien,Nguyen,Clear,Front to Rear,no,no,no,no,no,False
100821748,METROPOLITAN NASHVILLE POLICE DEPT,20150374506,Davidson,Nashville,4/21/2015 3:57:00 PM,2,0,0,36.154770,-86.779420,US HWY 41,,,,0.00,,,US HWY 31,,,,0.00,Y,Roundabout, ,Intersection,None,,,         ,MIchael,Mihajlov,Clear,"Sideswipe, Same Direction",no,no,no,no,no,False
100821764,METROPOLITAN NASHVILLE POLICE DEPT,20150374611,Davidson,Nashville,4/21/2015 3:06:00 PM,2,0,0,36.151020,-86.769580,I 40,,,,0.00,,,,,,,210.45,N,Not at Intersection,N,Non-Junction,None,,,         ,Mekisha,Page,Clear,Front to Rear,no,no,no,no,no,False
100821775,METROPOLITAN NASHVILLE POLICE DEPT,20150370847,Davidson,Nashville,4/20/2015 5:00:00 PM,3,2,0,36.249170,-86.734260,DUE WEST AVE W,,,,45.00,Feet,East,S GRAYCROFT AVE,,,,0.00,N,Not at Intersection,N,Non-Junction,None,,,         ,Reuben,Hewit,Cloudy,Front to Rear,no,no,no,no,no,False
100821778,METROPOLITAN NASHVILLE POLICE DEPT,2015-0371200,Davidson,Nashville,4/21/2015 6:57:00 PM,2,0,0,36.214160,-86.712150,GREENLAND AVE,,,,427.00,Feet,West,MCGAVOCK PIKE,,,,0.00,N,Not at Intersection, ,"Driveway, Alley Access, etc",None,,,         ,Anthony,Cavis,Clear,Rear to Side,no,no,no,no,no,False
100821779,METROPOLITAN NASHVILLE POLICE DEPT,2015-0374787,Davidson,Nashville,4/21/2015 4:54:00 PM,2,0,0,36.160790,-86.853970,TENNESSEE AVE,,,,100.00,Feet,East,55TH AVE N,,,,0.00,N,Not at Intersection, ,Non-Junction,None,,,         ,Walter,Gray II,Clear,Angle,no,no,no,no,no,False
100821784,METROPOLITAN NASHVILLE POLICE DEPT,20150370464,Davidson,Nashville,4/20/2015 2:54:00 PM,2,0,0,36.176900,-86.776130,COWAN ST,,,,0.00,,,SPRING ST,,,,0.00,Y,Four-Way, ,Intersection,None,,,         ,Ethan,Luffman,Rain,Front to Rear,no,no,no,no,no,False
100821785,METROPOLITAN NASHVILLE POLICE DEPT,20150374894,Davidson,Nashville,4/21/2015 5:24:00 PM,2,0,0,36.175610,-86.782220,1ST AVE N,,,,0.00,,,SPRING ST,,,,0.00,Y,Four-Way,Y,Intersection,None,,,         ,Ethan,Luffman,Clear,Front to Rear,no,no,no,no,yes,False
100821788,METROPOLITAN NASHVILLE POLICE DEPT,20150374604,Davidson,Nashville,4/21/2015 4:16:00 PM,2,0,0,36.202040,-86.830170,LINCOLN AVE,,,,96.00,Feet,West,ALPINE PARK AVE,,,,0.00,N,Not at Intersection,N,Non-Junction,None,,,         ,Michael,Brooks,Cloudy,Front to Rear,no,no,no,no,yes,False
100821789,METROPOLITAN NASHVILLE POLICE DEPT,20150375009,Davidson,Nashville,4/21/2015 5:03:00 PM,2,0,0,36.171700,-86.797700,JEFFERSON ST,,,,0.00,,,11TH AVE N,,,,0.00,Y,T-Intersection,Y,Intersection,None,,,         ,Michael,Brooks,Cloudy,Front to Rear,no,no,no,no,yes,False
100821790,METROPOLITAN NASHVILLE POLICE DEPT,20150374868,Davidson,Nashville,4/21/2015 12:00:00 AM,2,1,0,36.057880,-86.689410,CIMARRON WAY,,,,204.00,Feet,North,BART DR,,,,0.00,N,Not at Intersection,N,Non-Junction,None,,,         ,Jonathan,Frith,Clear,"Sideswipe, Same Direction",no,no,no,no,no,False