master_record_number,agency,agency_tracking_number,county,city,collision_date,vehicles_involved,number_injured,number_dead,latitude,longitude,roadway_name,roadway_suffix,roadway_number,roadway_local_id,distance_from_reference,miles-feet_indicator,direction_from_reference,intersection_road_name,intersection_road_name_suffix,intersection_road_number,intersection_local_id,mile_marker,intersection_indicator,intersect_type,interchange_related_indicator,relation_to_junction,work_zone_type,construction_maintenance_zone,construction_maintenance_zone_location,fatal_case_number,officer_first_name,officer_last_name,weather_condition(s),manner_of_crash,pedestrian,bicycle,scooter,parking,hitrun,mou
100823140,METROPOLITAN NASHVILLE POLICE DEPT,2015-0386297,Davidson,Nashville,4/24/2015 10:16:00 AM,2,0,0,36.164290,-86.785590,8TH AVE N,,,,0.00,,,6TH AVE,,,,0.00,Y,Four-Way,N,Intersection,None,,,         ,Paul,Sorace,Cloudy,Front to Rear,no,no,no,no,yes,False
100823141,METROPOLITAN NASHVILLE POLICE DEPT,2015-0382210,Davidson,Nashville,4/23/2015 11:04:00 AM,2,3,0,36.163900,-86.786590,MCLEMORE ST,,,,0.00,,,CHARLOTTE AVE,,,,0.00,Y,Four-Way,N,Intersection-Related,None,,,         ,Alex,Moore,Clear,Front to Rear,no,no,no,no,no,False
100823144,METROPOLITAN NASHVILLE POLICE DEPT,20150385888,Davidson,Nashville,4/24/2015 8:18:00 AM,2,0,0,36.182150,-86.608120,STATE HWY 45,,,,0.00,,,FRIST BLVD,,,,0.00,Y,Four-Way,N,Intersection,None,,,         ,James,Curtis,Clear,"Sideswipe, Same Direction",no,no,no,no,no,False
100823145,METROPOLITAN NASHVILLE POLICE DEPT,20150386740,Davidson,Nashville,4/24/2015 12:45:00 PM,2,0,0,36.197690,-86.837360,US HWY 41 ALT,,,,0.00,Feet,,STATE HWY 12,,,,0.00,Y,T-Intersection, ,Intersection,None,,,         ,Clint,Gilleland,Clear,Angle,no,no,no,no,no,False
100823147,METROPOLITAN NASHVILLE POLICE DEPT,2015-0382134,Davidson,Nashville,4/23/2015 10:40:00 AM,2,1,0,36.220480,-86.726930,GALLATIN PIKE,,,,346.00,Feet,North,ARDEE AVE,,,,0.00,N,Not at Intersection,N,Non-Junction,None,,,         ,Coleman,Womack,Clear,Not Collision with Motor Vehicle in Transport,no,no,no,no,no,False
100823151,METROPOLITAN NASHVILLE POLICE DEPT,20150386502,Davidson,Nashville,4/24/2015 11:36:00 AM,3,4,0,36.169850,-86.673580,US HWY 70,,,,0.00,,,SHADY GROVE RD,,,,0.00,Y,T-Intersection,N,Intersection,None,,,         ,William,Mckay,Clear,Front to Rear,no,no,no,no,no,False
100823152,METROPOLITAN NASHVILLE POLICE DEPT,15-0386493,Davidson,Nashville,4/24/2015 11:30:00 AM,2,2,0,36.170130,-86.784700,HARRISON ST,,,,0.00,,,5TH AVE N,,,,0.00,Y,Four-Way,N,Intersection,None,,,         ,Frank,Campbell,Clear,Angle,no,no,no,no,no,False
100823154,METROPOLITAN NASHVILLE POLICE DEPT,20150386691,Davidson,Nashville,4/24/2015 12:36:00 PM,2,0,0,36.151250,-86.783080,MAGAZINE ST,,,,110.00,Feet,North,DIVISION ST,,,,0.00,N,Not at Intersection, ,,None,,,         ,Joshua,Hollins,,,no,no,no,no,no,False
100823157,METROPOLITAN NASHVILLE POLICE DEPT,2015-0386841,Davidson,Nashville,4/24/2015 1:15:00 PM,2,0,0,36.154770,-86.779420,US HWY 41,,,,0.00,,,US HWY 31,,,,0.00,Y,Roundabout, ,Intersection,None,,,         ,Charles,Coe,Cloudy,"Sideswipe, Same Direction",no,no,no,no,no,False
100823158,METROPOLITAN NASHVILLE POLICE DEPT,2015-0386879,Davidson,Not in City Limit,4/24/2015 12:50:00 PM,2,0,0,36.274570,-86.735510,I 65,,,,0.00,,,,,,,93.00,N,Not at Intersection,N,Non-Junction,None,,,         ,Nicholas,Truan,Clear,"Sideswipe, Same Direction",no,no,no,no,yes,False
100823165,VANDERBILT UNIVERSITY POLICE,15-0386750,Davidson,Nashville,4/24/2015 12:00:00 PM,2,0,0,36.110590,-86.766600,POWELL AVE,,,,0.00,,,,,,,0.00,,, ,"Driveway, Alley Access, etc",None,,,         ,Robert,Pasinger,Clear,"Sideswipe, Same Direction",no,no,no,yes,no,OHO
100823166,METROPOLITAN NASHVILLE POLICE DEPT,2015-0386846,Davidson,Nashville,4/24/2015 1:17:00 PM,2,0,0,36.139840,-86.879600,US HWY 70,,,,160.00,Feet,South,RUSSLEO DR,,,,0.00,N,Not at Intersection, ,Non-Junction,None,,,         ,Walter,Gray II,Clear,Front to Rear,no,no,no,no,no,False
100823174,METROPOLITAN NASHVILLE POLICE DEPT,20150386886,Davidson,Nashville,4/24/2015 1:19:00 PM,2,0,0,36.124710,-86.752000,US HWY 31 ALT,,,,117.00,Feet,South,ROSEDALE AVE,,,,0.00,N,Not at Intersection,N,Non-Junction,None,,,         ,James,Smith,Clear,"Sideswipe, Same Direction",no,no,no,no,yes,False
100823178,METROPOLITAN NASHVILLE POLICE DEPT,20150385967,Davidson,Nashville,4/24/2015 8:39:00 AM,2,0,0,36.094660,-86.801260,GRANNY WHITE PIKE,,,,0.00,Feet,,GLENDALE LN,,,,0.00,Y,Four-Way,N,Intersection,None,,,         ,Mikala,Moore,Clear,"Sideswipe, Same Direction",no,no,no,no,yes,False
100823191,METROPOLITAN NASHVILLE POLICE DEPT,20150386212,Davidson,Nashville,4/24/2015 9:57:00 AM,1,1,0,36.056830,-86.676580,I 24,,,,0.00,,,,,,,58.15,N,Not at Intersection,N,Non-Junction,None,,,         ,Roderic,Williams,Clear,Not Collision with Motor Vehicle in Transport,no,no,no,no,no,False
100823206,METROPOLITAN NASHVILLE POLICE DEPT,20150386312,Davidson,Nashville,4/24/2015 10:26:00 AM,2,0,0,36.145260,-86.811910,US HWY 70S,,,,0.00,,,28TH AVE S,,,,0.00,Y,Four-Way, ,Intersection-Related,None,,,         ,Joshua,Dickall,Clear,"Sideswipe, Same Direction",no,no,no,no,no,Campus
100823212,GOODLETTSVILLE POLICE DEPT,15-15735,Davidson,Goodlettsville,4/24/2015 11:25:00 AM,2,1,0,36.307600,-86.704010,I 65,,,,0.00,,,RIVERGATE PKWY,,,,0.00,Y,T-Intersection,Y,Entrance/Exit Ramp Related,None,,,         ,Benny,Alexander,Cloudy,Front to Rear,no,no,no,no,no,False
100823219,METROPOLITAN NASHVILLE POLICE DEPT,20150387098,Davidson,Nashville,4/24/2015 2:29:00 PM,2,0,0,36.167120,-86.779550,US HWY 31,,,,0.00,,,3RD AVE N,,,,0.00,Y,Four-Way, ,Intersection-Related,None,,,         ,Blaze,Williams,Clear,"Sideswipe, Same Direction",no,no,no,no,no,False
100823221,METROPOLITAN NASHVILLE POLICE DEPT,20150387081,Davidson,Nashville,4/24/2015 2:45:00 PM,2,0,0,36.150320,-86.797240,LYLE AVE,,,,0.00,,,US HWY 431,,,,0.00,Y,T-Intersection, ,Intersection,None,,,         ,Joseph,Jakes,Clear,"Sideswipe, Same Direction",no,no,no,no,no,False
100823243,METROPOLITAN NASHVILLE POLICE DEPT,20150387132,Davidson,Nashville,4/24/2015 2:30:00 PM,1,0,0,36.106130,-86.815970,ABBOTT MARTIN RD,,,,0.00,,,BANDYWOOD DR,,,,0.00,Y,OTHER,N,OtherLocation,None,,,         ,Brandon,Rardin,Clear,Not Collision with Motor Vehicle in Transport,no,no,no,yes,yes,False
100823249,METROPOLITAN NASHVILLE POLICE DEPT,20150387154,Davidson,Nashville,4/24/2015 3:15:00 PM,2,0,0,36.195090,-86.833540,US HWY 41 ALT,,,,867.00,Feet,West,BUENA VISTA PIKE,,,,0.00,N,Not at Intersection,N,Non-Junction,None,,,         ,Zachary,Ronan,Cloudy,Front to Rear,no,no,no,no,no,False
100823251,METROPOLITAN NASHVILLE POLICE DEPT,20150387182,Davidson,Nashville,4/24/2015 3:00:00 PM,1,0,0,36.105820,-86.813860,US HWY 431,,,,0.00,,,ABBOTT MARTIN RD,,,,0.00,Y,OTHER,N,OtherLocation,None,,,         ,Brandon,Rardin,Clear,Not Collision with Motor Vehicle in Transport,no,no,no,no,no,False
100823256,METROPOLITAN NASHVILLE POLICE DEPT,20150387305,Davidson,Nashville,4/24/2015 4:32:00 PM,2,0,0,36.153970,-86.800980,CHURCH ST,,,,74.00,Feet,East,20TH AVE N,,,,0.00,N,Not at Intersection, ,Non-Junction,None,,,         ,Mekisha,Page,Cloudy,Angle,no,no,no,no,no,False
100823258,METROPOLITAN NASHVILLE POLICE DEPT,20150377260,Davidson,Nashville,4/22/2015 7:22:00 AM,2,0,0,36.140570,-86.724130,I 40,,,,0.00,,,,,,,213.45,N,Not at Intersection, ,Non-Junction,None,,,         ,Jason,Smith,Cloudy,"Sideswipe, Same Direction",no,no,no,no,no,False
100823268,METROPOLITAN NASHVILLE POLICE DEPT,2015-0387277,Davidson,Nashville,4/24/2015 3:54:00 PM,2,0,0,36.201310,-86.739720,GALLATIN PIKE,,,,153.00,Feet,North,BURCHWOOD AVE,,,,0.00,N,Not at Intersection,N,Non-Junction,None,,,         ,Rachael,Sacco,Clear,Front to Rear,no,no,no,no,no,False
100823269,METROPOLITAN NASHVILLE POLICE DEPT,20150387212,Davidson,Nashville,4/24/2015 3:40:00 PM,2,0,0,36.154770,-86.779420,US HWY 41,,,,0.00,,,US HWY 31,,,,0.00,Y,Roundabout, ,Non-Junction,None,,,         ,Aaron,Thomas,Clear,"Sideswipe, Same Direction",no,no,no,no,no,False
100823276,METROPOLITAN NASHVILLE POLICE DEPT,20150387206,Davidson,Nashville,4/24/2015 3:31:00 PM,5,2,0,36.143190,-86.704480,I 40,,,,0.00,,,,,,,214.50,N,Not at Intersection,N,Non-Junction,None,,,         ,Michael,Apsey,Cloudy,Front to Rear,no,no,no,no,no,False
100823280,METROPOLITAN NASHVILLE POLICE DEPT,20150387400,Davidson,Nashville,4/24/2015 4:15:00 PM,2,0,0,36.163870,-86.689130,STATE HWY 155,,,,365.00,Feet,South,EXIT 8,,,,0.00,N,Not at Intersection,N,Non-Junction,None,,,         ,John,Kelley,Cloudy,Front to Rear,no,no,no,no,yes,False
100823284,VANDERBILT UNIVERSITY POLICE,15-386560,Davidson,Nashville,4/24/2015 12:00:00 AM,2,0,0,36.143740,-86.795680,18TH AVE S,,,,30.00,Feet,North,EDGEHILL AVE,,,,0.00,N,Not at Intersection,N,Non-Junction,None,,,         ,William,Gladu,Cloudy,"Sideswipe, Same Direction",no,no,no,no,yes,Campus
100823300,METROPOLITAN NASHVILLE POLICE DEPT,20150387515,Davidson,Nashville,4/24/2015 5:12:00 PM,2,0,0,36.153380,-86.852620,I 40,,,,0.00,,,,,,,204.25,N,Not at Intersection, ,,None,,,         ,Brandon,Rardin,,,no,no,no,no,no,False
100823309,METROPOLITAN NASHVILLE POLICE DEPT,20150387573,Davidson,Nashville,4/24/2015 5:30:00 PM,2,0,0,36.165950,-86.764620,EXIT 49,,,,0.00,,,I 24,,,,0.00,Y,OTHER, ,,None,,,         ,Aaron,Thomas,,,no,no,no,no,no,False
100823313,METROPOLITAN NASHVILLE POLICE DEPT,20150387595,Davidson,Nashville,4/24/2015 4:53:00 PM,2,0,0,36.149990,-86.771980,I 40,,,,0.00,,,,,,,210.30,N,Not at Intersection, ,Non-Junction,None,,,         ,Nicholas,Smith,Cloudy,Front to Rear,no,no,no,no,no,False
100823315,METROPOLITAN NASHVILLE POLICE DEPT,20150387458,Davidson,Nashville,4/24/2015 5:36:00 PM,3,0,0,36.216550,-86.775020,I 65,,,,0.00,,,,,,,88.05,N,Not at Intersection, ,Non-Junction,Construction Zone,,,         ,Christopher,Kelly,Clear,Angle,no,no,no,no,no,False
100823316,METROPOLITAN NASHVILLE POLICE DEPT,20150387335,Davidson,Nashville,4/24/2015 4:09:00 PM,2,0,0,36.207280,-86.805020,W TRINITY LN,,,,656.00,Feet,East,DAY ST,,,,0.00,N,Not at Intersection, ,Non-Junction,None,,,         ,Christopher,Mackey,Cloudy,"Sideswipe, Same Direction",no,no,no,no,no,False
100823317,METROPOLITAN NASHVILLE POLICE DEPT,20150387607,Davidson,Nashville,4/24/2015 5:39:00 PM,2,0,0,36.070380,-86.769820,I 65,,,,0.00,,,,,,,77.00,N,Not at Intersection, ,Non-Junction,None,,,         ,Mekisha,Page,Cloudy,Front to Rear,no,no,no,no,no,False
100823323,METROPOLITAN NASHVILLE POLICE DEPT,2015-0387168,Davidson,Nashville,4/24/2015 3:15:00 PM,2,0,0,36.050570,-86.877560,STATE HWY 254,,,,260.00,Feet,West,CHICKERING RD,,,,0.00,N,Not at Intersection, ,Non-Junction,None,,,         ,Alex,Lampley,Clear,Front to Rear,no,no,no,no,no,False
100823324,METROPOLITAN NASHVILLE POLICE DEPT,2015-0387464,Davidson,Nashville,4/24/2015 4:35:00 PM,2,0,0,36.126810,-86.845020,US HWY 70S,,,,418.00,Feet,West,RIDGEFIELD WAY,,,,0.00,N,Not at Intersection, ,Non-Junction,None,,,         ,Alex,Lampley,Cloudy,Front to Rear,no,no,no,no,no,False
100823326,METROPOLITAN NASHVILLE POLICE DEPT,20150387431,Davidson,Nashville,4/24/2015 4:06:00 PM,2,1,0,36.117940,-86.748730,US HWY 31 ALT,,,,54.00,Feet,North,WOODBINE ST,,,,0.00,N,Not at Intersection,N,Non-Junction,None,,,         ,Brenton,Adcox,Cloudy,Angle,no,no,no,no,no,False
100823327,METROPOLITAN NASHVILLE POLICE DEPT,20150387665,Davidson,Nashville,4/24/2015 5:59:00 PM,2,1,0,36.134470,-86.788910,12TH AVE S,,,,0.00,Feet,North,WEDGEWOOD AVE,,,,0.00,N,Not at Intersection,N,Non-Junction,None,,,         ,Brenton,Adcox,Cloudy,Front to Rear,no,no,no,no,no,False
100823328,METROPOLITAN NASHVILLE POLICE DEPT,20150387450,Davidson,Nashville,4/24/2015 4:27:00 PM,2,0,0,36.155030,-86.797490,18TH AVE N,,,,0.00,,,CHURCH ST,,,,0.00,Y,Four-Way, ,Intersection,None,,,         ,Mekisha,Page,Cloudy,Angle,no,no,no,no,no,False
100823339,METROPOLITAN NASHVILLE POLICE DEPT,20150387767,Davidson,Nashville,4/24/2015 7:01:00 PM,2,0,0,36.038160,-86.743470,EDMONDSON PIKE,,,,202.00,Feet,East,BONNIE BRIDGE RD,,,,0.00,N,Not at Intersection, ,OtherLocation,None,,,         ,Eric,Burford,Cloudy,Front to Rear,no,no,no,no,no,False
100823340,METROPOLITAN NASHVILLE POLICE DEPT,20150387712,Davidson,Nashville,4/24/2015 6:00:00 PM,2,0,0,36.135860,-86.726940,-- UNKNOWN RAMP/ROAD --,,,,0.00,Feet,East,I 24,,,,0.00,N,Not at Intersection, ,Non-Junction,None,,,         ,Jiyayi,Suleyman,Clear,Front to Rear,no,no,no,no,no,False
100823341,METROPOLITAN NASHVILLE POLICE DEPT,20150387715,Davidson,Nashville,4/24/2015 4:41:00 PM,2,0,0,36.128960,-86.802750,US HWY 431,,,,150.00,Feet,South,ASHWOOD AVE,,,,0.00,N,Not at Intersection, ,,None,,,         ,Charles,Griffin,,,no,no,no,no,no,False
100823343,METROPOLITAN NASHVILLE POLICE DEPT,20150387538,Davidson,Nashville,4/24/2015 5:15:00 PM,2,1,0,36.210100,-86.839140,US HWY 41 ALT,,,,334.00,Feet,South,FAIRVIEW DR,,,,0.00,N,Not at Intersection,N,Non-Junction,None,,,         ,Zachary,Ronan,Cloudy,Angle,no,no,no,no,no,False
100823359,METROPOLITAN NASHVILLE POLICE DEPT,20150380276,Davidson,Nashville,4/22/2015 9:45:00 PM,2,0,0,36.183320,-86.610280,STATE HWY 45,,,,153.00,Feet,East,ANDREW JACKSON PKWY,,,,0.00,N,Not at Intersection,N,Non-Junction,None,,,         ,Daniel,Motte,Clear,Angle,no,no,no,no,yes,False
100823365,METROPOLITAN NASHVILLE POLICE DEPT,20150387484,Davidson,Not in City Limit,4/24/2015 4:30:00 PM,1,1,0,36.003460,-86.629350,OLD HICKORY BLVD,,,,318.00,Feet,East,RED APPLE RD,,,,0.00,N,Not at Intersection,N,Non-Junction,None,,,         ,Joseph,Progar,Cloudy,Not Collision with Motor Vehicle in Transport,no,no,no,no,yes,False
100823367,METROPOLITAN NASHVILLE POLICE DEPT,20150387676,Davidson,Nashville,4/24/2015 6:02:00 PM,2,1,0,36.141120,-86.627960,BELL RD,,,,0.00,Feet,,ELM HILL PIKE,,,,0.00,Y,T-Intersection,N,Intersection,None,,,         ,David,Abbott,Cloudy,Angle,no,no,no,no,no,False
100823380,METROPOLITAN NASHVILLE POLICE DEPT,20150387063,Davidson,Nashville,4/24/2015 2:30:00 PM,1,0,0,36.071020,-86.647190,PEBBLE CREEK DR,,,,246.00,Feet,East,SPRINGMORE CT,,,,0.00,N,Not at Intersection,N,Non-Junction,None,,,         ,Jessie,Meadows,Clear,Not Collision with Motor Vehicle in Transport,no,no,no,no,no,False
100823381,METROPOLITAN NASHVILLE POLICE DEPT,20150387225,Davidson,Nashville,4/24/2015 4:10:00 PM,2,1,0,36.069140,-86.720260,US HWY 31 ALT,,,,317.00,Feet,East,TAYLOR RD,,,,0.00,N,Not at Intersection,N,Non-Junction,None,,,         ,Jessie,Meadows,Clear,Angle,no,no,no,no,no,False
100823383,METROPOLITAN NASHVILLE POLICE DEPT,20150387527,Davidson,Nashville,4/24/2015 5:35:00 PM,2,2,0,36.056870,-86.658260,WINTON DR,,,,5.00,Feet,South,HIGHLANDER DR,,,,0.00,N,Not at Intersection,N,Non-Junction,None,,,         ,Jessie,Meadows,Clear,Angle,no,no,no,no,no,False
100823384,METROPOLITAN NASHVILLE POLICE DEPT,20150387838,Davidson,Nashville,4/24/2015 7:22:00 PM,2,0,0,36.092940,-86.678770,STATE HWY 255,,,,90.00,Feet,South,RAMP,,,,0.00,N,Not at Intersection, ,Non-Junction,None,,,         ,Jessie,Meadows,Clear,Angle,no,no,no,no,no,False
100823385,METROPOLITAN NASHVILLE POLICE DEPT,20150387360,Davidson,Madison,4/24/2015 4:20:00 PM,1,1,0,36.280010,-86.704460,PIERCE RD,,,,219.00,Feet,West,PALMER AVE,,,,0.00,N,Not at Intersection,N,Non-Junction,None,,,         ,Nathan,Dungan,Cloudy,Not Collision with Motor Vehicle in Transport,no,no,no,no,no,False
100823386,METROPOLITAN NASHVILLE POLICE DEPT,20150388074,Davidson,Nashville,4/24/2015 8:00:00 PM,2,0,0,36.206090,-86.690190,STATE HWY 155,,,,418.00,Feet,North,BRILEY PKWY,,,,0.00,N,Not at Intersection, ,Non-Junction,None,,,         ,Jiyayi,Suleyman,Cloudy,Not Collision with Motor Vehicle in Transport,no,no,no,no,no,False
100823394,GOODLETTSVILLE POLICE DEPT,15-15782,Davidson,Goodlettsville,4/24/2015 5:00:00 PM,2,1,0,36.306023,-86.706314,,,I65,,100.00,Feet,South,,,,,95.60,N,Not at Intersection,N,Non-Junction,None,,,         ,Charles,Hauskin,Clear,Front to Rear,no,no,no,no,no,False
100823403,METROPOLITAN NASHVILLE POLICE DEPT,20150387885,Davidson,Nashville,4/24/2015 7:13:00 PM,2,0,0,36.040780,-86.779820,STATE HWY 254,,,,137.00,Feet,West,FRANKLIN PIKE CIR,,,,0.00,N,Not at Intersection, ,Non-Junction,None,,,         ,Mekisha,Page,Cloudy,Angle,no,no,no,no,no,False
100823405,METROPOLITAN NASHVILLE POLICE DEPT,20150387108,Davidson,Nashville,4/24/2015 3:06:00 PM,2,1,0,36.185510,-86.817150,CLARKSVILLE PIKE,,,,0.00,,,25TH AVE N,,,,0.00,Y,Four-Way,Y,Intersection,None,,,         ,Michael,Brooks,Cloudy,"Sideswipe, Opposite Direction",no,no,no,no,no,False
100823406,METROPOLITAN NASHVILLE POLICE DEPT,20150387392,Davidson,Nashville,4/24/2015 4:29:00 PM,3,0,0,36.187910,-86.798530,US HWY 41 ALT,,,,0.00,,,DOMINICAN DR,,,,0.00,Y,Four-Way,Y,Intersection,None,,,         ,Michael,Brooks,Cloudy,Front to Rear,no,no,no,no,no,False
100823407,METROPOLITAN NASHVILLE POLICE DEPT,20150387710,Davidson,Nashville,4/24/2015 5:19:00 PM,2,0,0,36.173020,-86.792390,9TH AVE N,,,,0.00,,,JEFFERSON ST,,,,0.00,Y,Four-Way, ,Non-Junction,None,,,         ,Michael,Brooks,Cloudy,Angle,no,no,no,no,no,False
100823418,METROPOLITAN NASHVILLE POLICE DEPT,20150388235,Davidson,Nashville,4/24/2015 8:38:00 PM,2,0,0,36.107800,-86.812670,US HWY 431,,,,0.00,,,GREEN HILLS VILLAGE DR,,,,0.00,Y,T-Intersection, ,Intersection-Related,None,,,         ,Nicholas,Smith,Rain,Front to Rear,no,no,no,no,no,False
100823421,METROPOLITAN NASHVILLE POLICE DEPT,20150387722,Davidson,Nashville,4/24/2015 6:25:00 PM,2,0,0,36.142300,-86.742820,US HWY 41,,,,0.00,,,POLK AVE,,,,0.00,Y,T-Intersection,N,OtherLocation,None,,,         ,Paul,Goebel,Cloudy,Angle,no,no,no,no,no,False
100823425,METROPOLITAN NASHVILLE POLICE DEPT,2015388171,Davidson,Nashville,4/24/2015 9:09:00 PM,2,3,0,36.132730,-86.788710,12TH AVE S,,,,19.00,Feet,South,CALDWELL AVE,,,,0.00,N,Not at Intersection,N,Non-Junction,None,,,         ,Brenton,Adcox,Rain,Front to Rear,no,no,no,no,no,False
100823428,METROPOLITAN NASHVILLE POLICE DEPT,20150388245,Davidson,Nashville,4/24/2015 9:38:00 PM,2,0,0,36.165850,-86.781890,CHARLOTTE AVE,,,,0.00,,,5TH AVE N,,,,0.00,Y,Four-Way, ,Non-Junction,None,,,         ,Seth,Oden,Rain,Front to Rear,no,no,no,no,no,False
100823430,METROPOLITAN NASHVILLE POLICE DEPT,20150388246,Davidson,Nashville,4/24/2015 9:15:00 PM,2,0,0,36.213380,-86.788890,OLD MATTHEWS RD,,,,0.00,,,WEBSTER DR,,,,0.00,Y,OTHER, ,Non-Junction,None,,,         ,Jeanine,Sarno,Rain,Front to Rear,no,no,no,no,no,False
100823434,METROPOLITAN NASHVILLE POLICE DEPT,20150387474,Davidson,Nashville,4/24/2015 4:45:00 PM,2,0,0,36.082020,-86.727050,US HWY 31 ALT,,,,241.00,Feet,South,WELSHWOOD DR,,,,0.00,N,Not at Intersection, ,Non-Junction,None,,,         ,Jacob,Miller,Cloudy,Angle,no,no,no,no,no,False
100823440,METROPOLITAN NASHVILLE POLICE DEPT,20150388253,Davidson,Nashville,4/24/2015 10:20:00 PM,1,0,0,36.091400,-86.709150,PARAGON DR,,,,91.00,Feet,East,DONNA KAY DR,,,,0.00,N,Not at Intersection,N,Non-Junction,None,,,         ,Jessie,Meadows,Rain,Not Collision with Motor Vehicle in Transport,no,no,no,no,no,False
100823442,METROPOLITAN NASHVILLE POLICE DEPT,20150387704,Davidson,Nashville,4/24/2015 6:11:00 PM,1,1,0,36.079510,-86.904540,US HWY 70S,,,,490.00,Feet,West,BROOKMONT TER,,,,0.00,N,Not at Intersection,N,Non-Junction,None,,,         ,John,Thomas,Cloudy,Not Collision with Motor Vehicle in Transport,no,no,no,no,no,False
100823443,METROPOLITAN NASHVILLE POLICE DEPT,20150387584,Davidson,Nashville,4/24/2015 3:35:00 PM,2,0,0,36.060090,-86.741060,ELLINGTON CIR,,,,0.00,,,EDMONDSON PIKE,,,,0.00,Y,OTHER,N,Non-Junction,None,,,         ,Ricki,Armstrong,Clear,"Sideswipe, Opposite Direction",no,no,no,no,no,False
100823445,METROPOLITAN NASHVILLE POLICE DEPT,20150387513,Davidson,Nashville,4/24/2015 5:12:00 PM,3,2,0,36.045410,-86.703080,STATE HWY 254,,,,155.00,Feet,East,EULALA DR,,,,0.00,N,Not at Intersection,N,Non-Junction,None,,,         ,William,Durham,Clear,Front to Rear,no,no,no,no,no,False
100823448,METROPOLITAN NASHVILLE POLICE DEPT,20150378943,Davidson,Madison,4/22/2015 3:45:00 PM,3,2,0,36.274270,-86.689400,MYATT DR,,,,609.00,Feet,North,RAMP,,,,0.00,N,Not at Intersection,N,Non-Junction,None,,,         ,Nathan,Dungan,Clear,Front to Rear,no,no,no,no,no,False
100823449,METROPOLITAN NASHVILLE POLICE DEPT,20150388287,Davidson,Nashville,4/24/2015 9:55:00 PM,1,1,0,36.238430,-86.783770,EXIT 18A,,,,0.00,Feet,East,I 24,,,,0.00,N,Not at Intersection,Y,Entrance/Exit Ramp Related,None,,,         ,Nathan,Dungan,Rain,Not Collision with Motor Vehicle in Transport,no,no,no,no,no,False
100823451,METROPOLITAN NASHVILLE POLICE DEPT,2015-0385583,Davidson,Nashville,4/24/2015 5:48:00 AM,2,1,0,36.161600,-86.783820,CHURCH ST,,,,0.00,,,US HWY 31,,,,0.00,Y,Four-Way,N,Intersection,None,,,         ,Michael,Willis Jr.,Clear,Angle,no,no,no,no,no,False
100823457,METROPOLITAN NASHVILLE POLICE DEPT,20150385582,Davidson,Nashville,4/24/2015 5:35:00 AM,2,0,0,36.160770,-86.793680,US HWY 70,,,,0.00,,,EXIT 209,,,,0.00,Y,Four-Way,Y,Intersection,Construction Zone,Work On Shoulder Or Median,Advanced Warning Area,         ,Charles,Wingo,Clear,Angle,no,no,no,no,no,False
100823462,METROPOLITAN NASHVILLE POLICE DEPT,20150388701,Davidson,Nashville,4/25/2015 12:10:00 AM,1,0,0,36.153600,-86.632880,I 40,,,,0.00,,,,,,,218.70,N,Not at Intersection,N,Non-Junction,None,,,         ,Bo,Branum,Rain,Not Collision with Motor Vehicle in Transport,no,no,no,no,no,False
100823473,METROPOLITAN NASHVILLE POLICE DEPT,20150388639,Davidson,Nashville,4/24/2015 8:05:00 PM,2,0,0,36.130160,-86.900710,US HWY 70,,,,0.00,,,CABOT DR,,,,0.00,Y,T-Intersection, ,Intersection,None,,,         ,Ericka,Bingham,Rain,Front to Rear,no,no,no,no,no,False
100823476,METROPOLITAN NASHVILLE POLICE DEPT,20150388705,Davidson,Nashville,4/24/2015 11:30:00 PM,2,0,0,36.109170,-86.811840,US HWY 431,,,,0.00,,,CRESTMOOR RD,,,,0.00,Y,Four-Way,N,Intersection-Related,None,,,         ,Robert,Buckman,Rain,Front to Rear,no,no,no,no,yes,False
100823487,METROPOLITAN NASHVILLE POLICE DEPT,20150388760,Davidson,Nashville,4/25/2015 12:30:00 AM,1,0,0,36.213120,-86.731470,GALLATIN PIKE,,,,96.00,Feet,South,MCCHESNEY AVE,,,,0.00,N,Not at Intersection,N,Non-Junction,None,,,         ,Douglas,Smith,Rain,Not Collision with Motor Vehicle in Transport,no,no,no,no,no,False
100823489,METROPOLITAN NASHVILLE POLICE DEPT,20150388761,Davidson,Nashville,4/25/2015 12:33:00 AM,2,0,0,36.171820,-86.794390,10TH AVE N,,,,171.00,Feet,North,PHILLIPS ST,,,,0.00,N,Not at Intersection,N,Non-Junction,None,,,         ,Kevin,Frei,Rain,"Sideswipe, Same Direction",no,no,no,no,yes,False
100823490,METROPOLITAN NASHVILLE POLICE DEPT,20150388375,Davidson,Nashville,4/25/2015 10:40:00 PM,2,0,0,36.151360,-86.799320,20TH AVE S,,,,0.00,,,20TH AVE N,,,,0.00,Y,Four-Way, ,Intersection,None,,,         ,Charles,Wingo,Rain,Angle,no,no,no,no,no,Campus
100823493,METROPOLITAN NASHVILLE POLICE DEPT,20150388355,Davidson,Nashville,4/24/2015 10:32:00 PM,1,0,0,36.134230,-86.779160,US HWY 31,,,,0.00,,,WEDGEWOOD AVE,,,,0.00,Y,Four-Way,N,Intersection-Related,None,,,         ,Conner,Harris,Rain,Not Collision with Motor Vehicle in Transport,no,no,no,no,no,False