master_record_number,agency,agency_tracking_number,county,city,collision_date,vehicles_involved,number_injured,number_dead,latitude,longitude,roadway_name,roadway_suffix,roadway_number,roadway_local_id,distance_from_reference,miles-feet_indicator,direction_from_reference,intersection_road_name,intersection_road_name_suffix,intersection_road_number,intersection_local_id,mile_marker,intersection_indicator,intersect_type,interchange_related_indicator,relation_to_junction,work_zone_type,construction_maintenance_zone,construction_maintenance_zone_location,fatal_case_number,officer_first_name,officer_last_name,weather_condition(s),manner_of_crash,pedestrian,bicycle,scooter,parking,hitrun,mou
100824495,VANDERBILT UNIVERSITY POLICE,15-0386396,Davidson,Nashville,4/24/2015 10:30:00 AM,2,0,0,36.145890,-86.807540,25TH AVE S,,,,0.00,,,KENSINGTON PL,,,,0.00,Y,OTHER, ,Non-Junction,None,,,         ,Jonathan,McAllister,Clear,"Sideswipe, Opposite Direction",no,no,no,no,no,Campus
100824503,METROPOLITAN NASHVILLE POLICE DEPT,2015-0386702,Davidson,Nashville,4/24/2015 12:35:00 PM,2,1,0,36.153860,-86.787720,DEMONBREUN ST,,,,0.00,,,-- UNKNOWN RAMP/ROAD --,,,,0.00,Y,OTHER,N,Intersection,Construction Zone,Lane Shift-Crossover,Transition Area,         ,Alex,Moore,Clear,"Sideswipe, Same Direction",no,no,no,no,no,False
100824505,METROPOLITAN NASHVILLE POLICE DEPT,20150393838,Davidson,Madison,4/27/2015 8:15:00 AM,2,0,0,36.264240,-86.735460,STATE HWY 45,,,,97.00,Feet,West,BOYDS HILLTOP DR,,,,0.00,N,Not at Intersection, ,Non-Junction,None,,,         ,Trevin,Tolbert,Clear,Front to Rear,no,no,no,no,no,False
100824508,METROPOLITAN NASHVILLE POLICE DEPT,20150382726,Davidson,Nashville,4/23/2015 2:26:00 PM,1,0,0,36.154630,-86.786170,12TH AVE S,,,,0.00,,,DEMONBREUN ST,,,,0.00,Y,Four-Way, ,Intersection,Construction Zone,,,         ,Joshua,Hollins,Clear,Not Collision with Motor Vehicle in Transport,no,no,no,no,no,False
100824516,METROPOLITAN NASHVILLE POLICE DEPT,20150393781,Davidson,Nashville,4/27/2015 7:55:00 AM,2,0,0,36.169560,-86.678210,US HWY 70,,,,493.00,Feet,East,MCGAVOCK PIKE,,,,0.00,N,Not at Intersection, ,,None,,,         ,James,Curtis,,,no,no,no,no,no,False
100824519,METROPOLITAN NASHVILLE POLICE DEPT,20150393760,Davidson,Nashville,4/27/2015 8:00:00 AM,2,0,0,0.000000,0.000000,BELL ROAD,,,,10.00,Feet,North,344 BELL ROAD,,,,0.00,N,Not at Intersection,N,Non-Junction,None,,,         ,Caleb,Jernigan,Clear,Angle,no,no,no,no,no,False
100824522,METROPOLITAN NASHVILLE POLICE DEPT,20150393823,Davidson,Nashville,4/27/2015 8:15:00 AM,2,0,0,36.058930,-86.678480,I 24,,,,0.00,,,,,,,58.00,N,Not at Intersection, ,Non-Junction,None,,,         ,James,Thomas,Clear,Front to Rear,no,no,no,no,no,False
100824532,METROPOLITAN NASHVILLE POLICE DEPT,20150394049,Davidson,Nashville,4/27/2015 10:00:00 AM,2,0,0,36.207090,-86.777840,BRICK CHURCH PIKE,,,,176.00,Feet,North,US HWY 431,,,,0.00,N,Not at Intersection, ,,None,,,         ,Ryan,Caulfield,,,no,no,no,no,no,False
100824536,METROPOLITAN NASHVILLE POLICE DEPT,20150393877,Davidson,Nashville,4/27/2015 8:40:00 AM,3,1,0,36.034670,-86.642980,I 24,,,,0.00,,,,,,,60.60,N,Not at Intersection,N,Non-Junction,None,,,         ,Randall,Combs,Clear,Front to Rear,no,no,no,no,no,False
100824537,METROPOLITAN NASHVILLE POLICE DEPT,20150393916,Davidson,Nashville,4/27/2015 8:35:00 AM,2,0,0,36.167640,-86.663240,US HWY 70,,,,0.00,,,STATE HWY 255,,,,0.00,Y,T-Intersection,N,Intersection,None,,,         ,Kevin,Caperton,Clear,"Sideswipe, Same Direction",no,no,no,no,yes,False
100824538,METROPOLITAN NASHVILLE POLICE DEPT,2015-0393745,Davidson,Nashville,4/27/2015 7:58:00 AM,3,0,0,36.175810,-86.766670,US HWY 31E,,,,53.00,Feet,North,-- UNKNOWN RAMP/ROAD --,,,,0.00,N,Not at Intersection,Y,Entrance/Exit Ramp Related,None,,,         ,Doyle,Price,Clear,Front to Rear,no,no,no,no,no,False
100824542,METROPOLITAN NASHVILLE POLICE DEPT,2015-0393929,Davidson,Nashville,4/27/2015 8:45:00 AM,2,0,0,36.152000,-86.791910,DIVISION ST,,,,0.00,,,MUSIC SQ E,,,,0.00,Y,Roundabout, ,Intersection,None,,,         ,Emily,Davies,Clear,Front to Rear,no,no,no,no,no,False
100824546,METROPOLITAN NASHVILLE POLICE DEPT,20150394098,Davidson,Nashville,4/27/2015 10:00:00 AM,2,2,0,36.192670,-86.744370,GALLATIN AVE,,,,0.00,,,DOUGLAS AVE,,,,0.00,Y,Four-Way,N,Intersection-Related,None,,,         ,Eric,Westbrook,Clear,Front to Rear,no,no,no,no,yes,False
100824554,METROPOLITAN NASHVILLE POLICE DEPT,20150394105,Davidson,Nashville,4/27/2015 10:07:00 AM,3,0,0,36.033330,-86.641490,I 24,,,,0.00,,,,,,,60.70,N,Not at Intersection, ,,None,,,         ,Todd,Watson,,,no,no,no,no,no,False
100824556,METROPOLITAN NASHVILLE POLICE DEPT,2015-0394090,Davidson,Nashville,4/27/2015 9:52:00 AM,2,1,0,36.077090,-86.725550,WALLACE RD,,,,0.00,,,US HWY 31 ALT,,,,0.00,Y,Four-Way,N,Intersection,None,,,         ,Stanley,Collins,Clear,Front to Rear,no,no,no,no,no,False
100824560,METROPOLITAN NASHVILLE POLICE DEPT,20150394025,Davidson,Nashville,4/27/2015 10:47:00 AM,2,0,0,36.080890,-86.718460,WELCH RD,,,,122.00,Feet,West,JONQUIL DR,,,,0.00,N,Not at Intersection, ,Non-Junction,None,,,         ,Richard,Olive,Cloudy,Front to Rear,no,no,no,no,no,False
100824561,METROPOLITAN NASHVILLE POLICE DEPT,2015-0393593,Davidson,Nashville,4/27/2015 6:24:00 AM,1,0,0,36.136020,-86.727290,EXIT 52,,,,0.00,Feet,East,I 24,,,,0.00,N,Not at Intersection,Y,Entrance/Exit Ramp Related,None,,,         ,William,Whitworth,Clear,Not Collision with Motor Vehicle in Transport,no,no,no,no,no,False
100824562,METROPOLITAN NASHVILLE POLICE DEPT,2015-0393777,Davidson,Antioch,4/27/2015 7:53:00 AM,2,0,0,36.040580,-86.604280,US HWY 41,,,,592.00,Feet,North,OLD HICKORY BLVD,,,,0.00,N,Not at Intersection, ,Non-Junction,None,,,         ,William,Whitworth,Clear,Front to Rear,no,no,no,no,no,False
100824563,METROPOLITAN NASHVILLE POLICE DEPT,2015-0393994,Davidson,Nashville,4/27/2015 9:29:00 AM,2,0,0,36.145740,-86.764700,CHESTNUT ST,,,,0.00,,,US HWY 31 ALT,,,,0.00,Y,Four-Way,N,Intersection,None,,,         ,William,Whitworth,Clear,Angle,no,no,no,no,no,False
100824567,METROPOLITAN NASHVILLE POLICE DEPT,20150394288,Davidson,Nashville,4/27/2015 11:05:00 AM,2,0,0,36.037860,-86.784730,STATE HWY 254,,,,79.00,Feet,West,RAMP,,,,0.00,N,Not at Intersection, ,Non-Junction,None,,,         ,Samuel,Ruth,Clear,Front to Rear,no,no,no,no,no,False
100824568,METROPOLITAN NASHVILLE POLICE DEPT,2015-0394323,Davidson,Nashville,4/27/2015 11:18:00 AM,2,0,0,36.168250,-86.782150,US HWY 31,,,,0.00,,,GAY ST,,,,0.00,Y,Four-Way, ,,None,,,         ,Alex,Moore,,,no,no,no,no,no,False
100824572,METROPOLITAN NASHVILLE POLICE DEPT,20150394381,Davidson,Nashville,4/27/2015 11:37:00 AM,2,0,0,36.134290,-86.776990,WEDGEWOOD AVE,,,,185.00,Feet,West,RAMP,,,,0.00,N,Not at Intersection, ,Non-Junction,None,,,         ,Nathan,Kemp,Clear,"Sideswipe, Same Direction",no,no,no,no,no,False
100824575,METROPOLITAN NASHVILLE POLICE DEPT,20150393955,Davidson,Nashville,4/27/2015 9:14:00 AM,2,0,0,36.149160,-86.743190,FESSLERS LN,,,,0.00,,,FESSLERS PKWY,,,,0.00,Y,Four-Way, ,Intersection,None,,,         ,James,Curtis,Clear,"Sideswipe, Same Direction",no,no,no,no,no,False
100824584,METROPOLITAN NASHVILLE POLICE DEPT,20150394051,Davidson,Nashville,4/27/2015 9:49:00 AM,2,0,0,36.206610,-86.777900,BRICK CHURCH PIKE,,,,0.00,,,US HWY 431,,,,0.00,Y,Four-Way, ,Non-Junction,None,,,         ,Michael,Parman,Clear,"Sideswipe, Same Direction",no,no,no,no,no,False
100824587,METROPOLITAN NASHVILLE POLICE DEPT,20150393867,Davidson,Madison,4/27/2015 8:30:00 AM,3,1,0,36.259230,-86.678860,CHEYENNE BLVD,,,,82.00,Feet,North,WARRIOR RD,,,,0.00,N,Not at Intersection,N,Non-Junction,None,,,         ,William,Coy,Clear,Front to Rear,no,no,no,no,yes,False
100824592,METROPOLITAN NASHVILLE POLICE DEPT,20150394645,Davidson,Nashville,4/27/2015 12:56:00 PM,2,0,0,36.134250,-86.780000,WEDGEWOOD AVE,,,,250.00,Feet,West,US HWY 31,,,,0.00,N,Not at Intersection,N,Non-Junction,None,,,         ,Nathan,Kemp,Clear,"Sideswipe, Same Direction",no,no,no,no,no,False
100824593,METROPOLITAN NASHVILLE POLICE DEPT,2015-0393825,Davidson,Nashville,4/27/2015 8:20:00 AM,2,0,0,36.163990,-86.782290,UNION ST,,,,0.00,,,6TH AVE N,,,,0.00,Y,OTHER, ,OtherLocation,None,,,         ,Alex,Moore,Clear,Angle,no,no,no,no,no,False
100824598,METROPOLITAN NASHVILLE POLICE DEPT,20150394079,Davidson,Nashville,4/27/2015 10:00:00 AM,2,3,0,36.249660,-86.741770,I 65,,,,0.00,,,,,,,91.20,N,Not at Intersection,N,Non-Junction,None,,,         ,Jeffery,Burnette,Cloudy,Front to Rear,no,no,no,no,no,False
100824606,METROPOLITAN NASHVILLE POLICE DEPT,20150394777,Davidson,Nashville,4/27/2015 1:23:00 PM,2,0,0,36.138950,-86.793980,16TH AVE S,,,,663.00,Feet,South,HORTON AVE,,,,0.00,N,Not at Intersection, ,Non-Junction,None,,,         ,Nathan,Kemp,Clear,"Sideswipe, Same Direction",no,no,no,no,no,False
100824607,METROPOLITAN NASHVILLE POLICE DEPT,20150378949,Davidson,Nashville,4/22/2015 3:40:00 PM,2,0,0,36.214610,-86.604630,US HWY 70,,,,0.00,,,SHUTE LN,,,,0.00,Y,T-Intersection, ,Non-Junction,None,,,         ,James,DeSantis,Cloudy,Front to Rear,no,no,no,no,no,False
100824609,METROPOLITAN NASHVILLE POLICE DEPT,2015-0394615,Davidson,Nashville,4/27/2015 12:49:00 PM,2,0,0,36.145270,-86.857970,STATE HWY 155,,,,100.00,Feet,North,BURGESS AVE,,,,0.00,N,Not at Intersection, ,Non-Junction,None,,,         ,Walter,Gray II,Clear,"Sideswipe, Same Direction",no,no,no,no,no,False
100824613,METROPOLITAN NASHVILLE POLICE DEPT,20150394693,Davidson,Nashville,4/27/2015 1:15:00 PM,2,0,0,36.084830,-86.703700,STATE HWY 255,,,,96.00,Feet,West,TRAVELERS INN DR,,,,0.00,N,Not at Intersection, ,Non-Junction,None,,,         ,Adam,Crutcher,Clear,Front to Rear,no,no,no,no,no,False
100824614,METROPOLITAN NASHVILLE POLICE DEPT,20150394803,Davidson,Nashville,4/27/2015 1:40:00 PM,2,0,0,36.206610,-86.777900,US HWY 431,,,,0.00,Feet,,BRICK CHURCH PIKE,,,,0.00,Y,Four-Way,Y,Intersection-Related,None,,,         ,Ryan,Caulfield,Clear,"Sideswipe, Same Direction",no,no,no,no,yes,False
100824619,METROPOLITAN NASHVILLE POLICE DEPT,20150394565,Davidson,Nashville,4/27/2015 12:30:00 PM,2,0,0,36.045730,-86.674350,STATE HWY 254,,,,0.00,,,BLUE HOLE RD,,,,0.00,Y,Four-Way, ,Intersection,None,,,         ,James,Thomas,Clear,Angle,no,no,no,no,no,False
100824620,METROPOLITAN NASHVILLE POLICE DEPT,20150394814,Davidson,Nashville,4/27/2015 1:45:00 PM,2,1,0,36.168000,-86.664530,US HWY 70,,,,0.00,,,OLD LEBANON PIKE,,,,0.00,Y,T-Intersection,N,Intersection-Related,None,,,         ,Daniel,Crockett,Clear,Angle,no,no,no,no,no,False
100824622,METROPOLITAN NASHVILLE POLICE DEPT,20150392570,Davidson,Not in City Limit,4/26/2015 8:24:00 PM,2,0,0,36.308320,-86.821710,I 24,,,,0.00,,,,,,,38.00,N,Not at Intersection, ,Non-Junction,None,,,         ,James,Wray,Clear,Other,no,no,no,no,no,False
100824626,GOODLETTSVILLE POLICE DEPT,15-16186,Davidson,Goodlettsville,4/27/2015 1:42:00 PM,2,0,0,36.323980,-86.704010,I 65,,,,0.00,Feet,East,STATE HWY 174,,,,0.00,N,Not at Intersection, ,Non-Junction,None,,,         ,Timothy,Williams,Clear,Front to Rear,no,no,no,no,no,False
100824636,METROPOLITAN NASHVILLE POLICE DEPT,2015-0390497,Davidson,Not in City Limit,4/25/2015 8:32:00 PM,2,0,0,36.263610,-86.684270,STATE HWY 45,,,,0.00,,,LARKIN SPRINGS RD,,,,0.00,Y,T-Intersection, ,Intersection,None,,,         ,Sandra,Talavera,Cloudy,Angle,no,no,no,no,no,False
100824641,METROPOLITAN NASHVILLE POLICE DEPT,20150394881,Davidson,Nashville,4/27/2015 1:55:00 PM,2,0,0,0.000000,0.000000,SPENCE LANE,,,,0.00,,,MURFREESBORO PIKE,,,,0.00,Y,Four-Way, ,Non-Junction,None,,,         ,Caleb,Jernigan,Clear,Front to Rear,no,no,no,no,no,False
100824651,METROPOLITAN NASHVILLE POLICE DEPT,20150395023,Davidson,Nashville,4/27/2015 3:16:00 PM,2,0,0,36.102240,-86.762110,POWELL AVE,,,,99.00,Feet,South,ARMORY DR,,,,0.00,N,Not at Intersection,N,Non-Junction,None,,,         ,Tien,Nguyen,Clear,Angle,no,no,no,no,no,False
100824656,METROPOLITAN NASHVILLE POLICE DEPT,20150383710,Davidson,Nashville,4/23/2015 6:29:00 PM,1,1,0,36.095730,-86.654980,US HWY 41,,,,163.00,Feet,North,SWEENY AVE,,,,0.00,N,Not at Intersection,N,Non-Junction,None,,,         ,Oscar,Gomez,Clear,Not Collision with Motor Vehicle in Transport,no,no,no,no,no,False
100824658,METROPOLITAN NASHVILLE POLICE DEPT,20150392288,Davidson,Not in City Limit,4/26/2015 5:31:00 PM,1,1,0,36.313090,-86.864720,US HWY 431,,,,0.00,,,OLD CLARKSVILLE PIKE,,,,0.00,Y,Y-Intersection,N,Non-Junction,None,,,         ,James,Wray,Clear,Not Collision with Motor Vehicle in Transport,no,no,no,no,no,False
100824661,METROPOLITAN NASHVILLE POLICE DEPT,20150394987,Davidson,Nashville,4/27/2015 12:00:00 AM,2,0,0,36.167880,-86.833170,TIGERBELLE DR,,,,178.00,Feet,West,37TH AVE N,,,,0.00,N,Not at Intersection,N,Non-Junction,None,,,         ,Ashton,Hill,Clear,Unknown,no,no,no,no,yes,False
100824665,METROPOLITAN NASHVILLE POLICE DEPT,20150394937,Davidson,Antioch,4/27/2015 2:55:00 PM,2,1,0,36.028690,-86.590190,LAVERGNE COUCHVILLE PIKE,,,,150.00,Feet,North,US HWY 41,,,,0.00,N,Not at Intersection,N,Non-Junction,None,,,         ,Jessie,Meadows,Clear,Front to Rear,no,no,no,no,no,False
100824668,METROPOLITAN NASHVILLE POLICE DEPT,20150395024,Davidson,Nashville,4/27/2015 2:40:00 PM,2,0,0,36.075880,-86.652620,CLAPHAM RD,,,,352.00,Feet,South,SPLIT OAK TRL,,,,0.00,N,Not at Intersection,N,Non-Junction,None,,,         ,Oscar,Gomez,Clear,"Sideswipe, Opposite Direction",no,no,no,no,no,False
100824670,METROPOLITAN NASHVILLE POLICE DEPT,20150395280,Davidson,Nashville,4/27/2015 4:15:00 PM,2,1,0,36.144890,-86.740200,I 40,,,,0.00,,,,,,,212.30,N,Not at Intersection,N,Non-Junction,None,,,         ,Leslie,Hale,Clear,Front to Rear,no,no,no,no,no,False
100824672,METROPOLITAN NASHVILLE POLICE DEPT,20150395251,Davidson,Nashville,4/27/2015 4:00:00 PM,2,0,0,36.152880,-86.790100,DEMONBREUN ST,,,,34.00,Feet,West,CONNECTING ROAD,,,,0.00,N,Not at Intersection, ,Non-Junction,None,,,         ,Tien,Nguyen,Clear,Front to Rear,no,no,no,no,no,False
100824673,METROPOLITAN NASHVILLE POLICE DEPT,20150395138,Davidson,Nashville,4/27/2015 3:39:00 PM,2,0,0,36.144530,-86.813180,US HWY 70S,,,,0.00,,,29TH AVE N,,,,0.00,Y,T-Intersection, ,,None,,,         ,Charles,Griffin,,,no,no,no,no,no,Campus
100824679,METROPOLITAN NASHVILLE POLICE DEPT,2015-0395217,Davidson,Nashville,4/27/2015 3:58:00 PM,2,0,0,36.155550,-86.828190,I 40,,,,0.00,,,,,,,205.60,N,Not at Intersection, ,Non-Junction,None,,,         ,Walter,Gray II,Clear,"Sideswipe, Same Direction",no,no,no,no,yes,False
100824688,METROPOLITAN NASHVILLE POLICE DEPT,20150395145,Davidson,Nashville,4/27/2015 3:43:00 PM,2,0,0,36.158050,-86.743900,FESSLERS LN,,,,108.00,Feet,South,VISCO DR,,,,0.00,N,Not at Intersection, ,Non-Junction,None,,,         ,Austin,Childress,Clear,Angle,no,no,no,no,no,False
100824692,METROPOLITAN NASHVILLE POLICE DEPT,2015-0388367,Davidson,Not in City Limit,4/24/2015 9:10:00 PM,2,0,0,36.078820,-86.961270,I 40,,,,0.00,,,,,,,196.00,N,Not at Intersection,N,Non-Junction,None,,,         ,Joel,Callies,Rain,"Sideswipe, Same Direction",no,no,no,no,no,False
100824695,METROPOLITAN NASHVILLE POLICE DEPT,2015-0395346,Davidson,Nashville,4/27/2015 3:50:00 PM,2,0,0,36.144950,-86.857060,ORLANDO AVE,,,,21.00,Feet,North,BURGESS AVE,,,,0.00,N,Not at Intersection, ,Non-Junction,None,,,         ,Christopher,Clark,Clear,Angle,no,no,no,no,no,False
100824696,METROPOLITAN NASHVILLE POLICE DEPT,20150387511,Davidson,Nashville,4/24/2015 5:09:00 PM,2,0,0,36.187420,-86.773350,CLEVELAND ST,,,,0.00,,,US HWY 31W,,,,0.00,Y,Four-Way, ,Intersection,None,,,         ,Charles,Wakefield,Clear,Front to Rear,no,no,no,no,no,False
100824700,METROPOLITAN NASHVILLE POLICE DEPT,20150395364,Davidson,Nashville,4/27/2015 4:31:00 PM,2,3,0,36.143730,-86.733610,ELM HILL PIKE,,,,900.00,Feet,West,ARLINGTON AVE,,,,0.00,N,Not at Intersection,N,Non-Junction,None,,,         ,Tyler,Conrads,Clear,Angle,no,no,no,no,no,False
100824704,METROPOLITAN NASHVILLE POLICE DEPT,20150395253,Davidson,Nashville,4/27/2015 4:00:00 PM,2,0,0,36.150930,-86.804530,LOUISE AVE,,,,0.00,,,ELLISTON PL,,,,0.00,Y,Four-Way,N,Intersection-Related,None,,,         ,Tien,Nguyen,Clear,Angle,no,no,no,no,no,Campus
100824705,METROPOLITAN NASHVILLE POLICE DEPT,20150395109,Davidson,Nashville,4/27/2015 3:34:00 PM,2,0,0,36.111530,-86.759410,STATE HWY 155,,,,0.00,,,GLENROSE AVE,,,,0.00,Y,OTHER, ,Intersection,None,,,         ,Nicholas,Smith,Clear,Front to Rear,no,no,no,no,no,False
100824707,METROPOLITAN NASHVILLE POLICE DEPT,20150395345,Davidson,Nashville,4/27/2015 4:31:00 PM,2,0,0,36.136170,-86.811230,NATCHEZ TRC,,,,0.00,,,ACKLEN AVE,,,,0.00,Y,T-Intersection,N,Intersection,None,,,         ,Charles,Griffin,Clear,Angle,no,no,no,no,no,Campus
100824712,METROPOLITAN NASHVILLE POLICE DEPT,20150395446,Davidson,Nashville,4/27/2015 4:35:00 PM,2,0,0,36.062290,-86.904650,STATE HWY 100,,,,12.00,Feet,West,STATE HWY 254,,,,0.00,N,Not at Intersection, ,,None,,,         ,Tyler,Reese,,,no,no,no,no,no,False
100824713,METROPOLITAN NASHVILLE POLICE DEPT,20150395307,Davidson,Nashville,4/27/2015 3:45:00 PM,2,0,0,36.124420,-86.833320,WILSON BLVD S,,,,0.00,,,WOODLAWN DR,,,,0.00,Y,Four-Way, ,Non-Junction,None,,,         ,Brandon,Rardin,Clear,Angle,no,no,no,no,no,False
100824715,THP District 3 - Nashville,315022172,Davidson,Nashville,4/24/2015 11:39:00 PM,2,0,0,36.044740,-86.904210,VAUGHN RD,,,,0.00,,,STEEPLECHASE LN,,,,0.00,Y,Four-Way,N,Intersection,None,,,         ,Christopher,Vance,Rain,Angle,no,no,no,no,no,False
100824735,METROPOLITAN NASHVILLE POLICE DEPT,2015-0395478,Davidson,Nashville,4/27/2015 5:09:00 PM,2,0,0,36.150140,-86.870080,I 40,,,,0.00,,,,,,,203.25,N,Not at Intersection, ,Non-Junction,None,,,         ,Walter,Gray II,Clear,Front to Rear,no,no,no,no,no,False
100824739,METROPOLITAN NASHVILLE POLICE DEPT,20150395547,Davidson,Nashville,4/27/2015 5:25:00 PM,2,0,0,36.071320,-86.691090,I 24,,,,0.00,,,,,,,56.85,N,Not at Intersection,N,Non-Junction,None,,,         ,Jonathan,Frith,Clear,Front to Rear,no,no,no,no,no,False
100824741,METROPOLITAN NASHVILLE POLICE DEPT,20150395408,Davidson,Nashville,4/27/2015 5:17:00 PM,2,0,0,36.099520,-86.711010,I 24,,,,0.00,,,,,,,54.60,N,Not at Intersection, ,Non-Junction,None,,,         ,Jessie,Meadows,Clear,Front to Rear,no,no,no,no,no,False
100824742,METROPOLITAN NASHVILLE POLICE DEPT,20150395526,Davidson,Nashville,4/27/2015 5:44:00 PM,3,0,0,36.099520,-86.711010,I 24,,,,0.00,,,,,,,54.60,N,Not at Intersection,N,Non-Junction,None,,,         ,Jessie,Meadows,Clear,Front to Rear,no,no,no,no,yes,False
100824743,METROPOLITAN NASHVILLE POLICE DEPT,20150395472,Davidson,Nashville,4/27/2015 5:06:00 PM,2,0,0,36.152040,-86.792100,DIVISION ST,,,,0.00,Feet,East,16TH AVE S,,,,0.00,N,Not at Intersection,N,Non-Junction,None,,,         ,Eric,Harvey,Clear,Front to Rear,no,no,no,no,no,False
100824745,METROPOLITAN NASHVILLE POLICE DEPT,20150395388,Davidson,Nashville,4/27/2015 4:43:00 PM,2,0,0,36.206590,-86.776220,-- UNKNOWN RAMP/ROAD --,,,,0.00,,,I 65,,,,0.00,Y,OTHER, ,,Construction Zone,,,         ,Charles,Wakefield,,,no,no,no,no,no,False
100824746,METROPOLITAN NASHVILLE POLICE DEPT,20150395669,Davidson,Nashville,4/27/2015 5:22:00 PM,2,0,0,36.103860,-86.815540,US HWY 431,,,,247.00,Feet,North,WARFIELD DR,,,,0.00,N,Not at Intersection, ,Non-Junction,None,,,         ,Nicholas,Smith,Clear,Angle,no,no,no,no,no,False
100824749,METROPOLITAN NASHVILLE POLICE DEPT,20150395575,Davidson,Nashville,4/27/2015 4:19:00 PM,3,1,0,36.111300,-86.790150,STATE HWY 155,,,,744.00,Feet,East,GRANNY WHITE PIKE,,,,0.00,N,Not at Intersection,N,Non-Junction,None,,,         ,Tien,Nguyen,Clear,Front to Rear,no,no,no,no,no,False
100824756,BERRY HILL POLICE DEPT,15-1587,Davidson,Berry Hill,4/23/2015 4:30:00 PM,2,0,0,36.120870,-86.775220,US HWY 31,,,,188.00,Feet,South,KIRKWOOD AVE,,,,0.00,N,Not at Intersection, ,Non-Junction,None,,,         ,John,Gleixner,Clear,"Sideswipe, Opposite Direction",no,no,no,no,no,False
100824757,BERRY HILL POLICE DEPT,15-1590,Davidson,Nashville,4/23/2015 6:40:00 PM,2,0,0,36.108620,-86.773170,US HWY 31,,,,0.00,,,RAMP,,,,0.00,Y,T-Intersection,Y,Intersection,None,,,         ,John,Gleixner,Clear,Front to Rear,no,no,no,no,no,False
100824758,BERRY HILL POLICE DEPT,15-1602,Davidson,Berry Hill,4/24/2015 1:10:00 PM,2,1,0,36.119590,-86.771340,BERRY RD,,,,271.00,Feet,West,FESSEY PARK RD,,,,0.00,N,Not at Intersection,N,Non-Junction,None,,,         ,John,Gleixner,Clear,Angle,no,no,no,no,no,False
100824761,METROPOLITAN NASHVILLE POLICE DEPT,20150395486,Davidson,Nashville,4/27/2015 4:40:00 PM,2,0,0,36.156640,-86.834360,40TH AVE N,,,,154.00,Feet,South,INDIANA AVE,,,,0.00,N,Not at Intersection, ,"Driveway, Alley Access, etc",None,,,         ,Mark,Hatt,Clear,"Sideswipe, Same Direction",no,no,no,no,no,False
100824764,METROPOLITAN NASHVILLE POLICE DEPT,20150395769,Davidson,Nashville,4/27/2015 6:13:00 PM,2,0,0,36.139430,-86.819720,MURPHY RD,,,,60.00,Feet,East,PARK DR,,,,0.00,N,Not at Intersection, ,,None,,,         ,Charles,Griffin,,,no,no,no,no,no,False
100824767,METROPOLITAN NASHVILLE POLICE DEPT,20150395493,Davidson,Nashville,4/27/2015 4:29:00 PM,2,0,0,36.170470,-86.805410,I 40,,,,0.00,,,,,,,207.40,N,Not at Intersection,N,Non-Junction,None,,,         ,Christopher,Littles,Clear,Angle,no,no,no,no,no,False
100824768,METROPOLITAN NASHVILLE POLICE DEPT,20150395558,Davidson,Nashville,4/27/2015 5:30:00 PM,2,0,0,36.071000,-86.635170,US HWY 41,,,,245.00,Feet,South,RAMP,,,,0.00,N,Not at Intersection, ,Non-Junction,None,,,         ,William,Durham,Clear,Angle,no,no,no,no,no,False
100824780,METROPOLITAN NASHVILLE POLICE DEPT,20150395762,Davidson,Nashville,4/27/2015 6:25:00 PM,2,2,0,36.083390,-86.703880,LINBAR DR,,,,438.00,Feet,South,LARGO DR,,,,0.00,N,Not at Intersection,Y,"Driveway, Alley Access, etc",None,,,         ,Jacob,Masteller,Clear,Angle,no,no,no,no,no,False
100824781,METROPOLITAN NASHVILLE POLICE DEPT,20150395806,Davidson,Nashville,4/27/2015 6:40:00 PM,2,0,0,36.151890,-86.784190,12TH AVE S,,,,0.00,,,11TH AVE S,,,,0.00,Y,Y-Intersection, ,Non-Junction,None,,,         ,Benjamin,Smith,Clear,"Sideswipe, Same Direction",no,no,no,no,no,False
100824782,METROPOLITAN NASHVILLE POLICE DEPT,20150395532,Davidson,Nashville,4/27/2015 5:03:00 PM,2,0,0,36.124160,-86.907840,I 40,,,,0.00,,,,,,,200.40,N,Not at Intersection, ,Non-Junction,None,,,         ,Jeremy,Huffine,Clear,Angle,no,no,no,no,no,False
100824783,METROPOLITAN NASHVILLE POLICE DEPT,20150395520,Davidson,Nashville,4/27/2015 4:27:00 PM,2,0,0,36.193270,-86.830610,US HWY 41 ALT,,,,0.00,,,RAMP,,,,0.00,Y,OTHER, ,Non-Junction,None,,,         ,Christopher,Mackey,Clear,Front to Rear,no,no,no,no,no,False
100824784,METROPOLITAN NASHVILLE POLICE DEPT,20150395843,Davidson,Nashville,4/27/2015 5:36:00 PM,2,0,0,36.186960,-86.768030,CLEVELAND ST,,,,0.00,,,MERIDIAN ST,,,,0.00,Y,Four-Way, ,Intersection,None,,,         ,Charles,Wakefield,Clear,Angle,no,no,no,no,no,False
100824786,METROPOLITAN NASHVILLE POLICE DEPT,20150395367,Davidson,Nashville,4/27/2015 4:33:00 PM,2,0,0,36.212100,-86.732210,GALLATIN PIKE,,,,0.00,,,GALLATIN PIKE,,,,0.00,Y,T-Intersection, ,Intersection-Related,None,,,         ,Whitney,Arnold,Clear,Angle,no,no,no,no,no,False