master_record_number,agency,agency_tracking_number,county,city,collision_date,vehicles_involved,number_injured,number_dead,latitude,longitude,roadway_name,roadway_suffix,roadway_number,roadway_local_id,distance_from_reference,miles-feet_indicator,direction_from_reference,intersection_road_name,intersection_road_name_suffix,intersection_road_number,intersection_local_id,mile_marker,intersection_indicator,intersect_type,interchange_related_indicator,relation_to_junction,work_zone_type,construction_maintenance_zone,construction_maintenance_zone_location,fatal_case_number,officer_first_name,officer_last_name,weather_condition(s),manner_of_crash,pedestrian,bicycle,scooter,parking,hitrun,mou
100827436,METROPOLITAN NASHVILLE POLICE DEPT,20150413198,Davidson,Not in City Limit,5/2/2015 6:20:00 PM,2,1,0,36.278640,-86.773120,STATE HWY 45,,,,304.00,Feet,East,GRANDVILLE BLVD,,,,0.00,N,Not at Intersection,N,Non-Junction,None,,,         ,Rodney,Phipps,Clear,Not Collision with Motor Vehicle in Transport,no,no,no,no,no,False
100827441,GOODLETTSVILLE POLICE DEPT,15-16840,Davidson,Goodlettsville,5/2/2015 1:28:00 AM,1,0,0,36.304840,-86.704740,RIVERGATE,,,,0.00,,,,,,,0.00,,,N,Non-Junction,None,,,         ,Stephen,Hodges,Clear,Not Collision with Motor Vehicle in Transport,no,no,no,yes,no,False
100827443,METROPOLITAN NASHVILLE POLICE DEPT,20150412965,Davidson,Nashville,5/2/2015 4:07:00 PM,2,2,0,36.156860,-86.769190,US HWY 70,,,,171.00,Feet,West,LEA AVE,,,,0.00,N,Not at Intersection,N,Non-Junction,None,,,         ,Benjamin,Smith,Clear,Front to Rear,no,no,no,no,no,False
100827449,METROPOLITAN NASHVILLE POLICE DEPT,2015-0413236,Davidson,Nashville,5/2/2015 5:52:00 PM,2,0,0,36.050860,-86.907920,UNNAMED STREET,,,,135.00,Feet,East,HICKS RD,,,,0.00,N,Not at Intersection,N,OtherLocation,None,,,         ,Steven,Popp,Clear,Rear to Side,no,no,no,yes,yes,False
100827463,METROPOLITAN NASHVILLE POLICE DEPT,20150413067,Davidson,Nashville,5/2/2015 4:58:00 PM,2,1,0,36.122710,-86.630490,BELL RD,,,,0.00,,,WOODLAND POINT DR,,,,0.00,Y,T-Intersection,N,Intersection-Related,None,,,         ,Brandon,Vance,Clear,Front to Rear,no,no,no,no,no,False
100827466,METROPOLITAN NASHVILLE POLICE DEPT,20150413254,Davidson,Nashville,5/2/2015 6:45:00 PM,2,0,0,36.047010,-86.655270,HICKORY HOLLOW PKWY,,,,70.00,Feet,South,RAMP,,,,0.00,N,Not at Intersection, ,,,,,         ,Jacob,Miller,,,no,no,no,no,no,False
100827467,METROPOLITAN NASHVILLE POLICE DEPT,20150413237,Davidson,Nashville,5/2/2015 6:37:00 PM,2,0,0,36.154770,-86.779420,US HWY 41,,,,0.00,,,US HWY 31,,,,0.00,Y,Roundabout, ,Intersection,None,,,         ,Blaze,Williams,Clear,"Sideswipe, Same Direction",no,no,no,no,no,False
100827471,METROPOLITAN NASHVILLE POLICE DEPT,20150413442,Davidson,Nashville,5/2/2015 8:21:00 PM,2,0,0,36.246680,-86.756640,US HWY 31W,,,,1085.00,Feet,South,OLD DUE WEST AVE,,,,0.00,N,Not at Intersection, ,Non-Junction,None,,,         ,Rodney,Phipps,Clear,Front to Rear,no,no,no,no,no,False
100827481,METROPOLITAN NASHVILLE POLICE DEPT,20150413345,Davidson,Nashville,5/2/2015 7:30:00 PM,2,0,0,36.057630,-86.693410,KEELEY DR,,,,0.00,,,BART DR,,,,0.00,Y,Four-Way,N,Non-Junction,None,,,         ,Dale,Dameron,Clear,"Sideswipe, Same Direction",no,no,no,no,yes,False
100827498,METROPOLITAN NASHVILLE POLICE DEPT,20150413400,Davidson,Nashville,5/2/2015 4:10:00 PM,2,0,0,36.041570,-86.712770,US HWY 31 ALT,,,,195.00,Feet,North,CONNECTING ROAD,,,,0.00,N,Not at Intersection, ,Non-Junction,None,,,         ,Jacob,Miller,Clear,Front to Rear,no,no,no,yes,yes,False
100827512,METROPOLITAN NASHVILLE POLICE DEPT,20150412095,Davidson,Nashville,5/2/2015 5:45:00 AM,1,1,0,36.124030,-86.727070,EXIT 53,,,,0.00,,,I 24,,,,0.00,Y,OTHER,Y,Entrance/Exit Ramp Related,None,,,         ,Conner,Harris,Clear,Not Collision with Motor Vehicle in Transport,no,no,no,no,no,False
100827514,METROPOLITAN NASHVILLE POLICE DEPT,20150413596,Davidson,Nashville,5/2/2015 8:40:00 PM,2,1,0,36.153670,-86.763350,I 40,,,,0.00,,,,,,,210.80,N,Not at Intersection,Y,Non-Junction,None,,,         ,Felipe,Pereira,Clear,Front to Rear,no,no,no,no,no,False
100827522,METROPOLITAN NASHVILLE POLICE DEPT,20150413301,Davidson,Nashville,5/2/2015 7:10:00 PM,2,0,0,36.169460,-86.806610,DR DB TODD JR BLVD,,,,0.00,,,JEFFERSON ST,,,,0.00,Y,Four-Way,Y,Intersection,None,,,         ,Michael,Brooks,Cloudy,Front to Rear,no,no,no,no,yes,False
100827529,METROPOLITAN NASHVILLE POLICE DEPT,20150413118,Davidson,Nashville,5/2/2015 5:25:00 PM,2,0,0,36.149660,-86.859940,OCEOLA AVE,,,,0.00,,,US HWY 70,,,,0.00,Y,T-Intersection, ,Intersection,None,,,         ,John,Thomas,Clear,Angle,no,no,no,no,no,False
100827531,METROPOLITAN NASHVILLE POLICE DEPT,20150413494,Davidson,Nashville,5/2/2015 8:40:00 PM,3,2,0,36.153460,-86.763860,I 40,,,,0.00,,,,,,,210.75,N,Not at Intersection,Y,Entrance/Exit Ramp Related,None,,,         ,John,Kelley,Clear,Front to Rear,no,no,no,no,no,False
100827539,METROPOLITAN NASHVILLE POLICE DEPT,20150413776,Davidson,Nashville,5/2/2015 11:00:00 PM,1,1,0,36.192200,-86.777340,I 65,,,,0.00,,,,,,,86.50,N,Not at Intersection,N,Non-Junction,None,,,         ,Douglas,Smith,Clear,Not Collision with Motor Vehicle in Transport,no,no,no,no,no,False
100827547,METROPOLITAN NASHVILLE POLICE DEPT,20150413928,Davidson,Nashville,5/3/2015 12:15:00 AM,2,0,0,36.207550,-86.777790,BRICK CHURCH PIKE,,,,0.00,Feet,,-- UNKNOWN RAMP/ROAD --,,,,0.00,Y,OTHER, ,Intersection-Related,None,,,         ,Matthew,Lachance,Clear,Front to Rear,no,no,no,no,no,False
100827575,METROPOLITAN NASHVILLE POLICE DEPT,20150413747,Davidson,Nashville,5/2/2015 10:50:00 PM,2,1,0,36.193060,-86.748690,DOUGLAS AVE,,,,0.00,,,EMMETT AVE,,,,0.00,Y,T-Intersection,N,Non-Junction,None,,,         ,Andrew,Mrosla,Clear,Angle,no,no,no,no,yes,False
100827576,METROPOLITAN NASHVILLE POLICE DEPT,20150413784,Davidson,Not in City Limit,5/2/2015 11:00:00 PM,2,1,0,36.076910,-86.945290,US HWY 70S,,,,0.00,,,SAWYER BROWN RD,,,,0.00,Y,Four-Way,Y,Intersection,None,,,         ,Autumn,Manning,Clear,Angle,no,no,no,no,no,False
100827584,METROPOLITAN NASHVILLE POLICE DEPT,20150414207,Davidson,Nashville,5/3/2015 2:59:00 AM,1,0,0,36.160690,-86.866510,STATE HWY 155,,,,850.00,Feet,North,DULUTH AVE,,,,0.00,N,Not at Intersection,N,Non-Junction,None,,,         ,Jeremy,Kidd,Clear,Not Collision with Motor Vehicle in Transport,no,no,no,no,no,False
100827588,METROPOLITAN NASHVILLE POLICE DEPT,20150413744,Davidson,Nashville,5/2/2015 10:41:00 PM,2,0,0,36.215220,-86.816150,MOORMANS ARM RD,,,,157.00,Feet,East,BOATNER DR,,,,0.00,N,Not at Intersection,N,Non-Junction,None,,,         ,Charles,Duke,Clear,"Sideswipe, Opposite Direction",no,no,no,no,no,False
100827589,VANDERBILT UNIVERSITY POLICE,15-0406065,Davidson,Nashville,4/30/2015 2:05:00 PM,2,1,0,36.139160,-86.807010,CHILDRENS WAY,,,,0.00,,,25TH AVE S,,,,0.00,Y,Four-Way,N,Intersection,None,,,         ,Anthony,Jones,Clear,Not Collision with Motor Vehicle in Transport,no,no,no,no,no,Campus
100827591,METROPOLITAN NASHVILLE POLICE DEPT,20150414219,Davidson,Nashville,5/3/2015 3:11:00 AM,1,1,0,36.079230,-86.703240,WILLARD DR,,,,257.00,Feet,South,WALLACE RD,,,,0.00,N,Not at Intersection,N,Non-Junction,None,,,         ,Kurt,Lewton,Clear,Not Collision with Motor Vehicle in Transport,no,no,no,no,no,False
100827592,METROPOLITAN NASHVILLE POLICE DEPT,20150413844,Davidson,Nashville,5/2/2015 12:00:00 AM,1,1,0,36.171400,-86.869810,CENTENNIAL BLVD,,,,175.00,Feet,West,STATE HWY 155,,,,0.00,N,Not at Intersection,N,Non-Junction,None,,,         ,Jason,Dudley,Clear,Unknown,no,no,no,no,no,False
100827597,METROPOLITAN NASHVILLE POLICE DEPT,20150414231,Davidson,Nashville,5/3/2015 3:07:00 AM,2,0,0,36.103580,-86.666520,OLD MURFREESBORO PIKE,,,,0.00,,,FAIRCLOTH LN,,,,0.00,Y,OTHER, ,Intersection,None,,,         ,Bridget,Griepentrog,Clear,Angle,no,no,no,no,no,False
100827599,METROPOLITAN NASHVILLE POLICE DEPT,20150414128,Davidson,Nashville,5/3/2015 12:00:00 AM,2,0,0,36.208020,-86.777980,BRICK CHURCH PIKE,,,,70.00,Feet,South,,,,,0.00,,Not at Intersection, ,Non-Junction,None,,,         ,Chad,Brown,Clear,"Sideswipe, Opposite Direction",no,no,no,yes,yes,False
100827600,METROPOLITAN NASHVILLE POLICE DEPT,20150411701,Davidson,Nashville,5/2/2015 1:39:00 AM,2,0,0,36.100900,-86.724290,ANTIOCH PIKE,,,,207.00,Feet,East,DUMAS DR,,,,0.00,N,Not at Intersection,N,Non-Junction,None,,,         ,Wallis,Massey,Clear,"Sideswipe, Opposite Direction",no,no,no,no,yes,False
100827602,METROPOLITAN NASHVILLE POLICE DEPT,20150412055,Davidson,Nashville,5/2/2015 5:00:00 AM,2,1,0,36.221210,-86.765600,PINE RIDGE DR,,,,111.00,Feet,West,GREENBRANCH CT,,,,0.00,N,Not at Intersection,N,Non-Junction,None,,,         ,Ashley,Arnold,Clear,HeadOn,no,no,no,no,no,False
100827617,METROPOLITAN NASHVILLE POLICE DEPT,20150414176,Davidson,Nashville,5/3/2015 2:25:00 AM,1,0,0,36.051540,-86.714240,US HWY 31 ALT,,,,0.00,,,,,,,0.00,,,N,Intersection,None,,,         ,John,Riddle,Clear,Not Collision with Motor Vehicle in Transport,no,no,no,no,yes,False
100827619,METROPOLITAN NASHVILLE POLICE DEPT,20150414198,Davidson,Not in City Limit,5/3/2015 2:53:00 AM,1,0,0,36.089090,-86.935280,NEW SAWYER BROWN RD,,,,128.00,Feet,South,SAWYER BROWN RD,,,,0.00,N,Not at Intersection,N,"Driveway, Alley Access, etc",None,,,         ,Ericka,Bingham,Clear,Not Collision with Motor Vehicle in Transport,no,no,no,no,no,False
100827627,METROPOLITAN NASHVILLE POLICE DEPT,20150412705,Davidson,Nashville,5/2/2015 1:08:00 PM,2,2,0,36.238030,-86.830790,STEVENS LN,,,,0.00,,,US HWY 41 ALT,,,,0.00,Y,Four-Way,N,Non-Junction,None,,,         ,Ky,Luu,Clear,Angle,no,no,no,no,no,False
100827630,METROPOLITAN NASHVILLE POLICE DEPT,20150412747,Davidson,Nashville,5/2/2015 1:43:00 PM,1,1,0,36.070820,-86.710320,FAULKNER DR,,,,200.00,Feet,North,FAULKNER PL,,,,0.00,N,Not at Intersection,N,Non-Junction,None,,,         ,Brian,Lamb,Clear,Not Collision with Motor Vehicle in Transport,yes,no,no,no,yes,False
100827635,METROPOLITAN NASHVILLE POLICE DEPT,20150412674,Davidson,Nashville,5/2/2015 12:46:00 PM,2,1,0,36.089370,-86.802920,BATTERY LN,,,,0.00,,,GRANNY WHITE PIKE,,,,0.00,Y,Four-Way,N,Intersection-Related,None,,,         ,Joshua,Dickall,Clear,Front to Rear,no,no,no,no,no,False
100827641,METROPOLITAN NASHVILLE POLICE DEPT,2015-0030289,Davidson,Nashville,4/30/2015 6:58:00 AM,2,1,0,36.170230,-86.675960,PARK DR,,,,150.00,Feet,North,US HWY 70,,,,0.00,N,Not at Intersection,N,Non-Junction,None,,,         ,Jeb,Johnston,Clear,HeadOn,no,no,no,no,no,False
100827643,METROPOLITAN NASHVILLE POLICE DEPT,20150414457,Davidson,Old Hickory,5/3/2015 6:15:00 AM,1,0,0,36.255450,-86.653430,STATE HWY 45,,,,62.00,Feet,East,MERRITT ST,,,,0.00,N,Not at Intersection,N,Non-Junction,None,,,         ,Craig,Carlson,Clear,Not Collision with Motor Vehicle in Transport,no,no,no,no,no,False
100827646,METROPOLITAN NASHVILLE POLICE DEPT,20150414503,Davidson,Nashville,5/3/2015 7:26:00 AM,1,0,0,36.217830,-86.699280,OUTLET CENTER DR,,,,90.00,Feet,North,RAMP,,,,0.00,N,Not at Intersection,N,Non-Junction,None,,,         ,Mitchell,McClay,Clear,Not Collision with Motor Vehicle in Transport,no,no,no,yes,no,False
100827650,METROPOLITAN NASHVILLE POLICE DEPT,2015-0408303,Davidson,Nashville,5/1/2015 7:22:00 AM,3,1,0,36.090850,-86.628570,SMITH SPRINGS RD,,,,504.00,Feet,North,OLD SMITH SPRINGS RD,,,,0.00,N,Not at Intersection,N,Non-Junction,None,,,         ,Jeb,Johnston,Clear,Front to Rear,no,no,no,no,no,False
100827655,GOODLETTSVILLE POLICE DEPT,15-16748,Davidson,Goodlettsville,5/1/2015 12:50:00 PM,3,2,0,36.304080,-86.702280,RIVERGATE PKWY,,,,10.00,Feet,North,MALL ACCESS RD.,,,,0.00,N,Not at Intersection,N,Non-Junction,None,,,         ,John,Spencer,Clear,Front to Rear,no,no,no,no,no,False
100827670,METROPOLITAN NASHVILLE POLICE DEPT,2015-0408541,Davidson,Nashville,5/1/2015 8:25:00 AM,2,0,0,36.143090,-86.666730,STATE HWY 255,,,,68.00,Feet,North,CONNECTING ROAD,,,,0.00,N,Not at Intersection,N,Non-Junction,None,,,         ,Jeb,Johnston,Clear,Angle,no,no,no,no,no,False
100827679,METROPOLITAN NASHVILLE POLICE DEPT,20150414456,Davidson,Nashville,5/3/2015 6:13:00 AM,2,0,0,36.143860,-86.691370,I 40,,,,0.00,,,,,,,215.20,N,Not at Intersection,N,Non-Junction,None,,,         ,Justin,Franklin,Clear,"Sideswipe, Same Direction",no,no,no,no,yes,False
100827692,METROPOLITAN NASHVILLE POLICE DEPT,2015-0408763,Davidson,Nashville,5/1/2015 10:05:00 AM,2,1,0,36.154370,-86.759770,I 40,,,,0.00,,,,,,,211.00,N,Not at Intersection,N,Non-Junction,None,,,         ,Jeb,Johnston,Clear,Front to Rear,no,no,no,no,no,False
100827728,METROPOLITAN NASHVILLE POLICE DEPT,20150414764,Davidson,Nashville,5/3/2015 10:28:00 AM,2,0,0,36.070870,-86.769700,I 65,,,,0.00,,,,,,,77.00,N,Not at Intersection,N,Non-Junction,None,,,         ,Marc,Haugen,Clear,HeadOn,no,no,no,no,no,False
100827732,METROPOLITAN NASHVILLE POLICE DEPT,2015-0408479,Davidson,Nashville,5/1/2015 8:29:00 AM,2,1,0,36.242000,-86.756990,US HWY 31W,,,,0.00,,,-- UNKNOWN RAMP/ROAD --,,,,0.00,Y,Four-Way,N,Intersection,None,,,         ,Nicholas,Truan,Clear,Angle,no,no,no,no,no,False
100827733,METROPOLITAN NASHVILLE POLICE DEPT,2015-0409514,Davidson,Madison,5/2/2015 2:08:00 PM,2,0,0,36.264130,-86.711520,US HWY 31E,,,,409.00,Feet,North,STATE HWY 45,,,,0.00,N,Not at Intersection, ,,,,,         ,Nicholas,Truan,,,no,no,no,no,no,False
100827734,METROPOLITAN NASHVILLE POLICE DEPT,2015-0412334,Davidson,Madison,5/2/2015 8:57:00 AM,2,0,0,36.293830,-86.696430,MYATT DR,,,,0.00,,,SPRING BRANCH DR,,,,0.00,Y,T-Intersection,N,Intersection,None,,,         ,Nicholas,Truan,Clear,Front to Rear,no,no,no,no,no,False
100827735,METROPOLITAN NASHVILLE POLICE DEPT,2015-0412425,Davidson,Madison,5/2/2015 9:51:00 AM,2,0,0,36.264070,-86.690280,STATE HWY 45,,,,0.00,,,MYATT DR,,,,0.00,Y,Four-Way, ,,,,,         ,Nicholas,Truan,,,no,no,no,no,no,False
100827739,METROPOLITAN NASHVILLE POLICE DEPT,2015- 0405764,Davidson,Nashville,5/1/2015 12:30:00 PM,2,1,0,36.082210,-86.761620,SIDCO DR,,,,0.00,,,STATE HWY 255,,,,0.00,Y,Four-Way,N,Intersection,None,,,         ,David,Barras,Clear,Angle,no,no,no,no,no,False
100827740,METROPOLITAN NASHVILLE POLICE DEPT,2015-0409454,Davidson,Nashville,5/1/2015 1:20:00 PM,2,0,0,36.045360,-86.713720,STATE HWY 254,,,,50.00,Feet,West,US HWY 31 ALT,,,,0.00,N,Not at Intersection, ,,None,,,         ,David,Barras,,,no,no,no,no,no,False
100827744,METROPOLITAN NASHVILLE POLICE DEPT,20150414705,Davidson,Nashville,5/3/2015 9:51:00 AM,1,0,0,36.046470,-86.661160,EXIT 59,,,,0.00,,,I 24,,,,0.00,Y,OTHER,N,Entrance/Exit Ramp Related,None,,,         ,Brian,Lamb,Clear,Not Collision with Motor Vehicle in Transport,no,no,no,no,yes,False
100827745,METROPOLITAN NASHVILLE POLICE DEPT,20150414774,Davidson,Nashville,5/3/2015 10:31:00 AM,2,0,0,36.070320,-86.702020,HAYWOOD LN,,,,120.00,Feet,West,HAYWOOD CT,,,,0.00,N,Not at Intersection, ,"Driveway, Alley Access, etc",None,,,         ,Brian,Lamb,Clear,Angle,no,no,no,no,no,False
100827750,METROPOLITAN NASHVILLE POLICE DEPT,20150414828,Davidson,Nashville,5/3/2015 11:21:00 AM,2,0,0,36.176600,-86.788910,5TH AVE N,,,,58.00,Feet,South,MONROE ST,,,,0.00,N,Not at Intersection, ,Non-Junction,None,,,         ,Ky,Luu,Clear,"Sideswipe, Same Direction",no,no,no,no,no,False
100827771,METROPOLITAN NASHVILLE POLICE DEPT,20150414823,Davidson,Nashville,5/3/2015 11:11:00 AM,2,0,0,36.106540,-86.764500,POWELL AVE,,,,0.00,,,POWELL PL,,,,0.00,Y,OTHER,N,Non-Junction,None,,,         ,Joshua,Dickall,Clear,"Sideswipe, Opposite Direction",no,no,no,yes,yes,False
100827786,METROPOLITAN NASHVILLE POLICE DEPT,20150414995,Davidson,Nashville,5/3/2015 1:42:00 PM,2,0,0,36.232260,-86.624690,STATE HWY 45,,,,0.00,,,SHUTE LN,,,,0.00,Y,T-Intersection, ,Intersection,None,,,         ,Craig,Carlson,Clear,Angle,no,no,no,no,no,False
100827790,METROPOLITAN NASHVILLE POLICE DEPT,2015-0414982,Davidson,Nashville,5/3/2015 12:00:00 AM,2,0,0,36.034820,-86.705790,CEDARCREEK DR,,,,459.00,Feet,South,CEDARMONT DR,,,,0.00,N,Not at Intersection,N,Non-Junction,None,,,         ,Roderic,Williams,Clear,"Sideswipe, Same Direction",no,no,no,no,yes,False
100827793,METROPOLITAN NASHVILLE POLICE DEPT,20150414993,Davidson,Nashville,5/3/2015 1:35:00 PM,2,0,0,36.147480,-86.743570,FESSLERS LN,,,,99.00,Feet,South,-- UNKNOWN RAMP/ROAD --,,,,0.00,N,Not at Intersection, ,Non-Junction,None,,,         ,Johnathan,Carlisle,Clear,"Sideswipe, Same Direction",no,no,no,no,no,False
100827796,METROPOLITAN NASHVILLE POLICE DEPT,20150414987,Davidson,Nashville,5/3/2015 1:34:00 PM,2,0,0,36.253900,-86.685780,LARKIN SPRINGS RD,,,,0.00,,,HOSPITAL DR,,,,0.00,Y,OTHER, ,Non-Junction,None,,,         ,Eric,Richardson,Clear,Angle,no,no,no,no,no,False
100827807,METROPOLITAN NASHVILLE POLICE DEPT,20150414981,Davidson,Nashville,5/3/2015 1:30:00 PM,1,1,0,36.237830,-86.628790,STATE HWY 45,,,,492.00,Feet,East,FELLOWSHIP LN,,,,0.00,N,Not at Intersection,N,Non-Junction,None,,,         ,Cassandra,Del Bosco,Clear,Not Collision with Motor Vehicle in Transport,yes,no,no,no,no,False
100827817,VANDERBILT UNIVERSITY POLICE,15-0412799,Davidson,Nashville,5/2/2015 2:10:00 PM,2,0,0,36.147590,-86.799310,US HWY 431,,,,57.00,Feet,South,21ST AVE S,,,,0.00,N,Not at Intersection, ,,None,,,         ,Jonathan,McAllister,,,no,no,no,yes,no,Campus
100827829,METROPOLITAN NASHVILLE POLICE DEPT,2015-0413719,Davidson,Nashville,5/2/2015 10:45:00 PM,3,1,0,36.078370,-86.695210,I 24,,,,0.00,,,,,,,56.30,N,Not at Intersection,N,Non-Junction,None,,,         ,Matthew,Johnson,Clear,"Sideswipe, Same Direction",no,no,no,no,yes,False
100827832,BERRY HILL POLICE DEPT,15-1727,Davidson,Nashville,5/2/2015 4:25:00 PM,2,0,0,36.117200,-86.784070,GALE LN,,,,0.00,,,CRAIG AVE,,,,0.00,Y,T-Intersection, ,Intersection-Related,None,,,         ,Larry,Carter,Clear,Front to Rear,no,no,no,no,no,False
100827834,METROPOLITAN NASHVILLE POLICE DEPT,20150415091,Davidson,Nashville,5/3/2015 3:03:00 PM,2,2,0,36.188010,-86.629580,US HWY 70,,,,100.00,Feet,West,HICKORY HILL LN,,,,0.00,N,Not at Intersection,N,Non-Junction,None,,,         ,Tyler,Conrads,Clear,Front to Rear,no,no,no,no,no,False
100827847,METROPOLITAN NASHVILLE POLICE DEPT,20150415192,Davidson,Nashville,5/3/2015 3:49:00 PM,2,0,0,36.158370,-86.771900,US HWY 70,,,,0.00,,,GATEWAY BLVD,,,,0.00,Y,Four-Way,N,Intersection-Related,None,,,         ,Blaze,Williams,Clear,"Sideswipe, Same Direction",no,no,no,no,yes,False
100827852,METROPOLITAN NASHVILLE POLICE DEPT,20150415144,Davidson,Nashville,5/3/2015 3:23:00 PM,2,0,0,36.153310,-86.842290,ALABAMA AVE,,,,0.00,,,46TH AVE N,,,,0.00,Y,Four-Way,N,Intersection,None,,,         ,Dustin,Tidwell,Clear,Angle,no,no,no,no,no,False
100827856,BELLE MEADE POLICE DEPT,15-0113,Davidson,Belle Meade,5/3/2015 3:02:00 PM,1,1,0,36.106430,-86.857530,BELLE MEADE BLVD,,,,159.00,Feet,South,DEER PARK DR,,,,0.00,N,Not at Intersection,N,Non-Junction,None,,,         ,Shawn,Obrien,Clear,Not Collision with Motor Vehicle in Transport,no,no,no,no,no,False
100827866,METROPOLITAN NASHVILLE POLICE DEPT,20150413465,Davidson,Nashville,5/2/2015 7:01:00 PM,2,0,0,36.151640,-86.827950,PARK AVE,,,,58.00,Feet,East,37TH AVE N,,,,0.00,N,Not at Intersection,N,Non-Junction,None,,,         ,Shaun,Heath,Clear,Not Collision with Motor Vehicle in Transport,no,no,no,no,yes,False
100827869,METROPOLITAN NASHVILLE POLICE DEPT,20150415305,Davidson,Nashville,5/3/2015 4:20:00 PM,2,1,0,36.176900,-86.773550,SPRING ST,,,,0.00,,,-- UNKNOWN RAMP/ROAD --,,,,0.00,Y,Four-Way,N,Non-Junction,None,,,         ,Ethan,Luffman,Clear,Front to Rear,no,no,no,no,yes,False
100827870,METROPOLITAN NASHVILLE POLICE DEPT,20150415165,Davidson,Nashville,5/3/2015 3:38:00 PM,3,0,0,36.110790,-86.786200,STATE HWY 155,,,,393.00,Feet,East,LEALAND LN,,,,0.00,N,Not at Intersection,N,Non-Junction,None,,,         ,Nicholas,Smith,Clear,Front to Rear,no,no,no,no,no,False
100827885,METROPOLITAN NASHVILLE POLICE DEPT,20150415285,Davidson,Nashville,5/3/2015 4:20:00 PM,2,0,0,36.077110,-86.641390,US HWY 41,,,,0.00,,,LAKEVILLA DR,,,,0.00,Y,T-Intersection, ,Intersection-Related,None,,,         ,Tyler,Conrads,Clear,Angle,no,no,no,no,no,False
100827886,METROPOLITAN NASHVILLE POLICE DEPT,20150415416,Davidson,Nashville,5/3/2015 5:13:00 PM,2,0,0,36.134380,-86.781180,WEDGEWOOD AVE,,,,0.00,,,ACKLEN AVE,,,,0.00,Y,T-Intersection, ,Intersection,None,,,         ,Brenton,Adcox,Clear,Front to Rear,no,no,no,no,no,False
100827889,METROPOLITAN NASHVILLE POLICE DEPT,20150415172,Davidson,Nashville,5/3/2015 3:12:00 PM,2,0,0,36.242960,-86.747860,-- UNKNOWN RAMP/ROAD --,,,,0.00,Feet,East,I 65,,,,0.00,N,Not at Intersection, ,Non-Junction,None,,,         ,Ryan,Stanford,Clear,"Sideswipe, Same Direction",no,no,no,no,no,False
100827892,METROPOLITAN NASHVILLE POLICE DEPT,20150415480,Davidson,Nashville,5/3/2015 5:49:00 PM,2,0,0,36.176870,-86.774480,SPRING ST,,,,0.00,,,N 1ST ST,,,,0.00,Y,Four-Way, ,Intersection,None,,,         ,Ethan,Luffman,Clear,Front to Rear,no,no,no,no,no,False
100827899,METROPOLITAN NASHVILLE POLICE DEPT,20150413701,Davidson,Nashville,5/2/2015 8:27:00 PM,2,0,0,36.054980,-86.641500,ZELIDA AVE,,,,16.00,Feet,West,HICKORY CLUB DR,,,,0.00,N,Not at Intersection, ,Non-Junction,None,,,         ,Joseph,Progar,Clear,Front to Rear,no,no,no,no,no,False
100827903,METROPOLITAN NASHVILLE POLICE DEPT,20150415498,Davidson,Nashville,5/3/2015 5:43:00 PM,2,0,0,36.167250,-86.780690,US HWY 31,,,,111.00,Feet,East,CONNECTING ROAD,,,,0.00,N,Not at Intersection,N,Non-Junction,None,,,         ,Pedro,Rivera Chaparro,Clear,Unknown,no,no,no,yes,yes,False
100827919,METROPOLITAN NASHVILLE POLICE DEPT,20150415588,Davidson,Nashville,5/3/2015 6:43:00 PM,2,0,0,36.152970,-86.765050,I 40,,,,0.00,,,,,,,210.70,N,Not at Intersection,N,Non-Junction,None,,,         ,Thomas,Barnes,Clear,Front to Rear,no,no,no,no,yes,False
100827923,METROPOLITAN NASHVILLE POLICE DEPT,20150415194,Davidson,Nashville,5/3/2015 3:34:00 PM,2,0,0,36.137210,-86.699510,STATE HWY 155,,,,0.00,,,GLASTONBURY RD,,,,0.00,Y,T-Intersection,N,Intersection-Related,None,,,         ,James,Tidwell,Clear,Front to Rear,no,no,no,no,no,False
100827940,METROPOLITAN NASHVILLE POLICE DEPT,20150411238,Davidson,Nashville,5/1/2015 9:58:00 PM,1,0,0,36.162080,-86.776310,3RD AVE N,,,,206.00,Feet,North,US HWY 70,,,,0.00,N,Not at Intersection, ,Non-Junction,None,,,         ,Audrean,Manquero,Clear,Not Collision with Motor Vehicle in Transport,no,no,no,yes,no,False
100827941,METROPOLITAN NASHVILLE POLICE DEPT,20150415467,Davidson,Nashville,5/3/2015 5:41:00 PM,3,5,0,36.172410,-86.794800,10TH AVE N,,,,0.00,,,JEFFERSON ST,,,,0.00,Y,OTHER,N,Non-Junction,None,,,         ,Christopher,Mackey,Clear,Front to Rear,no,no,no,no,no,False
100827944,METROPOLITAN NASHVILLE POLICE DEPT,20150415564,Davidson,Not in City Limit,5/3/2015 6:20:00 PM,1,1,0,36.267610,-86.825870,STATE HWY 45,,,,1621.00,Feet,East,US HWY 431,,,,0.00,N,Not at Intersection,N,Non-Junction,None,,,         ,Zachary,Ronan,Clear,Not Collision with Motor Vehicle in Transport,no,no,no,no,no,False
100827963,METROPOLITAN NASHVILLE POLICE DEPT,20150415054,Davidson,Nashville,5/3/2015 2:26:00 PM,2,2,0,36.068600,-86.676240,RICHARDS RD,,,,0.00,,,WAIKIKI BLVD,,,,0.00,Y,Four-Way,N,Intersection,None,,,         ,Kevin,Keating,Clear,Angle,no,no,no,no,no,False
100827964,METROPOLITAN NASHVILLE POLICE DEPT,20150415162,Davidson,Antioch,5/3/2015 3:32:00 PM,2,0,0,36.036100,-86.576050,MAXWELL RD,,,,0.00,,,FLAGSTONE DR,,,,0.00,Y,T-Intersection, ,Intersection,None,,,         ,Kevin,Keating,Clear,Front to Rear,no,no,no,no,no,False