master_record_number,agency,agency_tracking_number,county,city,collision_date,vehicles_involved,number_injured,number_dead,latitude,longitude,roadway_name,roadway_suffix,roadway_number,roadway_local_id,distance_from_reference,miles-feet_indicator,direction_from_reference,intersection_road_name,intersection_road_name_suffix,intersection_road_number,intersection_local_id,mile_marker,intersection_indicator,intersect_type,interchange_related_indicator,relation_to_junction,work_zone_type,construction_maintenance_zone,construction_maintenance_zone_location,fatal_case_number,officer_first_name,officer_last_name,weather_condition(s),manner_of_crash,pedestrian,bicycle,scooter,parking,hitrun,mou
100827965,METROPOLITAN NASHVILLE POLICE DEPT,20150415646,Davidson,Not in City Limit,5/3/2015 6:56:00 PM,2,0,0,36.021930,-86.702180,ALTERAS DR,,,,197.00,Feet,South,ADARA LN,,,,0.00,N,Not at Intersection,N,Non-Junction,None,,,         ,Kevin,Keating,Clear,Front to Rear,no,no,no,no,yes,False
100827969,METROPOLITAN NASHVILLE POLICE DEPT,20150415441,Davidson,Nashville,5/3/2015 12:00:00 AM,1,0,0,36.190500,-86.816940,25TH AVE N,,,,0.00,,,26TH AVE N,,,,0.00,Y,Traffic Circle,N,Non-Junction,None,,,         ,Isaac,Wood,Clear,Not Collision with Motor Vehicle in Transport,no,no,no,no,no,False
100827986,METROPOLITAN NASHVILLE POLICE DEPT,20150415563,Davidson,Nashville,5/3/2015 6:00:00 PM,2,3,0,36.156010,-86.788830,13TH AVE S,,,,0.00,,,US HWY 70,,,,0.00,Y,T-Intersection,Y,Intersection,None,,,         ,Ethan,Luffman,Clear,Angle,no,no,no,no,no,False
100827993,METROPOLITAN NASHVILLE POLICE DEPT,20150415899,Davidson,Nashville,5/3/2015 9:15:00 PM,2,0,0,36.127850,-86.786120,BRADFORD AVE,,,,0.00,,,10TH AVE S,,,,0.00,Y,T-Intersection, ,Non-Junction,None,,,         ,William,Taylor,Clear,Unknown,no,no,no,no,yes,False
100827998,METROPOLITAN NASHVILLE POLICE DEPT,20150415863,Davidson,Not in City Limit,5/3/2015 9:30:00 PM,2,1,0,36.264360,-86.687060,ARCHWOOD DR,,,,21.00,Feet,South,ARCHWOOD PL,,,,0.00,N,Not at Intersection,N,Non-Junction,None,,,         ,Rodney,Phipps,Clear,Angle,no,no,no,no,no,False
100827999,METROPOLITAN NASHVILLE POLICE DEPT,20150413949,Davidson,Nashville,5/3/2015 12:25:00 AM,2,0,0,36.046300,-86.660960,EXIT 59,,,,0.00,,,I 24,,,,0.00,Y,OTHER,Y,Entrance/Exit Ramp Related,None,,,         ,Randy,Heinze,Clear,Front to Rear,no,no,no,no,no,False
100828000,METROPOLITAN NASHVILLE POLICE DEPT,20150415920,Davidson,Nashville,5/3/2015 9:57:00 PM,2,0,0,36.134230,-86.778780,WEDGEWOOD AVE,,,,77.00,Feet,East,US HWY 31,,,,0.00,N,Not at Intersection,N,Non-Junction,None,,,         ,Brenton,Adcox,Clear,Front to Rear,no,no,no,no,no,False
100828016,METROPOLITAN NASHVILLE POLICE DEPT,20150416004,Davidson,Nashville,5/3/2015 9:54:00 PM,2,0,0,36.141270,-86.731760,I 40,,,,0.00,,,,,,,213.00,N,Not at Intersection,N,Entrance/Exit Ramp Related,None,,,         ,Curtis,Fisher,Clear,"Sideswipe, Same Direction",no,no,no,no,no,False
100828019,METROPOLITAN NASHVILLE POLICE DEPT,20150415991,Davidson,Nashville,5/3/2015 10:40:00 PM,1,0,0,36.154420,-86.843580,47TH AVE N,,,,0.00,,,DELAWARE AVE,,,,0.00,Y,T-Intersection,N,Intersection,None,,,         ,Autumn,Manning,Clear,Not Collision with Motor Vehicle in Transport,no,no,no,no,yes,False
100828020,METROPOLITAN NASHVILLE POLICE DEPT,20150414330,Davidson,Nashville,5/3/2015 4:47:00 AM,1,1,0,0.000000,0.000000,MOUNT VIEW,RD,SR1,1,0.50,Miles,East,BABY RUTH,LN,SR2,2,0.00,N,Not at Intersection,N,Non-Junction,None,,,         ,David,Moser,Clear,Not Collision with Motor Vehicle in Transport,no,no,no,no,no,False
100828028,METROPOLITAN NASHVILLE POLICE DEPT,20150416135,Davidson,Nashville,5/4/2015 1:17:00 AM,2,0,0,36.125560,-86.709040,US HWY 41,,,,0.00,,,,,,,0.00,,, ,Non-Junction,None,,,         ,Chad,Mahoney,Clear,Rear to Side,no,no,no,yes,no,False
100828052,METROPOLITAN NASHVILLE POLICE DEPT,20150416445,Davidson,Nashville,5/4/2015 3:00:00 AM,2,1,0,36.079840,-87.038120,I 40,,,,0.00,,,,,,,191.50,N,Not at Intersection,N,Non-Junction,None,,,         ,Jackson,Smythe,Clear,"Sideswipe, Same Direction",no,no,no,no,yes,False
100828066,METROPOLITAN NASHVILLE POLICE DEPT,2015-0414959,Davidson,Nashville,5/3/2015 12:53:00 PM,2,0,0,36.046850,-86.679410,STATE HWY 254,,,,0.00,,,BRITTANY PARK DR,,,,0.00,Y,T-Intersection,N,Non-Junction,None,,,         ,John,Neely,Clear,Angle,no,no,no,yes,yes,False
100828068,METROPOLITAN NASHVILLE POLICE DEPT,20150416441,Davidson,Nashville,5/3/2015 11:30:00 PM,2,0,0,36.130920,-86.897710,EXIT 201A,,,,0.00,,,I 40,,,,0.00,Y,T-Intersection, ,Entrance/Exit Ramp Related,None,,,         ,Tyler,Bryson,Clear,Front to Rear,no,no,no,no,yes,False
100828073,METROPOLITAN NASHVILLE POLICE DEPT,20150414615,Davidson,Not in City Limit,5/3/2015 8:50:00 AM,2,0,0,36.274980,-86.735430,I 65,,,,0.00,,,,,,,93.00,N,Not at Intersection,N,Non-Junction,None,,,         ,Melvin,Brown III,Clear,"Sideswipe, Same Direction",no,no,no,no,yes,False
100828080,METROPOLITAN NASHVILLE POLICE DEPT,20150415024,Davidson,Nashville,5/3/2015 2:08:00 PM,2,1,0,36.195740,-86.776110,I 65,,,,0.00,,,,,,,86.60,N,Not at Intersection,N,Non-Junction,None,,,         ,Ky,Luu,Clear,Front to Rear,no,no,no,no,no,False
100828081,METROPOLITAN NASHVILLE POLICE DEPT,20150414943,Davidson,Nashville,5/3/2015 12:53:00 PM,2,0,0,36.074470,-86.638610,US HWY 41,,,,0.00,,,RURAL HILL RD,,,,0.00,Y,Four-Way, ,Intersection,None,,,         ,Brian,Lamb,Clear,Angle,no,no,no,no,no,False
100828082,THP District 9 - Administrative,315023188,Davidson,Nashville,5/4/2015 3:00:00 PM,2,0,0,36.130100,-86.725340,PLUS PARK BLVD,,,,1140.00,Feet,South,PAVILION BLVD,,,,0.00,N,Not at Intersection, ,"Driveway, Alley Access, etc",None,,,         ,Michael,Morgan,Clear,Not Collision with Motor Vehicle in Transport,no,no,no,no,no,False
100828086,METROPOLITAN NASHVILLE POLICE DEPT,20150401624,Davidson,Nashville,4/29/2015 8:08:00 AM,2,1,0,36.153350,-86.756030,I 40,,,,0.00,,,,,,,211.20,N,Not at Intersection,N,Non-Junction,None,,,         ,Jason,Smith,Clear,Front to Rear,no,no,no,no,no,False
100828088,METROPOLITAN NASHVILLE POLICE DEPT,2015-0416764,Davidson,Not in City Limit,5/4/2015 6:55:00 AM,2,0,0,36.080370,-86.955110,EXIT 196,,,,0.00,,,US HWY 70S,,,,0.00,Y,T-Intersection, ,Intersection,None,,,         ,Curtis,Rich,Clear,Front to Rear,no,no,no,no,no,False
100828090,METROPOLITAN NASHVILLE POLICE DEPT,15-416781,Davidson,Nashville,5/4/2015 7:00:00 AM,1,0,0,36.169850,-86.673580,SHADY GROVE RD,,,,0.00,,,US HWY 70,,,,0.00,Y,T-Intersection, ,,None,,,         ,Larry,Benz,,,no,no,no,no,no,False
100828091,METROPOLITAN NASHVILLE POLICE DEPT,20150416770,Davidson,Nashville,5/4/2015 6:15:00 AM,2,0,0,36.150530,-86.833750,40TH AVE N,,,,45.00,Feet,North,ELKINS AVE,,,,0.00,N,Not at Intersection,N,Non-Junction,Construction Zone,Other,Activity Area,         ,Corteze,Armstrong,Clear,HeadOn,no,no,no,no,yes,False
100828093,METROPOLITAN NASHVILLE POLICE DEPT,20150416762,Davidson,Nashville,5/4/2015 6:43:00 AM,2,0,0,36.041120,-86.748590,COPPERFIELD WAY,,,,211.00,Feet,South,STATE HWY 254,,,,0.00,N,Not at Intersection, ,,None,,,         ,Nathan,Kemp,,,no,no,no,no,no,False
100828094,METROPOLITAN NASHVILLE POLICE DEPT,2015-0415011,Davidson,Nashville,5/3/2015 1:50:00 PM,2,0,0,36.172900,-86.800590,I 65,,,,0.00,,,,,,,84.50,N,Not at Intersection, ,Entrance/Exit Ramp Related,Unknown,,,         ,Emily,Davies,Clear,"Sideswipe, Same Direction",no,no,no,no,yes,False
100828100,METROPOLITAN NASHVILLE POLICE DEPT,20150414216,Davidson,Nashville,5/3/2015 3:05:00 AM,1,0,0,36.161650,-86.779170,5TH AVE N,,,,95.00,Feet,South,COMMERCE ST,,,,0.00,N,Not at Intersection, ,Non-Junction,None,,,         ,Audrean,Manquero,Clear,Not Collision with Motor Vehicle in Transport,no,no,no,no,yes,False
100828101,METROPOLITAN NASHVILLE POLICE DEPT,2015-0416683,Davidson,Nashville,5/4/2015 5:57:00 AM,2,0,0,36.151960,-86.848400,US HWY 70,,,,47.00,Feet,East,51ST AVE N,,,,0.00,N,Not at Intersection,N,Non-Junction,None,,,         ,Autumn,Manning,Clear,"Sideswipe, Same Direction",no,no,no,no,no,False
100828102,METROPOLITAN NASHVILLE POLICE DEPT,20150405540,Davidson,Nashville,4/30/2015 11:47:00 AM,2,0,0,36.115890,-86.725030,I 24,,,,0.00,,,,,,,53.20,N,Not at Intersection, ,Non-Junction,None,,,         ,Richard,Olive,Clear,"Sideswipe, Same Direction",no,no,no,no,no,False
100828103,METROPOLITAN NASHVILLE POLICE DEPT,20150405970,Davidson,Nashville,4/30/2015 1:45:00 PM,2,0,0,36.139000,-86.733020,US HWY 41,,,,0.00,,,ARLINGTON AVE,,,,0.00,Y,Four-Way,N,Non-Junction,None,,,         ,Richard,Olive,Clear,"Sideswipe, Same Direction",no,no,no,no,yes,False
100828105,METROPOLITAN NASHVILLE POLICE DEPT,20150416828,Davidson,Nashville,5/4/2015 7:15:00 AM,2,0,0,36.200000,-86.618930,US HWY 70,,,,171.00,Feet,South,HERMITAGE RD,,,,0.00,N,Not at Intersection, ,,None,,,         ,Phillip,Black,,,no,no,no,no,no,False
100828108,METROPOLITAN NASHVILLE POLICE DEPT,2015-0416835,Davidson,Nashville,5/4/2015 7:44:00 AM,2,0,0,36.153640,-86.845660,I 40,,,,0.00,,,,,,,204.60,N,Not at Intersection, ,Non-Junction,None,,,         ,Curtis,Rich,Clear,"Sideswipe, Same Direction",no,no,no,no,no,False
100828113,METROPOLITAN NASHVILLE POLICE DEPT,20150416793,Davidson,Nashville,5/4/2015 7:02:00 AM,2,0,0,36.091560,-86.651490,US HWY 41,,,,244.00,Feet,North,BOROWOOD DR,,,,0.00,N,Not at Intersection, ,Non-Junction,None,,,         ,Craig,Carlson,Clear,Front to Rear,no,no,no,no,no,False
100828114,METROPOLITAN NASHVILLE POLICE DEPT,2015-0411292,Davidson,Nashville,5/1/2015 10:35:00 PM,2,0,0,36.171370,-86.769000,INTERSTATE DR,,,,0.00,,,US HWY 31,,,,0.00,Y,Four-Way,N,Intersection,None,,,         ,Jared,Zwilling,Clear,Angle,no,no,no,no,no,False
100828116,METROPOLITAN NASHVILLE POLICE DEPT,20150409145,Davidson,Nashville,5/1/2015 11:50:00 AM,7,6,0,36.241100,-86.751290,I 65,,,,0.00,,,,,,,90.40,N,Not at Intersection,N,Non-Junction,None,,,         ,Brian,Otto,Clear,"Sideswipe, Same Direction",no,no,no,no,no,False
100828117,METROPOLITAN NASHVILLE POLICE DEPT,20150416800,Davidson,Nashville,5/4/2015 7:05:00 AM,2,1,0,36.176580,-86.771220,SPRING ST,,,,7.00,Feet,West,-- UNKNOWN RAMP/ROAD --,,,,0.00,N,Not at Intersection,N,Non-Junction,None,,,         ,Patrick,Taylor,Clear,Front to Rear,no,no,no,no,no,False
100828118,METROPOLITAN NASHVILLE POLICE DEPT,20150416904,Davidson,Nashville,5/4/2015 7:47:00 AM,2,0,0,36.012810,-86.618450,EXIT 62,,,,0.00,,,I 24,,,,0.00,Y,OTHER, ,Entrance/Exit Ramp Related,None,,,         ,Ian,Hammond,Clear,"Sideswipe, Same Direction",no,no,no,no,no,False
100828134,METROPOLITAN NASHVILLE POLICE DEPT,20150416802,Davidson,Not in City Limit,5/4/2015 7:30:00 AM,2,1,0,36.269780,-86.755430,US HWY 31W,,,,214.00,Feet,North,STATE HWY 45,,,,0.00,N,Not at Intersection,N,Non-Junction,None,,,         ,Jordan,Lowry,Clear,Angle,no,no,no,no,no,False
100828135,METROPOLITAN NASHVILLE POLICE DEPT,20150416763,Davidson,Nashville,5/4/2015 6:32:00 AM,2,0,0,36.149260,-86.746840,I 40,,,,0.00,,,,,,,211.80,N,Not at Intersection, ,,None,,,         ,Bryan,Birdwell,,,no,no,no,no,no,False
100828136,METROPOLITAN NASHVILLE POLICE DEPT,20150417042,Davidson,Nashville,5/4/2015 7:41:00 AM,2,0,0,36.121350,-86.797740,BRIGHTWOOD AVE,,,,0.00,,,CEDAR LN,,,,0.00,Y,Four-Way, ,Intersection,None,,,         ,Nathan,Kemp,Clear,Angle,no,no,no,no,no,False
100828137,METROPOLITAN NASHVILLE POLICE DEPT,2015-0417000,Davidson,Not in City Limit,5/4/2015 7:45:00 AM,1,0,0,36.043980,-86.959070,COLLINS RD,,,,18.00,Feet,North,LEARNING LN,,,,0.00,N,Not at Intersection, ,Non-Junction,Construction Zone,,,         ,Curtis,Rich,Clear,Not Collision with Motor Vehicle in Transport,no,no,no,no,no,False
100828145,METROPOLITAN NASHVILLE POLICE DEPT,20150409834,Davidson,Nashville,5/1/2015 3:57:00 PM,2,0,0,36.234890,-86.724650,US HWY 31E,,,,0.00,,,-- UNKNOWN RAMP/ROAD --,,,,0.00,Y,Four-Way, ,Intersection,None,,,         ,Whitney,Arnold,Clear,HeadOn,no,no,no,no,yes,False
100828146,METROPOLITAN NASHVILLE POLICE DEPT,20150417081,Davidson,Nashville,5/4/2015 9:19:00 AM,2,0,0,36.098080,-86.709580,I 24,,,,0.00,,,,,,,54.70,N,Not at Intersection, ,,,,,         ,Richard,Olive,,,no,no,no,no,no,False
100828147,METROPOLITAN NASHVILLE POLICE DEPT,2015-0416926,Davidson,Nashville,5/4/2015 8:00:00 AM,2,1,0,36.086950,-86.693430,STATE HWY 255,,,,405.00,Feet,West,ANTIOCH PIKE,,,,0.00,N,Not at Intersection,N,Non-Junction,None,,,         ,Stanley,Collins,Clear,Front to Rear,no,no,no,no,no,False
100828150,METROPOLITAN NASHVILLE POLICE DEPT,2015-0416791,Davidson,Nashville,5/4/2015 5:22:00 AM,2,0,0,36.107780,-86.677020,US HWY 41,,,,0.00,,,DELL PKWY,,,,0.00,Y,T-Intersection, ,Non-Junction,None,,,         ,John,Neely,Clear,Front to Rear,no,no,no,no,no,False
100828157,BELLE MEADE POLICE DEPT,15-0112,Davidson,Belle Meade,5/3/2015 12:41:00 PM,2,2,0,36.115260,-86.859850,EVELYN AVE,,,,243.00,Feet,South,US HWY 70S,,,,0.00,N,Not at Intersection,N,Non-Junction,None,,,         ,Doris,Howell,Clear,"Sideswipe, Same Direction",no,no,no,no,no,False
100828164,METROPOLITAN NASHVILLE POLICE DEPT,20150416757,Davidson,Nashville,5/4/2015 6:36:00 AM,2,1,0,36.252890,-86.765860,MULBERRY WAY,,,,396.00,Feet,North,TUCKAHOE CT,,,,0.00,N,Not at Intersection,N,Non-Junction,None,,,         ,David,Boone,Clear,Angle,no,no,no,no,no,False
100828166,METROPOLITAN NASHVILLE POLICE DEPT,20150416908,Davidson,Nashville,5/4/2015 7:26:00 AM,2,0,0,36.106280,-86.811240,US HWY 431,,,,0.00,,,,,,,0.00,,Not at Intersection, ,"Driveway, Alley Access, etc",None,,,         ,Jason,Picanzo,Clear,Rear to Side,no,no,no,yes,no,False
100828182,METROPOLITAN NASHVILLE POLICE DEPT,20150417024,Davidson,Nashville,5/4/2015 8:33:00 AM,2,3,0,36.231520,-86.790090,ALDRICH LN,,,,0.00,,,EWING DR,,,,0.00,Y,Four-Way,N,Intersection,None,,,         ,Michael,McCord,Clear,HeadOn,no,no,no,no,no,False
100828183,METROPOLITAN NASHVILLE POLICE DEPT,20150416870,Davidson,Nashville,5/4/2015 7:30:00 AM,2,0,0,36.124390,-86.741430,I 440,,,,0.00,,,,,,,6.75,N,Not at Intersection,N,Non-Junction,None,,,         ,James,Thomas,Clear,Front to Rear,no,no,no,no,no,False
100828199,METROPOLITAN NASHVILLE POLICE DEPT,20150417366,Davidson,Nashville,5/4/2015 10:25:00 AM,2,0,0,36.208420,-86.767250,QUEEN AVE,,,,0.00,,,US HWY 31W,,,,0.00,Y,T-Intersection, ,Intersection-Related,None,,,         ,Michael,Watkins,Clear,Rear to Side,no,no,no,no,no,False
100828206,METROPOLITAN NASHVILLE POLICE DEPT,20150417216,Davidson,Nashville,5/4/2015 9:35:00 AM,1,0,0,36.153970,-86.757290,I 24,,,,0.00,,,,,,,49.90,N,Not at Intersection,Y,Non-Junction,None,,,         ,Justin,Franklin,Clear,Not Collision with Motor Vehicle in Transport,no,no,no,no,no,False
100828211,METROPOLITAN NASHVILLE POLICE DEPT,20150416982,Davidson,Nashville,5/4/2015 8:18:00 AM,2,1,0,36.040320,-86.782370,I 65,,,,0.00,,,,,,,74.70,N,Not at Intersection,N,Entrance/Exit Ramp Related,None,,,         ,Michael,Russell,Clear,Angle,no,no,no,no,no,False
100828212,METROPOLITAN NASHVILLE POLICE DEPT,20150416825,Davidson,Old Hickory,5/4/2015 7:13:00 AM,2,0,0,36.265590,-86.672210,STATE HWY 45,,,,741.00,Feet,West,HICKORY INDUSTRIAL DR,,,,0.00,N,Not at Intersection, ,,Construction Zone,,,         ,Cassandra,Del Bosco,,,no,no,no,no,no,False
100828222,METROPOLITAN NASHVILLE POLICE DEPT,20150417430,Davidson,Not in City Limit,5/4/2015 11:00:00 AM,2,1,0,36.279760,-86.708640,US HWY 31E,,,,0.00,,,RAMP,,,,0.00,Y,T-Intersection,N,Intersection-Related,None,,,         ,William,Coy,Clear,Front to Rear,no,no,no,no,no,False
100828223,METROPOLITAN NASHVILLE POLICE DEPT,2015-0417543,Davidson,Nashville,5/3/2015 7:00:00 PM,2,0,0,36.107480,-86.817550,PARKING LOT,,,,172.00,Feet,East,GREEN HILLS VLG,,,,0.00,N,Not at Intersection, ,Non-Junction,None,,,         ,Curtis,Rich,Unknown,Unknown,no,no,no,yes,yes,False
100828227,METROPOLITAN NASHVILLE POLICE DEPT,2015-0410276,Davidson,Nashville,5/1/2015 5:37:00 PM,2,0,0,36.147540,-86.844480,DAKOTA AVE,,,,0.00,Feet,,48TH AVE N,,,,0.00,Y,Four-Way,N,Intersection,None,,,         ,Walter,Gray II,Clear,Angle,no,no,no,no,no,False
100828230,METROPOLITAN NASHVILLE POLICE DEPT,20150417278,Davidson,Old Hickory,5/4/2015 9:45:00 AM,2,2,0,36.252610,-86.647950,STATE HWY 45,,,,0.00,,,HADLEY AVE,,,,0.00,Y,T-Intersection,N,Non-Junction,None,,,         ,Daniel,Crockett,Clear,Front to Rear,no,no,no,no,no,False
100828235,METROPOLITAN NASHVILLE POLICE DEPT,20150417418,Davidson,Nashville,5/4/2015 11:05:00 AM,2,1,0,36.233100,-86.758650,MAPLEWOOD TRC,,,,0.00,,,US HWY 31W,,,,0.00,Y,OTHER,N,Non-Junction,None,,,         ,Aaron,Wigginton,Clear,Rear to Side,no,no,no,yes,no,False
100828237,METROPOLITAN NASHVILLE POLICE DEPT,20150417263,Davidson,Nashville,5/4/2015 9:59:00 AM,2,0,0,36.172780,-86.793370,JEFFERSON ST,,,,300.00,Feet,West,REV DR ENOCH JONES BLVD,,,,0.00,N,Not at Intersection, ,,,,,         ,Rodney,Clark,,,no,no,no,no,no,False
100828239,METROPOLITAN NASHVILLE POLICE DEPT,2015-0417526,Davidson,Nashville,5/4/2015 11:35:00 AM,2,0,0,36.144370,-86.856300,RURAL AVE,,,,36.00,Feet,North,VAUGHT DR,,,,0.00,N,Not at Intersection, ,"Driveway, Alley Access, etc",None,,,         ,Walter,Gray II,Clear,Angle,no,no,no,no,no,False
100828245,METROPOLITAN NASHVILLE POLICE DEPT,2015-0417482,Davidson,Nashville,5/4/2015 11:16:00 AM,2,0,0,36.240030,-86.672580,NEELYS BEND RD,,,,465.00,Feet,East,CHEYENNE BLVD,,,,0.00,N,Not at Intersection,N,Non-Junction,None,,,         ,Nicholas,Truan,Clear,Rear to Side,no,no,no,no,no,False
100828250,METROPOLITAN NASHVILLE POLICE DEPT,20150417658,Davidson,Nashville,5/4/2015 12:05:00 PM,2,0,0,36.151050,-86.670530,ELM HILL PIKE,,,,0.00,,,OLD ELM HILL PIKE,,,,0.00,Y,Y-Intersection, ,Non-Junction,None,,,         ,Codey,Mullins,Clear,Front to Rear,no,no,no,no,no,False
100828252,METROPOLITAN NASHVILLE POLICE DEPT,2015-0409362,Davidson,Nashville,5/1/2015 1:00:00 PM,2,0,0,36.194190,-86.759460,JONES AVE,,,,114.00,Feet,North,DOUGLAS AVE,,,,0.00,N,Not at Intersection, ,"Driveway, Alley Access, etc",None,,,         ,Coleman,Womack,Clear,Rear to Side,no,no,no,no,no,False
100828255,METROPOLITAN NASHVILLE POLICE DEPT,2015-0410511,Davidson,Nashville,5/1/2015 6:18:00 PM,2,0,0,36.185610,-86.676260,MCGAVOCK PIKE,,,,87.00,Feet,South,FERNBROOK LN,,,,0.00,N,Not at Intersection, ,"Driveway, Alley Access, etc",None,,,         ,Duane,Brooks,Clear,Angle,no,no,no,no,no,False
100828257,METROPOLITAN NASHVILLE POLICE DEPT,20150417797,Davidson,Nashville,5/4/2015 12:41:00 PM,2,2,0,36.121660,-86.750560,US HWY 31 ALT,,,,69.00,Feet,South,-- UNKNOWN RAMP/ROAD --,,,,0.00,N,Not at Intersection,N,Non-Junction,None,,,         ,Nathan,Kemp,Clear,Front to Rear,no,no,no,no,no,False
100828273,METROPOLITAN NASHVILLE POLICE DEPT,2015-0417718,Davidson,Nashville,5/4/2015 12:30:00 PM,2,0,0,36.187880,-86.773290,US HWY 31W,,,,169.00,Feet,North,CLEVELAND ST,,,,0.00,N,Not at Intersection, ,"Driveway, Alley Access, etc",None,,,         ,Coleman,Womack,Cloudy,Front to Rear,no,no,no,no,no,False
100828278,METROPOLITAN NASHVILLE POLICE DEPT,20150416913,Davidson,Nashville,5/4/2015 7:56:00 AM,1,0,0,36.270030,-86.831500,US HWY 431,,,,1583.00,Feet,North,STATE HWY 45,,,,0.00,N,Not at Intersection, ,Non-Junction,None,,,         ,Donald,Davidson,Clear,Not Collision with Motor Vehicle in Transport,no,no,no,no,no,False
100828279,METROPOLITAN NASHVILLE POLICE DEPT,20150409526,Davidson,Nashville,5/1/2015 1:45:00 PM,2,0,0,36.258370,-86.738470,I 65,,,,0.00,,,,,,,91.80,N,Not at Intersection,N,Non-Junction,None,,,         ,Donald,Davidson,Clear,"Sideswipe, Same Direction",no,no,no,no,yes,False
100828283,METROPOLITAN NASHVILLE POLICE DEPT,20150417040,Davidson,Nashville,5/4/2015 8:32:00 AM,2,0,0,36.153390,-86.820660,US HWY 70,,,,58.00,Feet,East,31ST AVE N,,,,0.00,N,Not at Intersection, ,Non-Junction,None,,,         ,Phillip,Murphy,Clear,Angle,no,no,no,no,no,False
100828288,METROPOLITAN NASHVILLE POLICE DEPT,20150417795,Davidson,Madison,5/4/2015 12:52:00 PM,1,1,0,36.263240,-86.713700,STATE HWY 45,,,,271.00,Feet,East,DOUGLAS ST,,,,0.00,N,Not at Intersection,N,Non-Junction,None,,,         ,David,Boone,Clear,Not Collision with Motor Vehicle in Transport,yes,no,no,yes,no,False
100828291,METROPOLITAN NASHVILLE POLICE DEPT,2015-0417866,Davidson,Not in City Limit,5/4/2015 12:56:00 PM,2,1,0,36.272110,-86.689560,ANDERSON LN,,,,0.00,,,MYATT DR,,,,0.00,Y,Four-Way,N,Intersection,None,,,         ,Nicholas,Truan,Clear,Front to Rear,no,no,no,no,no,False
100828296,METROPOLITAN NASHVILLE POLICE DEPT,2015-0412605,Davidson,Nashville,5/2/2015 11:40:00 AM,2,0,0,36.145080,-86.795400,18TH AVE S,,,,524.00,Feet,North,EDGEHILL AVE,,,,0.00,N,Not at Intersection, ,Non-Junction,None,,,         ,David,Barras,Clear,"Sideswipe, Same Direction",no,no,no,no,no,Campus
100828304,METROPOLITAN NASHVILLE POLICE DEPT,20150417376,Davidson,Nashville,5/4/2015 9:45:00 AM,2,0,0,36.140390,-86.666350,EXIT 216C,,,,0.00,,,STATE HWY 255,,,,0.00,Y,Four-Way, ,Entrance/Exit Ramp Related,None,,,         ,Wesley,Young,Clear,Front to Rear,no,no,no,no,no,False
100828308,METROPOLITAN NASHVILLE POLICE DEPT,20150417966,Davidson,Antioch,5/4/2015 1:25:00 PM,2,0,0,36.022280,-86.664750,PETTUS RD,,,,1067.00,Feet,South,PRESTON RD,,,,0.00,N,Not at Intersection, ,Non-Junction,None,,,         ,Terry,Miller,Clear,Angle,no,no,no,yes,no,False
100828314,METROPOLITAN NASHVILLE POLICE DEPT,2015-0415940,Davidson,Nashville,5/3/2015 7:30:00 AM,2,0,0,0.000000,0.000000,LENA ST,,,,200.00,Feet,South,BOOKER ST,,,,0.00,N,Not at Intersection,N,Non-Junction,None,,,         ,Christopher,Littles,Clear,Angle,no,no,no,no,yes,False
100828324,METROPOLITAN NASHVILLE POLICE DEPT,20150418090,Davidson,Nashville,5/4/2015 2:14:00 PM,2,0,0,36.160830,-86.793680,EXIT 209,,,,0.00,,,I 40,,,,0.00,Y,Four-Way, ,Intersection-Related,None,,,         ,Tien,Nguyen,Clear,Angle,no,no,no,no,no,False
100828327,METROPOLITAN NASHVILLE POLICE DEPT,20150418075,Davidson,Nashville,5/4/2015 2:28:00 PM,2,0,0,36.228530,-86.759410,US HWY 31W,,,,308.00,Feet,South,BROADMOOR DR,,,,0.00,N,Not at Intersection, ,Non-Junction,None,,,         ,Joshua,Reece,Clear,Angle,no,no,no,no,no,False
100828334,Metro Park Police,20150417492,Davidson,Nashville,5/4/2015 11:10:00 AM,2,1,0,36.067400,-86.631210,US HWY 41,,,,0.00,,,FOREST VIEW DR,,,,0.00,Y,Four-Way,N,Intersection,None,,,         ,Kevin,Hooper,Clear,Front to Rear,no,no,no,no,no,False
100828354,METROPOLITAN NASHVILLE POLICE DEPT,20150418364,Davidson,Nashville,5/4/2015 4:00:00 PM,2,0,0,36.136920,-86.700250,GLASTONBURY RD,,,,200.00,Feet,West,STATE HWY 155,,,,0.00,N,Not at Intersection, ,Non-Junction,None,,,         ,James,Tidwell,Clear,Angle,no,no,no,no,no,False
100828356,METROPOLITAN NASHVILLE POLICE DEPT,2015-0418197,Davidson,Nashville,5/4/2015 3:17:00 PM,2,0,0,36.151830,-86.857650,STATE HWY 155,,,,63.00,Feet,North,RAMP,,,,0.00,N,Not at Intersection, ,Non-Junction,None,,,         ,Walter,Gray II,Clear,Front to Rear,no,no,no,no,no,False
100828361,METROPOLITAN NASHVILLE POLICE DEPT,2015-0408820,Davidson,Nashville,5/1/2015 10:15:00 AM,2,0,0,36.132790,-86.726960,I 24,,,,0.00,Feet,East,EXIT 53,,,,0.00,N,Not at Intersection,N,Non-Junction,None,,,         ,William,Whitworth,Clear,Front to Rear,no,no,no,no,no,False
100828362,METROPOLITAN NASHVILLE POLICE DEPT,2015-0408953,Davidson,Nashville,5/1/2015 9:36:00 AM,2,0,0,36.070140,-86.693830,EZELL RD,,,,210.00,Feet,North,APACHE TRL,,,,0.00,N,Not at Intersection, ,Non-Junction,None,,,         ,William,Whitworth,Clear,Angle,no,no,no,no,no,False