master_record_number,agency,agency_tracking_number,county,city,collision_date,vehicles_involved,number_injured,number_dead,latitude,longitude,roadway_name,roadway_suffix,roadway_number,roadway_local_id,distance_from_reference,miles-feet_indicator,direction_from_reference,intersection_road_name,intersection_road_name_suffix,intersection_road_number,intersection_local_id,mile_marker,intersection_indicator,intersect_type,interchange_related_indicator,relation_to_junction,work_zone_type,construction_maintenance_zone,construction_maintenance_zone_location,fatal_case_number,officer_first_name,officer_last_name,weather_condition(s),manner_of_crash,pedestrian,bicycle,scooter,parking,hitrun,mou
100828363,METROPOLITAN NASHVILLE POLICE DEPT,2015-0409282,Davidson,Nashville,5/1/2015 11:52:00 AM,2,0,0,36.079880,-86.725150,US HWY 31 ALT,,,,0.00,,,STATE HWY 255,,,,0.00,Y,Four-Way, ,Intersection,None,,,         ,William,Whitworth,Clear,Front to Rear,no,no,no,no,no,False
100828364,METROPOLITAN NASHVILLE POLICE DEPT,2015-0409525,Davidson,Nashville,5/1/2015 2:03:00 PM,2,0,0,36.109690,-86.721370,STATE HWY 155,,,,0.00,,,EXIT 3B,,,,0.00,Y,OTHER,Y,Entrance/Exit Ramp Related,None,,,         ,William,Whitworth,Clear,"Sideswipe, Same Direction",no,no,no,no,no,False
100828365,METROPOLITAN NASHVILLE POLICE DEPT,2015-0416768,Davidson,Nashville,5/4/2015 6:46:00 AM,2,0,0,36.033230,-86.641380,I 24,,,,0.00,,,,,,,60.70,N,Not at Intersection, ,Non-Junction,None,,,         ,William,Whitworth,Clear,Front to Rear,no,no,no,no,no,False
100828366,METROPOLITAN NASHVILLE POLICE DEPT,2015-0416935,Davidson,Nashville,5/4/2015 7:56:00 AM,2,0,0,36.036430,-86.644940,I 24,,,,0.00,,,,,,,60.40,N,Not at Intersection,N,Non-Junction,None,,,         ,William,Whitworth,Clear,Front to Rear,no,no,no,no,no,False
100828367,METROPOLITAN NASHVILLE POLICE DEPT,2015-0417507,Davidson,Antioch,5/4/2015 11:27:00 AM,1,1,0,36.078810,-86.596970,WINDSOR GREEN DR,,,,102.00,Feet,North,SHAKERTOWN RD,,,,0.00,N,Not at Intersection,N,Non-Junction,None,,,         ,William,Whitworth,Clear,Not Collision with Motor Vehicle in Transport,yes,no,no,no,yes,False
100828368,METROPOLITAN NASHVILLE POLICE DEPT,2015-0417989,Davidson,Antioch,5/4/2015 1:53:00 PM,2,1,0,36.030250,-86.612600,STATE HWY 171,,,,0.00,,,LOGISTICS WAY,,,,0.00,Y,T-Intersection,N,Intersection,None,,,         ,William,Whitworth,Clear,Front to Rear,no,no,no,no,no,False
100828369,METROPOLITAN NASHVILLE POLICE DEPT,20150418283,Davidson,Nashville,5/4/2015 3:43:00 PM,2,1,0,36.106580,-86.924540,BELLE VALLEY DR,,,,679.00,Feet,West,STATE HWY 251,,,,0.00,N,Not at Intersection,N,Non-Junction,None,,,         ,Adam,Reese,Clear,"Sideswipe, Opposite Direction",no,no,no,yes,no,False
100828371,BERRY HILL POLICE DEPT,15-1755,Davidson,Nashville,5/4/2015 3:40:00 PM,3,0,0,36.111050,-86.747070,STATE HWY 155,,,,100.00,Feet,West,GRANDVIEW AVE,,,,0.00,N,Not at Intersection, ,Non-Junction,None,,,         ,John,Gleixner,Clear,Front to Rear,no,no,no,no,no,False
100828372,METROPOLITAN NASHVILLE POLICE DEPT,20150415656,Davidson,Nashville,5/3/2015 7:23:00 PM,4,0,0,36.174330,-86.601220,BURNING TREE DR,,,,364.00,Feet,East,STATE HWY 45,,,,0.00,N,Not at Intersection,N,Non-Junction,None,,,         ,Sarah,Hartman,Clear,Angle,no,no,no,yes,yes,False
100828381,METROPOLITAN NASHVILLE POLICE DEPT,2015-0413323,Davidson,Nashville,5/2/2015 7:06:00 PM,1,0,0,36.159710,-86.776790,4TH AVE S,,,,0.00,,,,,,,0.00,,,N,OtherLocation,None,,,         ,Blaze,Williams,Clear,Not Collision with Motor Vehicle in Transport,no,no,no,yes,no,False
100828384,METROPOLITAN NASHVILLE POLICE DEPT,20150418343,Davidson,Nashville,5/4/2015 4:01:00 PM,2,2,0,36.082210,-86.761620,SIDCO DR,,,,0.00,,,STATE HWY 255,,,,0.00,Y,Four-Way,N,Intersection-Related,None,,,         ,Tien,Nguyen,Clear,HeadOn,no,no,no,no,no,False
100828385,METROPOLITAN NASHVILLE POLICE DEPT,2015-0417246,Davidson,Nashville,5/4/2015 9:51:00 AM,2,0,0,36.159520,-86.780620,US HWY 70,,,,100.00,Feet,East,7TH AVE N,,,,0.00,N,Not at Intersection,N,Non-Junction,None,,,         ,Allen,Bates,Clear,"Sideswipe, Same Direction",no,no,no,no,yes,False
100828386,METROPOLITAN NASHVILLE POLICE DEPT,20150418273,Davidson,Nashville,5/4/2015 3:30:00 PM,2,2,0,36.161200,-86.819150,BATAVIA ST,,,,0.00,,,28TH AVE N,,,,0.00,Y,T-Intersection,N,Intersection,None,,,         ,Erik,Dabbs,Clear,Angle,no,no,no,no,no,False
100828393,METROPOLITAN NASHVILLE POLICE DEPT,2015-0418301,Davidson,Nashville,5/4/2015 3:20:00 PM,2,0,0,36.125780,-86.846500,KENNER AVE,,,,0.00,,,US HWY 70S,,,,0.00,Y,Four-Way, ,,None,,,         ,Christopher,Clark,,,no,no,no,no,no,False
100828395,METROPOLITAN NASHVILLE POLICE DEPT,20150412839,Davidson,Nashville,5/2/2015 2:28:00 PM,2,0,0,36.191420,-86.811680,18TH AVE N,,,,0.00,,,18TH AVE CT N,,,,0.00,Y,Y-Intersection, ,Non-Junction,None,,,         ,Victor,Alexander,Clear,"Sideswipe, Opposite Direction",no,no,no,no,no,False
100828400,METROPOLITAN NASHVILLE POLICE DEPT,20150418596,Davidson,Nashville,5/4/2015 5:19:00 PM,2,0,0,36.168280,-86.780310,3RD AVE N,,,,221.00,Feet,South,GAY ST,,,,0.00,N,Not at Intersection, ,,None,,,         ,Pedro,Rivera Chaparro,,,no,no,no,no,no,False
100828413,METROPOLITAN NASHVILLE POLICE DEPT,20150418155,Davidson,Nashville,5/4/2015 2:50:00 PM,2,0,0,36.180900,-86.749560,GALLATIN AVE,,,,90.00,Feet,North,ORDWAY PL,,,,0.00,N,Not at Intersection, ,Non-Junction,None,,,         ,Robert,Croteau,Clear,"Sideswipe, Same Direction",no,no,no,no,no,False
100828414,METROPOLITAN NASHVILLE POLICE DEPT,20150418500,Davidson,Nashville,5/4/2015 4:45:00 PM,2,0,0,36.165120,-86.777200,2ND AVE N,,,,0.00,,,BANK ST,,,,0.00,Y,T-Intersection, ,Non-Junction,None,,,         ,Seth,Oden,Clear,"Sideswipe, Same Direction",no,no,no,no,no,False
100828418,METROPOLITAN NASHVILLE POLICE DEPT,20150418628,Davidson,Nashville,5/4/2015 5:19:00 PM,2,0,0,36.148320,-86.822270,I 440,,,,0.00,,,,,,,1.35,N,Not at Intersection, ,Non-Junction,None,,,         ,Tien,Nguyen,Clear,Front to Rear,no,no,no,no,no,False
100828422,METROPOLITAN NASHVILLE POLICE DEPT,20150418649,Davidson,Nashville,5/4/2015 5:30:00 PM,2,1,0,36.166560,-86.820440,28TH AVE N,,,,0.00,,,MEHARRY BLVD,,,,0.00,Y,Four-Way,N,Intersection,None,,,         ,Erik,Dabbs,Clear,Angle,no,no,no,no,yes,False
100828423,METROPOLITAN NASHVILLE POLICE DEPT,20150418683,Davidson,Not in City Limit,5/4/2015 5:49:00 PM,3,2,0,36.045170,-86.952100,STATE HWY 100,,,,476.00,Feet,West,TEMPLE RD,,,,0.00,N,Not at Intersection,N,Non-Junction,None,,,         ,Adam,Reese,Clear,Front to Rear,no,no,no,no,no,False
100828425,METROPOLITAN NASHVILLE POLICE DEPT,20150418403,Davidson,Nashville,5/4/2015 4:20:00 PM,2,0,0,36.155750,-86.789470,-- UNKNOWN RAMP/ROAD --,,,,0.00,,,I 40,,,,0.00,Y,Four-Way, ,Non-Junction,None,,,         ,Benjamin,Smith,Clear,"Sideswipe, Same Direction",no,no,no,no,no,False
100828426,METROPOLITAN NASHVILLE POLICE DEPT,2015-0418547,Davidson,Nashville,5/4/2015 4:58:00 PM,3,1,0,36.153930,-86.842300,I 40,,,,0.00,,,,,,,204.80,N,Not at Intersection,N,Non-Junction,None,,,         ,Walter,Gray II,Clear,Front to Rear,no,no,no,no,no,False
100828428,METROPOLITAN NASHVILLE POLICE DEPT,20150413107,Davidson,Nashville,5/2/2015 4:51:00 PM,2,0,0,36.164480,-86.810030,MORENA ST,,,,408.00,Feet,West,24TH AVE N,,,,0.00,N,Not at Intersection,N,Non-Junction,None,,,         ,Ashton,Hill,Clear,"Sideswipe, Opposite Direction",no,no,no,no,yes,False
100828431,METROPOLITAN NASHVILLE POLICE DEPT,20150418607,Davidson,Nashville,5/4/2015 5:20:00 PM,2,0,0,36.239740,-86.766360,OAKVIEW DR,,,,0.00,,,VAILVIEW DR,,,,0.00,Y,Four-Way,N,Intersection,None,,,         ,Ryan,Stanford,Clear,Angle,no,no,no,no,yes,False
100828434,METROPOLITAN NASHVILLE POLICE DEPT,20150418759,Davidson,Nashville,5/4/2015 6:14:00 PM,2,0,0,36.137070,-86.820490,-- UNKNOWN RAMP/ROAD --,,,,0.00,Feet,East,I 440,,,,0.00,N,Not at Intersection, ,Entrance/Exit Ramp Related,None,,,         ,Tien,Nguyen,Clear,"Sideswipe, Same Direction",no,no,no,no,no,False
100828440,GOODLETTSVILLE POLICE DEPT,15-17204,Davidson,Goodlettsville,5/4/2015 6:29:00 PM,3,0,0,36.324160,-86.704100,STATE HWY 174,,,,0.00,,,I 65,,,,0.00,Y,T-Intersection, ,Intersection,None,,,         ,Rico,Jones,Clear,Front to Rear,no,no,no,no,no,False
100828441,METROPOLITAN NASHVILLE POLICE DEPT,20150418705,Davidson,Nashville,5/4/2015 5:05:00 PM,2,0,0,36.085100,-86.699570,I 24,,,,0.00,,,,,,,55.80,N,Not at Intersection,N,Non-Junction,None,,,         ,Natalie,Robinson,Clear,Front to Rear,no,no,no,no,yes,False
100828453,METROPOLITAN NASHVILLE POLICE DEPT,20150418736,Davidson,Nashville,5/4/2015 5:28:00 PM,2,0,0,36.109010,-86.720990,EXIT 3B,,,,0.00,Feet,East,I 24,,,,0.00,N,Not at Intersection, ,Non-Junction,None,,,         ,Daniel,Cayton,Clear,Front to Rear,no,no,no,no,no,False
100828454,METROPOLITAN NASHVILLE POLICE DEPT,20150412954,Davidson,Nashville,5/2/2015 3:10:00 PM,4,0,0,36.191870,-86.764860,RICHARDSON AVE,,,,0.00,,,STAINBACK AVE,,,,0.00,Y,OTHER,N,Non-Junction,None,,,         ,Paul,Stein,Clear,"Sideswipe, Same Direction",no,no,no,no,yes,False
100828463,VANDERBILT UNIVERSITY POLICE,15-0418647,Davidson,Nashville,5/4/2015 5:23:00 PM,2,0,0,36.146050,-86.799840,US HWY 431,,,,0.00,,,,,,,0.00,,Four-Way,Y,Intersection-Related,None,,,         ,Patrick,Conwell,Clear,Not Collision with Motor Vehicle in Transport,no,no,no,yes,no,Campus
100828467,METROPOLITAN NASHVILLE POLICE DEPT,20150418664,Davidson,Nashville,5/4/2015 5:40:00 PM,2,4,0,36.053340,-86.672400,I 24,,,,0.00,,,,,,,58.45,N,Not at Intersection,N,Non-Junction,None,,,         ,Jacob,Miller,Clear,Angle,no,no,no,no,no,False
100828471,METROPOLITAN NASHVILLE POLICE DEPT,20150418872,Davidson,Nashville,5/4/2015 6:23:00 PM,1,1,0,36.154670,-86.784800,11TH AVE S,,,,168.00,Feet,South,DEMONBREUN ST,,,,0.00,N,Not at Intersection,N,Non-Junction,Construction Zone,Work On Shoulder Or Median,Unknown,         ,Benjamin,Smith,Clear,Not Collision with Motor Vehicle in Transport,yes,no,no,no,yes,False
100828472,METROPOLITAN NASHVILLE POLICE DEPT,20150418700,Davidson,Nashville,5/4/2015 5:56:00 PM,1,0,0,36.075310,-86.880850,STATE HWY 100,,,,0.00,,,,,,,0.00,,Not at Intersection, ,Non-Junction,None,,,         ,Christopher,Augustin,Clear,Not Collision with Motor Vehicle in Transport,no,no,no,no,no,False
100828479,METROPOLITAN NASHVILLE POLICE DEPT,20150418640,Davidson,Nashville,5/4/2015 5:33:00 PM,2,0,0,36.070030,-86.634110,US HWY 41,,,,716.00,Feet,South,RAMP,,,,0.00,N,Not at Intersection, ,"Driveway, Alley Access, etc",None,,,         ,Kevin,Keating,Clear,Angle,no,no,no,no,no,False
100828480,METROPOLITAN NASHVILLE POLICE DEPT,20150419019,Davidson,Nashville,5/4/2015 7:40:00 PM,2,0,0,36.136710,-86.793150,VILLA PL,,,,208.00,Feet,North,WEDGEWOOD AVE,,,,0.00,N,Not at Intersection, ,Non-Junction,None,,,         ,Tien,Nguyen,Clear,"Sideswipe, Same Direction",no,no,no,no,no,False
100828488,METROPOLITAN NASHVILLE POLICE DEPT,20150418881,Davidson,Nashville,5/4/2015 6:57:00 PM,2,0,0,36.059180,-86.715940,RAMP,,,,0.00,Feet,East,TUSCULUM RD,,,,0.00,N,Not at Intersection, ,Non-Junction,None,,,         ,Nicholas,Smith,Clear,Angle,no,no,no,yes,no,False
100828506,METROPOLITAN NASHVILLE POLICE DEPT,20150418733,Davidson,Not in City Limit,5/4/2015 5:45:00 PM,2,0,0,36.261960,-86.677900,STATE HWY 45,,,,0.00,,,STATE HWY 45 BLVD,,,,0.00,Y,T-Intersection, ,Non-Junction,None,,,         ,James,DeSantis,Clear,"Sideswipe, Same Direction",no,no,no,no,yes,False
100828511,METROPOLITAN NASHVILLE POLICE DEPT,20150415508,Davidson,Nashville,5/3/2015 5:56:00 PM,2,0,0,36.090310,-86.626520,BELL RD,,,,0.00,,,SMITH SPRINGS RD,,,,0.00,Y,Four-Way,N,Intersection,None,,,         ,Michael,Apsey,Clear,Angle,no,no,no,no,yes,False
100828514,METROPOLITAN NASHVILLE POLICE DEPT,20150414239,Davidson,Nashville,5/3/2015 2:50:00 AM,2,0,0,36.161160,-86.773670,SHELBY STREET BRIDGE,,,,0.00,,,US HWY 70,,,,0.00,Y,Four-Way, ,Intersection,None,,,         ,Audrean,Manquero,Clear,"Sideswipe, Same Direction",no,no,no,no,yes,False
100828522,METROPOLITAN NASHVILLE POLICE DEPT,20150419141,Davidson,Nashville,5/4/2015 8:17:00 PM,2,3,0,36.125660,-86.904980,I 40,,,,0.00,,,,,,,200.60,N,Not at Intersection,N,Non-Junction,None,,,         ,Adam,Reese,Clear,Not Collision with Motor Vehicle in Transport,no,no,no,no,no,False
100828525,METROPOLITAN NASHVILLE POLICE DEPT,2015-0418816,Davidson,Nashville,5/4/2015 5:48:00 PM,2,0,0,36.082510,-86.727200,US HWY 31 ALT,,,,150.00,Feet,South,WELSHWOOD DR,,,,0.00,N,Not at Intersection,N,Non-Junction,None,,,         ,Clyde,Stambaugh,Clear,Angle,no,no,no,no,no,False
100828530,METROPOLITAN NASHVILLE POLICE DEPT,2015-0418723,Davidson,Not in City Limit,5/4/2015 6:00:00 PM,2,0,0,36.273970,-86.689400,MYATT DR,,,,678.00,Feet,North,ANDERSON LN,,,,0.00,N,Not at Intersection, ,,,,,         ,Sandra,Talavera,,,no,no,no,no,no,False
100828534,METROPOLITAN NASHVILLE POLICE DEPT,20150418103,Davidson,Nashville,5/4/2015 2:48:00 PM,2,0,0,36.176900,-86.776130,COWAN ST,,,,0.00,,,SPRING ST,,,,0.00,Y,Four-Way, ,Intersection,None,,,         ,Ethan,Luffman,Clear,Front to Rear,no,no,no,no,no,False
100828541,METROPOLITAN NASHVILLE POLICE DEPT,20150418565,Davidson,Nashville,5/4/2015 4:50:00 PM,2,1,0,36.145140,-86.751410,US HWY 41,,,,0.00,,,ELM HILL PIKE,,,,0.00,Y,T-Intersection,N,Intersection-Related,None,,,         ,Felipe,Pereira,Clear,"Sideswipe, Same Direction",no,no,no,no,no,False
100828542,METROPOLITAN NASHVILLE POLICE DEPT,20150418870,Davidson,Nashville,5/4/2015 6:14:00 PM,2,0,0,36.084510,-86.628330,BELL RD,,,,638.00,Feet,North,MOSSDALE DR,,,,0.00,N,Not at Intersection, ,Non-Junction,None,,,         ,Michael,Apsey,Clear,Front to Rear,no,no,no,no,no,False
100828543,METROPOLITAN NASHVILLE POLICE DEPT,20150418522,Davidson,Nashville,5/4/2015 4:46:00 PM,2,0,0,36.138090,-86.806090,BLAKEMORE AVE,,,,309.00,Feet,East,25TH AVE S,,,,0.00,N,Not at Intersection,N,Non-Junction,None,,,         ,Eric,Harvey,Clear,Front to Rear,no,no,no,no,no,Campus
100828569,METROPOLITAN NASHVILLE POLICE DEPT,20150418498,Davidson,Nashville,5/4/2015 2:56:00 PM,2,0,0,36.076980,-86.725790,EDMONDSON PIKE,,,,65.00,Feet,East,RAMP,,,,0.00,N,Not at Intersection,N,Non-Junction,None,,,         ,Jessie,Meadows,Clear,Front to Rear,no,no,no,no,yes,False
100828570,METROPOLITAN NASHVILLE POLICE DEPT,20150418699,Davidson,Nashville,5/4/2015 6:07:00 PM,1,0,0,36.069300,-86.703080,HAYWOOD LN,,,,125.00,Feet,North,LOCUSTWOOD DR,,,,0.00,N,Not at Intersection,N,Non-Junction,None,,,         ,Jessie,Meadows,Clear,Not Collision with Motor Vehicle in Transport,no,no,no,no,no,False
100828571,METROPOLITAN NASHVILLE POLICE DEPT,20150418449,Davidson,Nashville,5/4/2015 5:36:00 PM,2,0,0,36.058970,-86.716480,TUSCULUM RD,,,,46.00,Feet,East,RAMP,,,,0.00,N,Not at Intersection,N,Non-Junction,None,,,         ,Jessie,Meadows,Clear,Front to Rear,no,no,no,no,yes,False
100828572,METROPOLITAN NASHVILLE POLICE DEPT,20150418841,Davidson,Nashville,5/4/2015 6:59:00 PM,2,0,0,36.057590,-86.668260,MOUNT VIEW RD,,,,707.00,Feet,South,HICKORY HOLLOW PKWY,,,,0.00,N,Not at Intersection,N,Non-Junction,None,,,         ,Jessie,Meadows,Clear,HeadOn,no,no,no,no,no,False
100828573,METROPOLITAN NASHVILLE POLICE DEPT,20150418840,Davidson,Nashville,5/4/2015 7:38:00 PM,2,0,0,36.098830,-86.710450,I 24,,,,0.00,,,,,,,54.65,N,Not at Intersection,N,Non-Junction,None,,,         ,Jessie,Meadows,Clear,"Sideswipe, Same Direction",no,no,no,no,yes,False
100828574,METROPOLITAN NASHVILLE POLICE DEPT,20150419125,Davidson,Nashville,5/4/2015 8:54:00 PM,3,0,0,36.001770,-86.690070,ALTESSE WAY,,,,92.00,Feet,South,ROSSI RD,,,,0.00,N,Not at Intersection, ,Non-Junction,None,,,         ,Jessie,Meadows,Clear,Angle,no,no,no,no,no,False
100828579,METROPOLITAN NASHVILLE POLICE DEPT,20150413578,Davidson,Nashville,5/2/2015 9:10:00 PM,2,0,0,36.194470,-86.687920,GAYLORD DR,,,,0.00,,,,,,,0.00,,, ,Non-Junction,None,,,         ,Steven,Wiser,Clear,Rear to Side,no,no,no,yes,no,False
100828581,METROPOLITAN NASHVILLE POLICE DEPT,20150419625,Davidson,Nashville,5/4/2015 11:00:00 PM,2,2,0,36.174710,-86.614230,STATE HWY 265,,,,0.00,,,DODSON CHAPEL RD,,,,0.00,Y,Four-Way,Y,Non-Junction,None,,,         ,Chad,Mahoney,Clear,Angle,no,no,no,no,no,False
100828589,METROPOLITAN NASHVILLE POLICE DEPT,20150416392,Davidson,Nashville,5/4/2015 2:40:00 AM,1,1,0,36.059740,-86.704920,TUSCULUM RD,,,,0.00,,,,,,,0.00,,,N,Non-Junction,None,,,         ,Joshua,Vaughn,Clear,Not Collision with Motor Vehicle in Transport,no,no,no,no,no,False
100828591,METROPOLITAN NASHVILLE POLICE DEPT,20150407664,Davidson,Nashville,5/1/2015 12:05:00 AM,1,0,0,36.153030,-86.779360,US HWY 31,,,,0.00,,,CANNERY ROW,,,,0.00,Y,T-Intersection,Y,Intersection,None,,,         ,Carlos,angulo,Clear,Not Collision with Motor Vehicle in Transport,no,no,no,no,no,False
100828592,METROPOLITAN NASHVILLE POLICE DEPT,20150419645,Davidson,Nashville,5/4/2015 11:10:00 PM,2,0,0,36.160490,-86.778440,5TH AVE S,,,,0.00,,,US HWY 70,,,,0.00,Y,Four-Way, ,Non-Junction,None,,,         ,Carlos,angulo,Clear,"Sideswipe, Same Direction",no,no,no,no,no,False
100828602,METROPOLITAN NASHVILLE POLICE DEPT,20150419820,Davidson,Nashville,5/5/2015 12:25:00 AM,1,1,0,36.162320,-86.774390,US HWY 70,,,,0.00,,,1ST AVE N,,,,0.00,Y,T-Intersection,N,Non-Junction,None,,,         ,William,Thorowgood,Clear,Not Collision with Motor Vehicle in Transport,no,no,no,no,yes,False
100828610,METROPOLITAN NASHVILLE POLICE DEPT,20150411793,Davidson,Nashville,5/5/2015 2:42:00 AM,2,0,0,36.059870,-86.687590,CIMARRON WAY,,,,0.00,,,PANAMINT DR,,,,0.00,Y,Four-Way, ,Intersection,None,,,         ,Steven,Williams,Clear,Angle,no,no,no,no,yes,False
100828613,METROPOLITAN NASHVILLE POLICE DEPT,20150419923,Davidson,Nashville,5/5/2015 1:15:00 AM,2,0,0,36.168160,-86.757260,S 7TH ST,,,,0.00,,,SYLVAN ST,,,,0.00,Y,Four-Way,N,Non-Junction,None,,,         ,Eric,Hall,Clear,"Sideswipe, Same Direction",no,no,no,no,yes,False
100828635,METROPOLITAN NASHVILLE POLICE DEPT,20150420327,Davidson,Nashville,5/5/2015 5:27:00 AM,1,0,0,36.055490,-86.674910,I 24,,,,0.00,,,,,,,58.25,N,Not at Intersection, ,Non-Junction,None,,,         ,Steven,Williams,Clear,Not Collision with Motor Vehicle in Transport,no,no,no,no,no,False
100828637,METROPOLITAN NASHVILLE POLICE DEPT,15-0404777,Davidson,Nashville,4/30/2015 12:00:00 AM,2,0,0,36.112000,-86.762900,STATE HWY 155,,,,0.00,,,E IRIS DR,,,,0.00,Y,T-Intersection,N,Non-Junction,None,,,         ,Frank,Walker,Clear,Front to Rear,no,no,no,no,yes,False
100828638,METROPOLITAN NASHVILLE POLICE DEPT,20150414227,Davidson,Nashville,5/3/2015 3:10:00 AM,2,0,0,36.148290,-86.794800,18TH AVE S,,,,122.00,Feet,South,SOUTH ST,,,,0.00,N,Not at Intersection,N,Non-Junction,None,,,         ,Harris,Smith,Clear,Front to Rear,no,no,no,no,no,False
100828646,METROPOLITAN NASHVILLE POLICE DEPT,20150420382,Davidson,Nashville,5/5/2015 5:15:00 AM,1,0,0,36.229740,-86.840220,EXIT 21,,,,0.00,,,STATE HWY 155,,,,0.00,Y,OTHER, ,Non-Junction,None,,,         ,Robert,Buckman,Clear,Not Collision with Motor Vehicle in Transport,no,no,no,no,no,False
100828648,METROPOLITAN NASHVILLE POLICE DEPT,20150412648,Davidson,Nashville,5/2/2015 12:30:00 PM,2,1,0,36.170360,-86.768400,INTERSTATE DR,,,,0.00,,,WOODLAND ST,,,,0.00,Y,T-Intersection,N,Intersection,None,,,         ,Michael,Johnson,Clear,Angle,no,no,no,no,yes,False
100828669,METROPOLITAN NASHVILLE POLICE DEPT,2015-0420501,Davidson,Nashville,5/5/2015 7:10:00 AM,3,1,0,36.152810,-86.824680,US HWY 70,,,,147.00,Feet,West,33RD AVE N,,,,0.00,N,Not at Intersection,N,Non-Junction,None,,,         ,Curtis,Rich,Clear,Front to Rear,no,no,no,no,no,False
100828674,METROPOLITAN NASHVILLE POLICE DEPT,20150420478,Davidson,Nashville,5/5/2015 7:15:00 AM,2,1,0,36.166220,-86.765790,EXIT 49,,,,0.00,,,I 24,,,,0.00,Y,Four-Way,Y,Intersection,None,,,         ,Michael,Johnson,Clear,Angle,no,no,no,no,no,False
100828676,METROPOLITAN NASHVILLE POLICE DEPT,20150419382,Davidson,Nashville,5/4/2015 8:36:00 PM,2,0,0,36.110100,-86.922550,STATE HWY 251,,,,0.00,,,-- UNKNOWN RAMP/ROAD --,,,,0.00,Y,T-Intersection, ,Entrance/Exit Ramp Related,None,,,         ,Adam,Reese,Clear,Front to Rear,no,no,no,no,no,False
100828682,METROPOLITAN NASHVILLE POLICE DEPT,20150420473,Davidson,Nashville,5/5/2015 7:13:00 AM,2,0,0,36.074380,-86.831760,VINTAGE PL,,,,195.00,Feet,East,TYNE BLVD,,,,0.00,N,Not at Intersection, ,Non-Junction,None,,,         ,Samuel,Ruth,Clear,Front to Rear,no,no,no,no,no,False
100828683,METROPOLITAN NASHVILLE POLICE DEPT,20150420498,Davidson,Nashville,5/5/2015 7:15:00 AM,2,0,0,36.250780,-86.734240,S GRAYCROFT AVE,,,,431.00,Feet,South,FAIROAKS DR,,,,0.00,N,Not at Intersection,N,Non-Junction,None,,,         ,Brian,Otto,Clear,Front to Rear,no,no,no,no,no,False
100828693,METROPOLITAN NASHVILLE POLICE DEPT,2015-0417547,Davidson,Nashville,5/4/2015 12:00:00 AM,2,0,0,36.222520,-86.698510,MUSIC CITY CIR,,,,1237.00,Feet,West,MUSIC VALLEY DR,,,,0.00,N,Not at Intersection, ,Non-Junction,None,,,         ,Jeb,Johnston,Clear,Unknown,no,no,no,yes,yes,False
100828694,METROPOLITAN NASHVILLE POLICE DEPT,2015-0420434,Davidson,Nashville,5/5/2015 6:46:00 AM,2,2,0,36.069640,-86.694500,HAYWOOD LN,,,,170.00,Feet,West,EZELL RD,,,,0.00,N,Not at Intersection,N,Non-Junction,None,,,         ,William,Whitworth,Clear,Front to Rear,no,no,no,no,no,False
100828697,METROPOLITAN NASHVILLE POLICE DEPT,2015-0420658,Davidson,Nashville,5/5/2015 8:11:00 AM,2,0,0,36.052610,-86.894770,STATE HWY 254,,,,1107.00,Feet,West,W MINISTER DR,,,,0.00,N,Not at Intersection, ,Non-Junction,None,,,         ,Curtis,Rich,Clear,Front to Rear,no,no,no,no,no,False
100828698,METROPOLITAN NASHVILLE POLICE DEPT,20150420588,Davidson,Nashville,5/5/2015 8:00:00 AM,2,1,0,36.033480,-86.712950,US HWY 31 ALT,,,,0.00,,,BARNES RD,,,,0.00,Y,Four-Way,N,Non-Junction,None,,,         ,Kenneth,Alexandrow,Clear,Front to Rear,no,no,no,no,no,False
100828700,METROPOLITAN NASHVILLE POLICE DEPT,2015-0420460,Davidson,Nashville,5/5/2015 7:06:00 AM,2,0,0,36.044380,-86.661540,TARGET DR,,,,0.00,,,CANE RIDGE RD,,,,0.00,Y,T-Intersection, ,Intersection-Related,None,,,         ,Stanley,Collins,Clear,Angle,no,no,no,no,no,False
100828705,METROPOLITAN NASHVILLE POLICE DEPT,20150420467,Davidson,Nashville,5/5/2015 6:54:00 AM,2,0,0,36.252370,-86.739920,I 65,,,,0.00,,,,,,,91.40,N,Not at Intersection,N,Non-Junction,None,,,         ,Jordan,Lowry,Clear,"Sideswipe, Same Direction",no,no,no,no,no,False
100828717,METROPOLITAN NASHVILLE POLICE DEPT,2015-0420759,Davidson,Nashville,5/5/2015 8:00:00 AM,2,0,0,36.050550,-86.877430,STATE HWY 254,,,,220.00,Feet,West,CHICKERING RD,,,,0.00,N,Not at Intersection, ,Non-Junction,None,,,         ,Curtis,Rich,Clear,Front to Rear,no,no,no,no,no,False
100828719,METROPOLITAN NASHVILLE POLICE DEPT,2015-0416822,Davidson,Nashville,5/4/2015 7:12:00 AM,2,0,0,36.191040,-86.625440,US HWY 70,,,,309.00,Feet,South,BONNABROOK DR,,,,0.00,N,Not at Intersection, ,Non-Junction,None,,,         ,Jeb,Johnston,Clear,Front to Rear,no,no,no,no,no,False
100828726,METROPOLITAN NASHVILLE POLICE DEPT,20150420582,Davidson,Nashville,5/5/2015 7:30:00 AM,2,0,0,36.240100,-86.752710,I 65,,,,0.00,,,,,,,90.30,N,Not at Intersection, ,Non-Junction,Work Zone,,,         ,William,Coy,Clear,"Sideswipe, Same Direction",no,no,no,no,no,False