master_record_number,agency,agency_tracking_number,county,city,collision_date,vehicles_involved,number_injured,number_dead,latitude,longitude,roadway_name,roadway_suffix,roadway_number,roadway_local_id,distance_from_reference,miles-feet_indicator,direction_from_reference,intersection_road_name,intersection_road_name_suffix,intersection_road_number,intersection_local_id,mile_marker,intersection_indicator,intersect_type,interchange_related_indicator,relation_to_junction,work_zone_type,construction_maintenance_zone,construction_maintenance_zone_location,fatal_case_number,officer_first_name,officer_last_name,weather_condition(s),manner_of_crash,pedestrian,bicycle,scooter,parking,hitrun,mou
100828736,METROPOLITAN NASHVILLE POLICE DEPT,20150420661,Davidson,Nashville,5/5/2015 7:55:00 AM,2,0,0,36.107750,-86.795000,EXCELLA PL,,,,190.00,Feet,East,GRANNY WHITE PIKE,,,,0.00,N,Not at Intersection, ,Non-Junction,None,,,         ,James,Smith,Clear,Angle,no,no,no,no,no,False
100828740,METROPOLITAN NASHVILLE POLICE DEPT,20150420628,Davidson,Nashville,5/5/2015 8:08:00 AM,2,0,0,36.205960,-86.770160,US HWY 431,,,,250.00,Feet,East,LUCAS LN,,,,0.00,N,Not at Intersection, ,Non-Junction,None,,,         ,Michael,Watkins,Clear,Front to Rear,no,no,no,no,no,False
100828743,METROPOLITAN NASHVILLE POLICE DEPT,2015-0420797,Davidson,Nashville,5/5/2015 8:50:00 AM,1,0,0,36.157490,-86.629440,EXIT 219,,,,0.00,,,I 40,,,,0.00,Y,OTHER, ,Entrance/Exit Ramp Related,None,,,         ,William,Whitworth,Clear,Not Collision with Motor Vehicle in Transport,no,no,no,no,no,False
100828752,METROPOLITAN NASHVILLE POLICE DEPT,20150420650,Davidson,Not in City Limit,5/5/2015 8:00:00 AM,1,0,0,36.270560,-86.729870,N GRAYCROFT AVE,,,,318.00,Feet,North,WILLIAMS AVE,,,,0.00,N,Not at Intersection,N,Non-Junction,None,,,         ,Andrew,Ivey,Clear,Not Collision with Motor Vehicle in Transport,no,no,no,no,no,False
100828760,METROPOLITAN NASHVILLE POLICE DEPT,20150412754,Davidson,Nashville,5/2/2015 1:46:00 PM,2,1,0,36.152990,-86.795990,18TH AVE S,,,,0.00,,,18TH AVE N,,,,0.00,Y,Four-Way,N,Non-Junction,None,,,         ,Randal,Owsley,Clear,Other,no,no,no,no,no,False
100828761,METROPOLITAN NASHVILLE POLICE DEPT,20150420833,Davidson,Nashville,5/5/2015 9:18:00 AM,2,0,0,36.077900,-86.731180,STATE HWY 255,,,,114.00,Feet,East,MILNER DR,,,,0.00,N,Not at Intersection, ,"Driveway, Alley Access, etc",None,,,         ,Samuel,Ruth,Clear,Angle,no,no,no,no,no,False
100828762,METROPOLITAN NASHVILLE POLICE DEPT,2015-0420568,Davidson,Nashville,5/5/2015 7:45:00 AM,2,0,0,36.187540,-86.775310,I 24,,,,0.00,,,,,,,47.10,N,Not at Intersection,Y,Non-Junction,None,,,         ,Coleman,Womack,Clear,Front to Rear,no,no,no,no,no,False
100828768,METROPOLITAN NASHVILLE POLICE DEPT,2015-0420637,Davidson,Nashville,5/5/2015 8:10:00 AM,2,0,0,36.050020,-86.649500,MOUNT VIEW RD,,,,0.00,,,STATE HWY 254,,,,0.00,Y,Four-Way, ,Intersection,None,,,         ,John,Neely,Clear,Angle,no,no,no,no,no,False
100828775,METROPOLITAN NASHVILLE POLICE DEPT,20150420880,Davidson,Madison,5/5/2015 9:42:00 AM,3,1,0,36.262660,-86.712650,STATE HWY 45,,,,173.00,Feet,West,RAMP,,,,0.00,N,Not at Intersection,N,Non-Junction,None,,,         ,William,Coy,Clear,Angle,yes,no,no,yes,no,False
100828778,METROPOLITAN NASHVILLE POLICE DEPT,20150420451,Davidson,Nashville,5/5/2015 6:58:00 AM,3,1,0,36.159150,-86.797310,US HWY 70,,,,240.00,Feet,West,16TH AVE N,,,,0.00,N,Not at Intersection,N,Non-Junction,None,,,         ,Erik,Wagner,Clear,Front to Rear,no,no,no,no,no,False
100828782,METROPOLITAN NASHVILLE POLICE DEPT,20150420991,Davidson,Nashville,5/5/2015 10:20:00 AM,2,0,0,36.134230,-86.779040,WEDGEWOOD AVE,,,,0.00,,,US HWY 31,,,,0.00,Y,Four-Way, ,,None,,,         ,Charles,Cole,,,no,no,no,no,no,False
100828783,METROPOLITAN NASHVILLE POLICE DEPT,20150420858,Davidson,Nashville,5/5/2015 9:29:00 AM,3,0,0,36.141590,-86.776570,I 65,,,,0.00,,,,,,,81.90,N,Not at Intersection, ,Non-Junction,None,,,         ,Joshua,Dickall,Clear,Front to Rear,no,no,no,no,yes,False
100828785,METROPOLITAN NASHVILLE POLICE DEPT,20150420570,Davidson,Nashville,5/5/2015 7:40:00 AM,2,0,0,36.162900,-86.793660,I 40,,,,0.00,,,,,,,208.60,N,Not at Intersection, ,Non-Junction,None,,,         ,Randal,Owsley,Clear,Front to Rear,no,no,no,no,no,False
100828786,METROPOLITAN NASHVILLE POLICE DEPT,20150420978,Davidson,Madison,5/5/2015 9:50:00 AM,2,0,0,36.262240,-86.712190,US HWY 31E,,,,0.00,,,E OLD HICKORY BLVD,,,,0.00,Y,OTHER,N,Non-Junction,None,,,         ,Brian,Otto,Clear,Front to Rear,no,no,no,no,no,False
100828789,METROPOLITAN NASHVILLE POLICE DEPT,20150420822,Davidson,Nashville,5/5/2015 9:10:00 AM,2,0,0,36.161840,-86.779300,5TH AVE N,,,,0.00,,,COMMERCE ST,,,,0.00,Y,Four-Way, ,Intersection-Related,None,,,         ,Catherine,Poole,Clear,Front to Rear,no,no,no,no,no,False
100828790,METROPOLITAN NASHVILLE POLICE DEPT,20150421063,Davidson,Nashville,5/5/2015 10:35:00 AM,2,0,0,36.163820,-86.793830,I 40,,,,0.00,,,,,,,208.55,N,Not at Intersection, ,,None,,,         ,Nathan,Mayo,,,no,no,no,no,no,False
100828794,METROPOLITAN NASHVILLE POLICE DEPT,20150421142,Davidson,Nashville,5/5/2015 11:15:00 AM,2,0,0,36.086710,-86.691650,ANTIOCH PIKE,,,,302.00,Feet,South,STATE HWY 255,,,,0.00,N,Not at Intersection, ,"Driveway, Alley Access, etc",None,,,         ,Adam,Crutcher,Clear,Angle,no,no,no,no,no,False
100828796,METROPOLITAN NASHVILLE POLICE DEPT,20150420623,Davidson,Nashville,5/5/2015 8:00:00 AM,1,1,0,36.182500,-86.746840,STRATTON AVE,,,,0.00,,,N 12TH ST,,,,0.00,Y,Four-Way,N,Non-Junction,None,,,         ,Aaron,Wigginton,Clear,Not Collision with Motor Vehicle in Transport,no,yes,no,no,no,False
100828799,METROPOLITAN NASHVILLE POLICE DEPT,2015-0421231,Davidson,Nashville,5/5/2015 11:52:00 AM,2,0,0,36.130370,-86.900120,-- UNKNOWN RAMP/ROAD --,,,,0.00,,,I 40,,,,0.00,Y,T-Intersection, ,,None,,,         ,Curtis,Rich,,,no,no,no,no,no,False
100828803,METROPOLITAN NASHVILLE POLICE DEPT,20150420730,Davidson,Nashville,5/5/2015 7:46:00 AM,2,0,0,36.163320,-86.793810,EXIT 209,,,,0.00,,,I 40,,,,0.00,Y,OTHER,N,Entrance/Exit Ramp Related,None,,,         ,Randal,Owsley,Clear,"Sideswipe, Same Direction",no,no,no,no,yes,False
100828806,METROPOLITAN NASHVILLE POLICE DEPT,20150420960,Davidson,Nashville,5/5/2015 10:00:00 AM,2,0,0,36.140560,-86.722490,I 40,,,,0.00,,,,,,,213.50,N,Not at Intersection, ,Non-Junction,None,,,         ,Johnny,Crumby Jr.,Clear,"Sideswipe, Same Direction",no,no,no,no,no,False
100828813,METROPOLITAN NASHVILLE POLICE DEPT,20150418354,Davidson,Nashville,5/4/2015 4:00:00 PM,2,0,0,36.218740,-86.751280,HART LN,,,,0.00,,,,,,,0.00,,,N,Non-Junction,None,,,         ,clifton,huffmaster,Clear,"Sideswipe, Same Direction",no,no,no,yes,no,False
100828814,METROPOLITAN NASHVILLE POLICE DEPT,20150420926,Davidson,Nashville,5/5/2015 10:00:00 AM,2,0,0,36.206620,-86.777900,BRICK CHURCH PIKE,,,,5.00,Feet,North,US HWY 431,,,,0.00,N,Not at Intersection, ,,,,,         ,Ernie,Wilson,,,no,no,no,no,no,False
100828815,METROPOLITAN NASHVILLE POLICE DEPT,20150420755,Davidson,Nashville,5/5/2015 8:30:00 AM,2,0,0,36.148330,-86.779750,I 40,,,,0.00,,,,,,,209.85,N,Not at Intersection, ,,None,,,         ,Greg,Lyons,,,no,no,no,no,no,False
100828817,GOODLETTSVILLE POLICE DEPT,15-17302,Davidson,Goodlettsville,5/5/2015 11:30:00 AM,2,0,0,36.326280,-86.700490,STATE HWY 174,,,,0.00,,,NORTHCREEK BLVD,,,,0.00,Y,T-Intersection,Y,Intersection-Related,None,,,         ,Michael,Dorris,Clear,Front to Rear,no,no,no,no,yes,False
100828827,METROPOLITAN NASHVILLE POLICE DEPT,2015-0421435,Davidson,Nashville,5/5/2015 12:55:00 PM,2,0,0,36.162070,-86.860660,MORROW RD,,,,0.00,,,MARILYN RD,,,,0.00,Y,T-Intersection,N,Intersection,None,,,         ,Curtis,Rich,Clear,Angle,no,no,no,no,no,False
100828830,METROPOLITAN NASHVILLE POLICE DEPT,20150417242,Davidson,Nashville,5/4/2015 9:50:00 AM,2,0,0,36.190750,-86.810890,14TH AVE N,,,,210.00,Feet,North,KELLOW ST,,,,0.00,N,Not at Intersection,N,Non-Junction,None,,,         ,Darryl,Morton,Clear,"Sideswipe, Opposite Direction",no,no,no,no,yes,False
100828833,METROPOLITAN NASHVILLE POLICE DEPT,20150420457,Davidson,Nashville,5/5/2015 7:05:00 AM,2,1,0,36.082020,-86.758250,TROUSDALE DR,,,,84.00,Feet,North,RAMP,,,,0.00,N,Not at Intersection,N,Non-Junction,None,,,         ,Phillip,Murphy,Clear,Angle,no,no,no,no,no,False
100828837,METROPOLITAN NASHVILLE POLICE DEPT,2015-0421219,Davidson,Nashville,5/5/2015 11:45:00 AM,2,0,0,36.209110,-86.775810,-- UNKNOWN RAMP/ROAD --,,,,0.00,,,I 65,,,,0.00,Y,OTHER,Y,Entrance/Exit Ramp Related,Construction Zone,Lane Shift-Crossover,Activity Area,         ,Coleman,Womack,Clear,"Sideswipe, Same Direction",no,no,no,no,no,False
100828840,METROPOLITAN NASHVILLE POLICE DEPT,20150421278,Davidson,Nashville,5/5/2015 12:02:00 PM,1,0,0,36.054510,-86.724500,MCMURRAY DR,,,,239.00,Feet,West,LEATH DR,,,,0.00,N,Not at Intersection,N,Non-Junction,None,,,         ,Michael,Russell,Clear,Not Collision with Motor Vehicle in Transport,no,no,no,no,no,False
100828841,METROPOLITAN NASHVILLE POLICE DEPT,20150419095,Davidson,Nashville,5/4/2015 8:05:00 PM,1,1,0,36.151900,-86.859350,I 40,,,,0.00,,,,,,,203.90,N,Not at Intersection,N,Non-Junction,None,,,         ,Jeremy,Huffine,Clear,Not Collision with Motor Vehicle in Transport,no,no,no,no,no,False
100828842,METROPOLITAN NASHVILLE POLICE DEPT,20150421204,Davidson,Nashville,5/5/2015 11:30:00 AM,2,0,0,36.152710,-86.756350,GREEN ST,,,,0.00,,,FAIRFIELD AVE,,,,0.00,Y,Four-Way, ,Intersection-Related,None,,,         ,Codey,Mullins,Clear,Front to Rear,no,no,no,no,no,False
100828845,METROPOLITAN NASHVILLE POLICE DEPT,2015-0421356,Davidson,Nashville,5/5/2015 12:24:00 PM,2,0,0,36.114030,-86.836820,ESTES RD,,,,0.00,,,AUBURN LN,,,,0.00,Y,T-Intersection,N,Intersection-Related,None,,,         ,Walter,Gray II,Clear,Front to Rear,no,no,no,no,no,False
100828850,METROPOLITAN NASHVILLE POLICE DEPT,20150420523,Davidson,Nashville,5/5/2015 7:32:00 AM,2,1,0,36.040250,-86.744950,STATE HWY 254,,,,439.00,Feet,West,EDMONDSON PIKE,,,,0.00,N,Not at Intersection,N,Non-Junction,None,,,         ,Phillip,Murphy,Clear,Front to Rear,no,no,no,no,no,False
100828852,METROPOLITAN NASHVILLE POLICE DEPT,2015-0419290,Davidson,Nashville,5/4/2015 8:30:00 PM,2,0,0,36.123850,-86.826550,BOWLING AVE,,,,0.00,Feet,,WOODLAWN DR,,,,0.00,Y,Four-Way,N,Intersection,None,,,         ,Christopher,Clark,Clear,Front to Rear,no,no,no,no,no,False
100828855,BERRY HILL POLICE DEPT,15-1753,Davidson,Berry Hill,5/4/2015 12:38:00 PM,2,0,0,36.127750,-86.777650,US HWY 31,,,,114.00,Feet,North,MELPARK DR,,,,0.00,N,Not at Intersection, ,Non-Junction,None,,,         ,Ray,Ferguson,Clear,Rear to Side,no,no,no,yes,yes,False
100828866,METROPOLITAN NASHVILLE POLICE DEPT,2015-0421223,Davidson,Nashville,5/5/2015 11:45:00 AM,1,0,0,36.190090,-86.772930,US HWY 31W,,,,0.00,,,EVANSTON AVE,,,,0.00,Y,T-Intersection, ,Intersection-Related,None,,,         ,Kenneth,Bray,Clear,Not Collision with Motor Vehicle in Transport,no,no,no,no,no,False
100828867,METROPOLITAN NASHVILLE POLICE DEPT,20150421206,Davidson,Nashville,5/5/2015 11:30:00 AM,2,0,0,36.232050,-86.781500,BRICK CHURCH PIKE,,,,166.00,Feet,North,EWING DR,,,,0.00,N,Not at Intersection, ,Non-Junction,None,,,         ,Jordan,Lowry,Clear,Angle,no,no,no,no,no,False
100828868,METROPOLITAN NASHVILLE POLICE DEPT,20150421171,Davidson,Nashville,5/5/2015 11:30:00 AM,1,1,0,36.152700,-86.756240,GREEN ST,,,,33.00,Feet,East,FAIRFIELD AVE,,,,0.00,N,Not at Intersection,N,Non-Junction,None,,,         ,James,Curtis,Clear,Not Collision with Motor Vehicle in Transport,no,no,no,no,no,False
100828874,METROPOLITAN NASHVILLE POLICE DEPT,20150419565,Davidson,Nashville,5/4/2015 10:23:00 PM,2,1,0,36.105480,-86.772760,CALDWELL LN,,,,0.00,,,US HWY 31,,,,0.00,Y,T-Intersection,N,Intersection-Related,None,,,         ,Tien,Nguyen,Clear,Angle,no,no,no,no,yes,False
100828875,METROPOLITAN NASHVILLE POLICE DEPT,20150421698,Davidson,Nashville,5/5/2015 2:10:00 PM,2,1,0,36.064760,-86.628450,HAMILTON CHURCH RD,,,,0.00,,,US HWY 41,,,,0.00,Y,Four-Way,N,Intersection,None,,,         ,Kenneth,Alexandrow,Clear,Front to Rear,no,no,no,no,no,False
100828885,METROPOLITAN NASHVILLE POLICE DEPT,20150420420,Davidson,Madison,5/5/2015 6:33:00 AM,2,1,0,36.236650,-86.724540,RAMP,,,,0.00,,,GALLATIN PIKE S,,,,0.00,Y,T-Intersection,N,Entrance/Exit Ramp Related,None,,,         ,David,Boone,Clear,Angle,no,no,no,no,no,False
100828892,BELLE MEADE POLICE DEPT,15-0114,Davidson,Belle Meade,5/4/2015 8:45:00 PM,1,0,0,36.073200,-86.862540,CHICKERING LN,,,,887.00,Feet,South,CHICKERING RD,,,,0.00,N,Not at Intersection,N,Non-Junction,None,,,         ,Dale,Corter,Clear,Not Collision with Motor Vehicle in Transport,no,no,no,no,no,False
100828908,METROPOLITAN NASHVILLE POLICE DEPT,2015-0421761,Davidson,Nashville,5/5/2015 2:46:00 PM,2,0,0,36.128560,-86.842010,US HWY 70S,,,,655.00,Feet,East,BOSLEY SPRINGS RD,,,,0.00,N,Not at Intersection, ,Non-Junction,None,,,         ,Walter,Gray II,Clear,Front to Rear,no,no,no,no,no,False
100828912,METROPOLITAN NASHVILLE POLICE DEPT,20150421792,Davidson,Nashville,5/5/2015 2:36:00 PM,2,0,0,36.093360,-86.759420,SIDCO DR,,,,246.00,Feet,West,RAMP,,,,0.00,N,Not at Intersection, ,Non-Junction,None,,,         ,Mekisha,Page,Clear,Angle,no,no,no,no,no,False
100828922,GOODLETTSVILLE POLICE DEPT,15-17323,Davidson,Goodlettsville,5/5/2015 1:58:00 PM,2,0,0,36.297324,-86.712990,HARDAWAY,DR,,,0.00,,,ALTA LOMA,RD,,,0.00,Y,T-Intersection, ,Intersection-Related,None,,,         ,Charles,Hauskin,Clear,"Sideswipe, Opposite Direction",no,no,no,no,no,False
100828927,METROPOLITAN NASHVILLE POLICE DEPT,20150421808,Davidson,Nashville,5/5/2015 2:58:00 PM,2,0,0,36.122010,-86.844890,STATE HWY 155,,,,5.00,Feet,North,NICHOLS CT,,,,0.00,N,Not at Intersection, ,Non-Junction,None,,,         ,Michael,Hunnicutt,Clear,Front to Rear,no,no,no,no,no,False
100828933,GOODLETTSVILLE POLICE DEPT,15-17322,Davidson,Goodlettsville,5/5/2015 1:55:00 PM,2,3,0,36.294350,-86.729430,,,US31,,942.00,Feet,South,ROBERT CARTWRIGHT,,,,0.00,N,Not at Intersection,N,Non-Junction,None,,,         ,Benny,Alexander,Clear,Front to Rear,no,no,no,no,no,False
100828934,METROPOLITAN NASHVILLE POLICE DEPT,20150422018,Davidson,Nashville,5/5/2015 3:52:00 PM,2,0,0,36.147880,-86.806460,US HWY 70S,,,,0.00,,,24TH AVE S,,,,0.00,Y,Four-Way, ,,None,,,         ,Charles,Griffin,,,no,no,no,no,no,Campus
100828935,METROPOLITAN NASHVILLE POLICE DEPT,20150421799,Davidson,Nashville,5/5/2015 2:15:00 PM,2,0,0,36.256150,-86.714370,NEELYS BEND RD,,,,0.00,,,US HWY 31E,,,,0.00,Y,T-Intersection, ,,None,,,         ,Lawrence,Lacy,,,no,no,no,no,no,False
100828948,METROPOLITAN NASHVILLE POLICE DEPT,20150421929,Davidson,Nashville,5/5/2015 3:30:00 PM,2,1,0,36.070200,-86.690270,I 24,,,,0.00,,,,,,,56.95,N,Not at Intersection,N,Entrance/Exit Ramp Related,None,,,         ,William,Durham,Clear,Front to Rear,no,no,no,no,yes,False
100828949,METROPOLITAN NASHVILLE POLICE DEPT,20150421948,Davidson,Nashville,5/5/2015 3:20:00 PM,2,0,0,36.160960,-86.793220,I 40,,,,0.00,,,,,,,208.70,N,Not at Intersection, ,Non-Junction,None,,,         ,Eric,Harvey,Clear,Front to Rear,no,no,no,no,no,False
100828950,METROPOLITAN NASHVILLE POLICE DEPT,20150422055,Davidson,Nashville,5/5/2015 4:00:00 PM,2,0,0,36.145130,-86.777450,I 65,,,,0.00,,,,,,,82.15,N,Not at Intersection, ,,None,,,         ,Eric,Harvey,,,no,no,no,no,no,False
100828951,METROPOLITAN NASHVILLE POLICE DEPT,20150421811,Davidson,Nashville,5/5/2015 2:57:00 PM,3,2,0,36.144930,-86.766650,US HWY 31 ALT,,,,0.00,,,CHESTNUT ST,,,,0.00,Y,Four-Way,N,Intersection-Related,None,,,         ,Tien,Nguyen,Clear,Angle,no,no,no,no,no,False
100828954,Nashville Airport Police,2015-00923,Davidson,Nashville,5/4/2015 1:58:00 PM,2,1,0,36.138690,-86.665420,STATE HWY 255,,,,0.00,,,CONNECTING ROAD,,,,0.00,Y,OTHER,N,OtherLocation,None,,,         ,Sean,Brockman,Cloudy,Front to Rear,no,no,no,no,no,False
100828964,METROPOLITAN NASHVILLE POLICE DEPT,2015-0422048,Davidson,Nashville,5/5/2015 3:23:00 PM,2,0,0,36.051360,-86.884940,STATE HWY 254,,,,171.00,Feet,East,EDINBURGH DR,,,,0.00,N,Not at Intersection, ,Non-Junction,None,,,         ,Walter,Gray II,Clear,Front to Rear,no,no,no,no,no,False
100828965,METROPOLITAN NASHVILLE POLICE DEPT,2015-0421754,Davidson,Nashville,5/5/2015 2:24:00 PM,2,0,0,36.039390,-86.781760,STATE HWY 254,,,,250.00,Feet,West,RAMP,,,,0.00,N,Not at Intersection,N,Non-Junction,None,,,         ,William,King,Clear,Front to Rear,no,no,no,no,no,False
100828967,METROPOLITAN NASHVILLE POLICE DEPT,20150422132,Davidson,Nashville,5/5/2015 4:27:00 PM,2,0,0,36.168390,-86.687610,RAMP,,,,60.00,Feet,South,US HWY 70,,,,0.00,N,Not at Intersection,N,Non-Junction,None,,,         ,Jiyayi,Suleyman,Clear,Front to Rear,no,no,no,no,no,False
100828971,METROPOLITAN NASHVILLE POLICE DEPT,20150422213,Davidson,Nashville,5/5/2015 4:48:00 PM,3,0,0,36.081190,-86.715130,HUMBER DR,,,,0.00,,,STATE HWY 255,,,,0.00,Y,T-Intersection, ,Non-Junction,None,,,         ,Daniel,Cayton,Clear,Front to Rear,no,no,no,no,no,False
100828975,METROPOLITAN NASHVILLE POLICE DEPT,20150422008,Davidson,Nashville,5/5/2015 3:52:00 PM,2,2,0,36.107040,-86.629770,BELL RD,,,,39.00,Feet,South,NED SHELTON RD,,,,0.00,N,Not at Intersection,N,Non-Junction,None,,,         ,David,Abbott,Clear,Angle,no,no,no,no,no,False
100828980,METROPOLITAN NASHVILLE POLICE DEPT,20150422344,Davidson,Nashville,5/5/2015 4:50:00 PM,2,0,0,36.143400,-86.737630,I 40,,,,0.00,,,,,,,212.65,N,Not at Intersection, ,Non-Junction,None,,,         ,Jiyayi,Suleyman,Clear,Front to Rear,no,no,no,no,no,False
100828985,METROPOLITAN NASHVILLE POLICE DEPT,20150422222,Davidson,Nashville,5/5/2015 4:20:00 PM,2,0,0,36.037580,-86.793530,STATE HWY 254,,,,50.00,Feet,West,HILLVIEW DR,,,,0.00,N,Not at Intersection,N,Non-Junction,None,,,         ,Eric,Burford,Clear,Front to Rear,no,no,no,no,yes,False
100828987,METROPOLITAN NASHVILLE POLICE DEPT,20150422301,Davidson,Nashville,5/5/2015 5:07:00 PM,2,0,0,36.155640,-86.789710,14TH AVE,,,,0.00,,,US HWY 70,,,,0.00,Y,Four-Way, ,Intersection-Related,None,,,         ,Tien,Nguyen,Clear,"Sideswipe, Same Direction",no,no,no,no,no,False
100828988,METROPOLITAN NASHVILLE POLICE DEPT,20150422405,Davidson,Nashville,5/5/2015 5:37:00 PM,2,0,0,36.155640,-86.789710,14TH AVE,,,,0.00,,,US HWY 70,,,,0.00,Y,Four-Way, ,Intersection-Related,None,,,         ,Tien,Nguyen,Clear,Front to Rear,no,no,no,no,no,False
100828990,METROPOLITAN NASHVILLE POLICE DEPT,20150422177,Davidson,Antioch,5/5/2015 3:51:00 PM,2,0,0,36.018650,-86.625430,I 24,,,,0.00,,,,,,,62.20,N,Not at Intersection,N,Non-Junction,None,,,         ,William,Durham,Clear,Front to Rear,no,no,no,no,yes,False
100828996,METROPOLITAN NASHVILLE POLICE DEPT,20150422106,Davidson,Nashville,5/5/2015 4:09:00 PM,2,0,0,36.151670,-86.789500,DIVISION ST,,,,0.00,,,MUSIC CIR E,,,,0.00,Y,T-Intersection,N,Non-Junction,None,,,         ,Mekisha,Page,Clear,Front to Rear,no,no,no,no,no,False
100828997,METROPOLITAN NASHVILLE POLICE DEPT,20150422438,Davidson,Antioch,5/5/2015 5:47:00 PM,2,1,0,36.060210,-86.601400,HAMILTON CHURCH RD,,,,1241.00,Feet,West,STATE HWY 171,,,,0.00,N,Not at Intersection,N,Non-Junction,None,,,         ,William,Durham,Clear,"Sideswipe, Opposite Direction",no,no,no,no,yes,False
100829002,METROPOLITAN NASHVILLE POLICE DEPT,20150422255,Davidson,Nashville,5/5/2015 4:54:00 PM,1,1,0,36.087170,-86.729860,ELYSIAN FIELDS CT,,,,145.00,Feet,East,US HWY 31 ALT,,,,0.00,N,Not at Intersection,N,SharedUsePathOrTrail,None,,,         ,Joseph,Progar,Clear,Not Collision with Motor Vehicle in Transport,yes,no,no,no,no,False
100829003,METROPOLITAN NASHVILLE POLICE DEPT,20150418875,Davidson,Nashville,5/4/2015 6:56:00 PM,2,1,0,36.064010,-86.627640,US HWY 41,,,,362.00,Feet,South,HAMILTON CHURCH RD,,,,0.00,N,Not at Intersection,N,Non-Junction,None,,,         ,Joseph,Progar,Clear,Angle,no,no,no,no,no,False
100829004,METROPOLITAN NASHVILLE POLICE DEPT,2015-0422256,Davidson,Nashville,5/5/2015 4:55:00 PM,2,1,0,36.155030,-86.834550,40TH AVE N,,,,0.00,Feet,,DELAWARE AVE,,,,0.00,Y,Four-Way,N,Intersection,None,,,         ,Christopher,Clark,Clear,Angle,no,no,no,no,no,False
100829023,METROPOLITAN NASHVILLE POLICE DEPT,20150422369,Davidson,Nashville,5/5/2015 5:27:00 PM,2,0,0,36.149670,-86.779220,US HWY 31,,,,0.00,,,DIVISION ST,,,,0.00,Y,Four-Way, ,Intersection-Related,None,,,         ,Blaze,Williams,Clear,Front to Rear,no,no,no,no,no,False
100829024,METROPOLITAN NASHVILLE POLICE DEPT,20150422485,Davidson,Nashville,5/5/2015 5:41:00 PM,2,0,0,36.255630,-86.714680,US HWY 31E,,,,209.00,Feet,South,NEELYS BEND RD,,,,0.00,N,Not at Intersection, ,Non-Junction,None,,,         ,Lawrence,Lacy,Clear,Front to Rear,no,no,no,no,no,False
100829026,METROPOLITAN NASHVILLE POLICE DEPT,20150422550,Davidson,Nashville,5/5/2015 6:05:00 PM,2,0,0,36.118790,-86.796150,CLAYTON AVE,,,,0.00,,,BELMONT BLVD,,,,0.00,Y,T-Intersection, ,Intersection-Related,None,,,         ,Tien,Nguyen,Clear,Front to Rear,no,no,no,no,no,False
100829030,METROPOLITAN NASHVILLE POLICE DEPT,20150422383,Davidson,Nashville,5/5/2015 5:04:00 PM,2,0,0,36.113970,-86.810880,STATE HWY 155,,,,0.00,,,US HWY 431,,,,0.00,Y,Four-Way, ,Intersection,None,,,         ,Mekisha,Page,Clear,Angle,no,no,no,no,no,False
100829039,VANDERBILT UNIVERSITY POLICE,15-4222833,Davidson,Nashville,5/5/2015 5:00:00 PM,3,0,0,36.141030,-86.800300,US HWY 431,,,,350.00,Feet,East,MEDICAL CENTER DR,,,,0.00,N,Not at Intersection, ,Non-Junction,None,,,         ,Donald,Dennis,Clear,Front to Rear,no,no,no,no,no,Campus
100829042,METROPOLITAN NASHVILLE POLICE DEPT,20150422641,Davidson,Antioch,5/5/2015 4:38:00 PM,2,0,0,36.014720,-86.620360,STATE HWY 171,,,,161.00,Feet,South,-- UNKNOWN RAMP/ROAD --,,,,0.00,N,Not at Intersection, ,Non-Junction,None,,,         ,William,Durham,Clear,Front to Rear,no,no,no,no,no,False
100829047,VANDERBILT UNIVERSITY POLICE,15-0421783,Davidson,Nashville,5/5/2015 12:00:00 AM,2,0,0,36.139050,-86.804560,CHILDRENS WAY,,,,212.00,Feet,East,24TH AVE S,,,,0.00,N,Not at Intersection, ,Non-Junction,None,,,         ,Jonathan,McAllister,Clear,Unknown,no,no,no,yes,yes,Campus
100829052,METROPOLITAN NASHVILLE POLICE DEPT,20150422529,Davidson,Nashville,5/5/2015 4:22:00 PM,2,3,0,36.075020,-86.662520,UNA ANTIOCH PIKE,,,,0.00,,,BILLINGSGATE RD,,,,0.00,Y,T-Intersection,N,Intersection,None,,,         ,Oscar,Gomez,Clear,Front to Rear,no,no,no,no,no,False
100829053,METROPOLITAN NASHVILLE POLICE DEPT,20150422052,Davidson,Nashville,5/5/2015 4:09:00 PM,3,0,0,36.162050,-86.777850,4TH AVE N,,,,142.00,Feet,South,COMMERCE ST,,,,0.00,N,Not at Intersection, ,Non-Junction,None,,,         ,Michael,Schlegel,Clear,Angle,no,no,no,no,no,False
100829054,METROPOLITAN NASHVILLE POLICE DEPT,20150422492,Davidson,Nashville,5/5/2015 5:50:00 PM,2,0,0,36.167640,-86.663240,US HWY 70,,,,0.00,,,STATE HWY 255,,,,0.00,Y,T-Intersection, ,Intersection-Related,None,,,         ,Felipe,Pereira,Clear,Front to Rear,no,no,no,no,no,False
100829067,GOODLETTSVILLE POLICE DEPT,15-17343,Davidson,Goodlettsville,5/5/2015 5:26:00 PM,3,0,0,36.311907,-86.679411,VIETNAM VETERANS,BLVD,SR386,,0.30,Miles,East,,,SR386,EXIT 2,2.00,N,Not at Intersection, ,Non-Junction,None,,,         ,Charles,Hauskin,Clear,Front to Rear,no,no,no,no,no,False