master_record_number,agency,agency_tracking_number,county,city,collision_date,vehicles_involved,number_injured,number_dead,latitude,longitude,roadway_name,roadway_suffix,roadway_number,roadway_local_id,distance_from_reference,miles-feet_indicator,direction_from_reference,intersection_road_name,intersection_road_name_suffix,intersection_road_number,intersection_local_id,mile_marker,intersection_indicator,intersect_type,interchange_related_indicator,relation_to_junction,work_zone_type,construction_maintenance_zone,construction_maintenance_zone_location,fatal_case_number,officer_first_name,officer_last_name,weather_condition(s),manner_of_crash,pedestrian,bicycle,scooter,parking,hitrun,mou
100830490,METROPOLITAN NASHVILLE POLICE DEPT,2015-0433059,Davidson,Nashville,5/8/2015 9:10:00 AM,2,0,0,36.173780,-86.762840,MAIN ST,,,,0.00,,,N 6TH ST,,,,0.00,Y,Four-Way, ,Intersection,None,,,         ,Coleman,Womack,Clear,Front to Rear,no,no,no,no,no,False
100830498,METROPOLITAN NASHVILLE POLICE DEPT,20150433260,Davidson,Nashville,5/8/2015 9:55:00 AM,2,0,0,36.081970,-86.761350,-- UNKNOWN RAMP/ROAD --,,,,0.00,,,STATE HWY 255,,,,0.00,Y,Four-Way,N,Entrance/Exit Ramp Related,None,,,         ,Marc,Haugen,Clear,Front to Rear,no,no,no,no,yes,False
100830510,METROPOLITAN NASHVILLE POLICE DEPT,20150433232,Davidson,Nashville,5/8/2015 10:00:00 AM,2,0,0,36.151170,-86.801750,21ST AVE N,,,,112.00,Feet,South,HAYES ST,,,,0.00,N,Not at Intersection, ,"Driveway, Alley Access, etc",Construction Zone,,,         ,Darrell,Osment,Clear,Angle,no,no,no,no,no,Campus
100830515,METROPOLITAN NASHVILLE POLICE DEPT,2015-0432962,Davidson,Nashville,5/8/2015 8:28:00 AM,2,0,0,36.174530,-86.760930,S 7TH ST,,,,0.00,,,MAIN ST,,,,0.00,Y,Four-Way,N,Intersection,None,,,         ,Doyle,Price,Clear,Angle,no,no,no,no,no,False
100830520,METROPOLITAN NASHVILLE POLICE DEPT,20150432726,Davidson,Antioch,5/8/2015 7:10:00 AM,3,0,0,36.025940,-86.587930,US HWY 41,,,,233.00,Feet,South,HICKORY WOODS DR,,,,0.00,N,Not at Intersection, ,Non-Junction,None,,,         ,David,Simmonds,Clear,Front to Rear,no,no,no,no,no,False
100830524,METROPOLITAN NASHVILLE POLICE DEPT,20150433460,Davidson,Nashville,5/8/2015 11:10:00 AM,2,0,0,36.110920,-86.745200,STATE HWY 155,,,,0.00,,,US HWY 31 ALT,,,,0.00,Y,Four-Way,N,Intersection-Related,None,,,         ,Christopher,Hanor,Clear,Angle,no,no,no,no,yes,False
100830525,METROPOLITAN NASHVILLE POLICE DEPT,2015-0433142,Davidson,Nashville,5/8/2015 9:45:00 AM,2,0,0,36.231080,-86.724960,GALLATIN PIKE,,,,0.00,,,SOLLEY DR,,,,0.00,Y,Four-Way, ,Intersection,None,,,         ,Coleman,Womack,Clear,Front to Rear,no,no,no,no,no,False
100830527,METROPOLITAN NASHVILLE POLICE DEPT,20150433536,Davidson,Nashville,5/8/2015 12:03:00 PM,2,0,0,36.134630,-86.783070,WEDGEWOOD AVE,,,,285.00,Feet,East,HILLSIDE AVE,,,,0.00,N,Not at Intersection, ,,None,,,         ,Nathan,Kemp,,,no,no,no,no,no,False
100830528,METROPOLITAN NASHVILLE POLICE DEPT,20150433398,Davidson,Nashville,5/8/2015 11:07:00 AM,2,0,0,36.140630,-86.725150,I 40,,,,0.00,,,,,,,213.40,N,Not at Intersection, ,,None,,,         ,James,Curtis,,,no,no,no,no,no,False
100830532,METROPOLITAN NASHVILLE POLICE DEPT,20150433530,Davidson,Nashville,5/8/2015 11:16:00 AM,2,0,0,36.142980,-86.736420,I 40,,,,0.00,,,,,,,212.70,N,Not at Intersection, ,Non-Junction,None,,,         ,Larry,Benz,Clear,Front to Rear,no,no,no,no,no,False
100830535,METROPOLITAN NASHVILLE POLICE DEPT,20150433306,Davidson,Nashville,5/8/2015 10:40:00 AM,2,0,0,36.143760,-86.730420,ARLINGTON AVE,,,,0.00,Feet,,ELM HILL PIKE,,,,0.00,Y,T-Intersection,N,Intersection,None,,,         ,Cassandra,Del Bosco,Clear,Angle,no,no,no,no,no,False
100830541,METROPOLITAN NASHVILLE POLICE DEPT,20150433426,Davidson,Nashville,5/8/2015 11:22:00 AM,2,1,0,36.221620,-86.837420,US HWY 41 ALT,,,,0.00,,,FAIRMEADE DR,,,,0.00,Y,T-Intersection,N,Intersection,None,,,         ,Ryan,Caulfield,Clear,Front to Rear,no,no,no,no,no,False
100830543,METROPOLITAN NASHVILLE POLICE DEPT,20150433648,Davidson,Nashville,5/8/2015 11:58:00 AM,2,0,0,36.121560,-86.750640,-- UNKNOWN RAMP/ROAD --,,,,0.00,Feet,East,US HWY 31 ALT,,,,0.00,N,Not at Intersection, ,,None,,,         ,Nathan,Kemp,,,no,no,no,no,no,False
100830545,METROPOLITAN NASHVILLE POLICE DEPT,20150433610,Davidson,Nashville,5/8/2015 12:30:00 PM,2,0,0,36.109650,-86.728560,RAMP,,,,0.00,,,STATE HWY 155,,,,0.00,Y,OTHER, ,,,,,         ,Christopher,Hanor,,,no,no,no,no,no,False
100830549,METROPOLITAN NASHVILLE POLICE DEPT,2015-0429718,Davidson,Nashville,5/7/2015 1:20:00 PM,2,0,0,36.135160,-86.778960,US HWY 31,,,,339.00,Feet,North,WEDGEWOOD AVE,,,,0.00,N,Not at Intersection,N,Non-Junction,None,,,         ,David,Barras,Clear,"Sideswipe, Same Direction",no,no,no,no,no,False
100830569,METROPOLITAN NASHVILLE POLICE DEPT,20150432970,Davidson,Nashville,5/8/2015 9:20:00 AM,2,1,0,36.240310,-86.785430,EXIT 18A,,,,0.00,,,I 24,,,,0.00,Y,OTHER,N,Entrance/Exit Ramp Related,None,,,         ,Jeffery,Burnette,Cloudy,Front to Rear,no,no,no,no,no,False
100830580,METROPOLITAN NASHVILLE POLICE DEPT,2015-0433058,Davidson,Nashville,5/8/2015 9:20:00 AM,2,0,0,36.089140,-86.656000,OLIVE CIR,,,,107.00,Feet,West,STORMLIGHT CT N,,,,0.00,N,Not at Intersection, ,Non-Junction,None,,,         ,William,Whitworth,Clear,"Sideswipe, Same Direction",no,no,no,no,no,False
100830581,METROPOLITAN NASHVILLE POLICE DEPT,2015-0433221,Davidson,Nashville,5/8/2015 10:10:00 AM,4,4,0,36.135180,-86.726930,I 24,,,,0.00,Feet,East,EXIT 52,,,,0.00,N,Not at Intersection,Y,Non-Junction,None,,,         ,William,Whitworth,Clear,Front to Rear,no,no,no,no,no,False
100830582,METROPOLITAN NASHVILLE POLICE DEPT,20150433799,Davidson,Nashville,5/8/2015 1:24:00 PM,2,0,0,36.111000,-86.746380,STATE HWY 155,,,,100.00,Feet,East,GRANDVIEW AVE,,,,0.00,N,Not at Intersection,N,Non-Junction,None,,,         ,Nathan,Kemp,Clear,Angle,no,no,no,no,yes,False
100830583,METROPOLITAN NASHVILLE POLICE DEPT,20150433482,Davidson,Nashville,5/8/2015 11:02:00 AM,2,1,0,36.157370,-86.792720,15TH AVE N,,,,0.00,,,CHURCH ST,,,,0.00,Y,OTHER,N,Non-Junction,None,,,         ,Charles,Ward,Clear,Front to Rear,no,no,no,no,no,False
100830585,METROPOLITAN NASHVILLE POLICE DEPT,2015-0432826,Davidson,Nashville,5/8/2015 8:02:00 AM,2,0,0,36.163990,-86.782290,UNION ST,,,,0.00,,,6TH AVE N,,,,0.00,Y,Four-Way,N,Intersection,None,,,         ,Alex,Moore,Clear,"Sideswipe, Same Direction",no,no,no,no,no,False
100830596,METROPOLITAN NASHVILLE POLICE DEPT,20150432590,Davidson,Nashville,5/8/2015 5:56:00 AM,2,1,0,36.112370,-86.670800,STATE HWY 255,,,,875.00,Feet,North,HANGAR CT,,,,0.00,N,Not at Intersection,N,Non-Junction,None,,,         ,Kevin,Coleman,Clear,Angle,no,no,no,no,no,False
100830597,METROPOLITAN NASHVILLE POLICE DEPT,20150433765,Davidson,Nashville,5/8/2015 1:07:00 PM,2,0,0,36.181320,-86.749390,GALLATIN AVE,,,,0.00,,,MANSFIELD ST,,,,0.00,Y,T-Intersection, ,Intersection,None,,,         ,Jared,Eaves,Clear,Front to Rear,no,no,no,no,no,False
100830603,METROPOLITAN NASHVILLE POLICE DEPT,2015-0433761,Davidson,Nashville,5/8/2015 1:40:00 PM,2,0,0,36.143630,-86.882370,I 40,,,,0.00,,,,,,,202.40,N,Not at Intersection, ,Non-Junction,None,,,         ,Curtis,Rich,Clear,Not Collision with Motor Vehicle in Transport,no,no,no,no,yes,False
100830619,METROPOLITAN NASHVILLE POLICE DEPT,20150433857,Davidson,Nashville,5/8/2015 1:15:00 PM,2,0,0,36.113350,-86.723800,I 24,,,,0.00,,,,,,,53.40,N,Not at Intersection,N,Non-Junction,None,,,         ,Phillip,Black,Clear,"Sideswipe, Same Direction",no,no,no,no,yes,False
100830623,METROPOLITAN NASHVILLE POLICE DEPT,20150433898,Davidson,Nashville,5/8/2015 1:59:00 PM,2,0,0,36.082210,-86.727110,US HWY 31 ALT,,,,170.00,Feet,South,WELSHWOOD DR,,,,0.00,N,Not at Intersection, ,Non-Junction,None,,,         ,Christopher,Hanor,Clear,Front to Rear,no,no,no,no,no,False
100830624,METROPOLITAN NASHVILLE POLICE DEPT,20150428802,Davidson,Nashville,5/7/2015 8:25:00 AM,4,2,0,36.115860,-86.783180,I 440,,,,0.00,,,,,,,4.35,N,Not at Intersection,N,Non-Junction,None,,,         ,Erik,Wagner,Clear,Front to Rear,no,no,no,no,no,False
100830628,METROPOLITAN NASHVILLE POLICE DEPT,20150433875,Davidson,Nashville,5/8/2015 12:46:00 PM,2,0,0,36.079580,-86.726330,STATE HWY 255,,,,0.00,,,US HWY 31 ALT,,,,0.00,Y,Four-Way,N,Intersection,None,,,         ,Nathan,Kemp,Clear,Front to Rear,no,no,no,no,yes,False
100830630,METROPOLITAN NASHVILLE POLICE DEPT,20150433749,Davidson,Madison,5/8/2015 1:50:00 PM,2,0,0,36.266540,-86.690090,N DUPONT AVE,,,,0.00,,,MYATT DR,,,,0.00,Y,OTHER, ,Non-Junction,None,,,         ,Jeffery,Burnette,Clear,Front to Rear,no,no,no,no,no,False
100830639,VANDERBILT UNIVERSITY POLICE,15-0433809,Davidson,Nashville,5/8/2015 12:45:00 PM,2,0,0,36.148810,-86.804560,US HWY 70S,,,,0.00,,,23RD AVE N,,,,0.00,Y,Four-Way, ,,None,,,         ,Brent,Clark,,,no,no,no,no,no,Campus
100830656,METROPOLITAN NASHVILLE POLICE DEPT,20150434009,Davidson,Nashville,5/8/2015 2:55:00 PM,2,0,0,36.152320,-86.787110,I 40,,,,0.00,,,,,,,209.40,N,Not at Intersection, ,Non-Junction,None,,,         ,Mekisha,Page,Clear,Front to Rear,no,no,no,no,no,False
100830657,METROPOLITAN NASHVILLE POLICE DEPT,2015-0429377,Davidson,Old Hickory,5/7/2015 11:35:00 AM,2,0,0,36.232260,-86.624690,STATE HWY 45,,,,0.00,,,SHUTE LN,,,,0.00,Y,T-Intersection,N,Intersection,None,,,         ,Michael,Baker,Clear,Angle,no,no,no,no,no,False
100830670,METROPOLITAN NASHVILLE POLICE DEPT,2015-0433656,Davidson,Nashville,5/8/2015 12:36:00 PM,2,0,0,36.149490,-86.860670,US HWY 70,,,,225.00,Feet,West,OCEOLA AVE,,,,0.00,N,Not at Intersection, ,"Driveway, Alley Access, etc",None,,,         ,Walter,Gray II,Clear,Front to Rear,no,no,no,no,no,False
100830680,METROPOLITAN NASHVILLE POLICE DEPT,20150434052,Davidson,Nashville,5/8/2015 2:21:00 PM,2,0,0,36.140900,-86.817420,US HWY 70S,,,,0.00,,,ACKLEN PARK DR,,,,0.00,Y,T-Intersection, ,Intersection-Related,None,,,         ,Tien,Nguyen,Clear,Angle,no,no,no,no,no,False
100830690,METROPOLITAN NASHVILLE POLICE DEPT,20150434142,Davidson,Nashville,5/8/2015 2:40:00 PM,2,0,0,36.049330,-86.651250,STATE HWY 254,,,,21.00,Feet,East,RAMP,,,,0.00,N,Not at Intersection, ,Non-Junction,None,,,         ,Oscar,Gomez,Clear,Front to Rear,no,no,no,no,no,False
100830711,METROPOLITAN NASHVILLE POLICE DEPT,20150434042,Davidson,Nashville,5/8/2015 2:30:00 PM,2,0,0,36.141480,-86.884200,ANNEX AVE,,,,0.00,,,PREMIER DR,,,,0.00,Y,T-Intersection, ,Intersection-Related,None,,,         ,Dustin,Tidwell,Clear,Angle,no,no,no,no,yes,False
100830714,METROPOLITAN NASHVILLE POLICE DEPT,20150434165,Davidson,Nashville,5/8/2015 2:49:00 PM,2,0,0,36.157260,-86.799160,18TH AVE N,,,,61.00,Feet,South,MULLOY ALY,,,,0.00,N,Not at Intersection, ,Non-Junction,None,,,         ,Tien,Nguyen,Clear,Angle,no,no,no,no,no,False
100830728,METROPOLITAN NASHVILLE POLICE DEPT,20150434434,Davidson,Nashville,5/8/2015 4:18:00 PM,2,0,0,36.196040,-86.621470,US HWY 70,,,,884.00,Feet,South,STATE HWY 45,,,,0.00,N,Not at Intersection, ,Non-Junction,None,,,         ,Michael,Apsey,Clear,Front to Rear,no,no,no,no,no,False
100830731,METROPOLITAN NASHVILLE POLICE DEPT,20150434173,Davidson,Nashville,5/8/2015 3:20:00 PM,2,0,0,36.167320,-86.820630,28TH AVE N,,,,203.00,Feet,South,JEFFERSON ST,,,,0.00,N,Not at Intersection, ,Non-Junction,None,,,         ,Christopher,Mackey,Clear,"Sideswipe, Opposite Direction",no,no,no,no,no,False
100830733,METROPOLITAN NASHVILLE POLICE DEPT,20150434333,Davidson,Nashville,5/8/2015 1:45:00 PM,2,0,0,36.225750,-86.598630,SAUNDERSVILLE RD,,,,26.00,Feet,East,RAMP,,,,0.00,N,Not at Intersection, ,Non-Junction,None,,,         ,Jeffrey,Livingston,Clear,Front to Rear,no,no,no,no,no,False
100830734,METROPOLITAN NASHVILLE POLICE DEPT,20150434403,Davidson,Nashville,5/8/2015 4:15:00 PM,2,0,0,36.104700,-86.766480,-- UNKNOWN RAMP/ROAD --,,,,0.00,Feet,East,I 65,,,,0.00,N,Not at Intersection, ,Entrance/Exit Ramp Related,None,,,         ,Tien,Nguyen,Clear,Front to Rear,no,no,no,no,no,False
100830739,METROPOLITAN NASHVILLE POLICE DEPT,20150434278,Davidson,Nashville,5/8/2015 2:40:00 PM,2,0,0,36.199420,-86.692770,OPRY MILLS DR,,,,710.00,Feet,North,BRILEY PKWY,,,,0.00,N,Not at Intersection, ,,None,,,         ,John,Kelley,,,no,no,no,yes,no,False
100830743,METROPOLITAN NASHVILLE POLICE DEPT,20150434330,Davidson,Nashville,5/8/2015 4:07:00 PM,2,1,0,36.134710,-86.723670,US HWY 41,,,,52.00,Feet,East,CONNECTING ROAD,,,,0.00,N,Not at Intersection,N,Non-Junction,None,,,         ,Sarah,Hartman,Clear,Front to Rear,no,no,no,no,no,False
100830746,METROPOLITAN NASHVILLE POLICE DEPT,20150434245,Davidson,Nashville,5/8/2015 3:47:00 PM,3,0,0,36.086790,-86.695420,STATE HWY 255,,,,156.00,Feet,East,S PERIMETER PARK DR,,,,0.00,N,Not at Intersection,N,Non-Junction,None,,,         ,William,Durham,Clear,Front to Rear,no,no,no,no,no,False
100830747,METROPOLITAN NASHVILLE POLICE DEPT,20150434467,Davidson,Nashville,5/8/2015 4:23:00 PM,2,0,0,36.171290,-86.769250,US HWY 31,,,,66.00,Feet,East,RAMP,,,,0.00,N,Not at Intersection, ,Non-Junction,None,,,         ,MIchael,Mihajlov,Clear,"Sideswipe, Same Direction",no,no,no,no,no,False
100830748,METROPOLITAN NASHVILLE POLICE DEPT,20150434365,Davidson,Nashville,5/8/2015 4:17:00 PM,2,0,0,36.218940,-86.846350,LUNN DR,,,,0.00,Feet,East,PHIPPS DR,,,,0.00,N,Not at Intersection, ,Non-Junction,None,,,         ,Timothy,Morgan,Clear,"Sideswipe, Same Direction",no,no,no,no,no,False
100830749,METROPOLITAN NASHVILLE POLICE DEPT,20150434590,Davidson,Nashville,5/8/2015 5:05:00 PM,2,0,0,36.175260,-86.759030,MAIN ST,,,,66.00,Feet,West,N 8TH ST,,,,0.00,N,Not at Intersection, ,Non-Junction,None,,,         ,Clinton,Schroeder,Clear,Front to Rear,no,no,no,no,no,False
100830752,METROPOLITAN NASHVILLE POLICE DEPT,20150431231,Davidson,Nashville,5/7/2015 7:18:00 PM,2,0,0,36.069250,-86.690890,-- UNKNOWN RAMP/ROAD --,,,,0.00,Feet,East,I 24,,,,0.00,N,Not at Intersection,N,Entrance/Exit Ramp Related,None,,,         ,William,Durham,Clear,Front to Rear,no,no,no,no,yes,False
100830753,METROPOLITAN NASHVILLE POLICE DEPT,20150431451,Davidson,Nashville,5/7/2015 9:06:00 PM,2,0,0,36.084420,-86.701950,WALLACE RD,,,,52.00,Feet,South,LARGO DR,,,,0.00,N,Not at Intersection,N,Non-Junction,None,,,         ,William,Durham,Clear,Front to Rear,no,no,no,no,no,False
100830754,METROPOLITAN NASHVILLE POLICE DEPT,20150421965,Davidson,Nashville,5/5/2015 2:35:00 PM,2,0,0,36.242630,-86.757020,DOVERSIDE DR,,,,0.00,,,US HWY 31W,,,,0.00,Y,Four-Way, ,Intersection,None,,,         ,Nathan,Dungan,Clear,Angle,no,no,no,no,no,False
100830759,METROPOLITAN NASHVILLE POLICE DEPT,2015-0433950,Davidson,Nashville,5/8/2015 2:08:00 PM,3,1,0,36.107940,-86.812590,US HWY 431,,,,56.00,Feet,North,GREEN HILLS VILLAGE DR,,,,0.00,N,Not at Intersection,N,Non-Junction,None,,,         ,Walter,Gray II,Clear,Front to Rear,no,no,no,no,no,False
100830764,METROPOLITAN NASHVILLE POLICE DEPT,20150434576,Davidson,Nashville,5/8/2015 4:46:00 PM,2,0,0,36.235150,-86.724770,GALLATIN PIKE S,,,,0.00,,,STATE HWY 155,,,,0.00,Y,OTHER, ,,None,,,         ,Whitney,Arnold,,,no,no,no,no,no,False
100830765,METROPOLITAN NASHVILLE POLICE DEPT,20150434272,Davidson,Nashville,5/8/2015 2:25:00 PM,2,0,0,36.157430,-86.792620,CHURCH ST,,,,0.00,,,15TH AVE N,,,,0.00,Y,Four-Way,N,Intersection-Related,None,,,         ,Pedro,Rivera Chaparro,Clear,"Sideswipe, Same Direction",no,no,no,no,yes,False
100830766,METROPOLITAN NASHVILLE POLICE DEPT,20150434310,Davidson,Nashville,5/8/2015 4:02:00 PM,2,0,0,36.153060,-86.793870,17TH AVE S,,,,70.00,Feet,South,US HWY 431,,,,0.00,N,Not at Intersection,N,Non-Junction,None,,,         ,Mekisha,Page,Clear,Front to Rear,no,no,no,no,no,False
100830770,BELLE MEADE POLICE DEPT,15-0118,Davidson,Belle Meade,5/8/2015 4:30:00 PM,2,0,0,36.095800,-86.856690,HARDING PL,,,,0.00,,,BELLE MEADE BLVD,,,,0.00,Y,Four-Way,N,Intersection,None,,,         ,Shawn,Obrien,Clear,Angle,no,no,no,no,no,False
100830775,METROPOLITAN NASHVILLE POLICE DEPT,20150421996,Davidson,Goodlettsville,5/5/2015 4:20:00 PM,2,0,0,36.290330,-86.738800,US HWY 31W,,,,150.00,Feet,East,WEEPING WILLOW WAY,,,,0.00,N,Not at Intersection,N,Non-Junction,None,,,         ,Nathan,Dungan,Clear,Front to Rear,no,no,no,no,no,False
100830790,METROPOLITAN NASHVILLE POLICE DEPT,20150434305,Davidson,Nashville,5/8/2015 3:55:00 PM,2,1,0,36.195310,-86.742940,GALLATIN AVE,,,,104.00,Feet,North,CHESTER AVE,,,,0.00,N,Not at Intersection,N,Non-Junction,None,,,         ,Kelly,Cantrell,Clear,Front to Rear,no,no,no,no,no,False
100830791,METROPOLITAN NASHVILLE POLICE DEPT,20150434135,Davidson,Nashville,5/8/2015 3:21:00 PM,2,0,0,36.184860,-86.842500,COUNTY HOSPITAL RD,,,,253.00,Feet,North,PANORAMA DR,,,,0.00,N,Not at Intersection,N,Non-Junction,None,,,         ,Zachary,Ronan,Clear,Front to Rear,no,no,no,no,yes,False
100830796,METROPOLITAN NASHVILLE POLICE DEPT,2015-0434631,Davidson,Nashville,5/8/2015 5:16:00 PM,2,0,0,36.114390,-86.815400,STATE HWY 155,,,,183.00,Feet,East,23RD AVE S,,,,0.00,N,Not at Intersection, ,Non-Junction,None,,,         ,Michael,Rogers,Clear,Front to Rear,no,no,no,no,no,False
100830800,METROPOLITAN NASHVILLE POLICE DEPT,20150434560,Davidson,Not in City Limit,5/8/2015 4:56:00 PM,2,0,0,36.045540,-86.956380,OLD HARDING PIKE,,,,0.00,,,LEARNING LN,,,,0.00,Y,Four-Way, ,Intersection,None,,,         ,John,Thomas,Clear,Angle,no,no,no,no,no,False
100830802,METROPOLITAN NASHVILLE POLICE DEPT,20150434705,Davidson,Nashville,5/8/2015 5:20:00 PM,3,0,0,36.153710,-86.848720,I 40,,,,0.00,,,,,,,204.50,N,Not at Intersection,N,Non-Junction,None,,,         ,Mark,Hatt,Clear,Front to Rear,no,no,no,no,yes,False
100830805,METROPOLITAN NASHVILLE POLICE DEPT,2015-0434500,Davidson,Nashville,5/8/2015 4:44:00 PM,2,0,0,36.109460,-86.814820,CRESTMOOR RD,,,,158.00,Feet,East,GREEN HILLS VILLAGE DR,,,,0.00,N,Not at Intersection,N,Non-Junction,None,,,         ,Walter,Gray II,Clear,Front to Rear,no,no,no,no,no,False
100830806,METROPOLITAN NASHVILLE POLICE DEPT,2015-0434776,Davidson,Nashville,5/8/2015 6:01:00 PM,1,1,0,36.105820,-86.813860,US HWY 431,,,,0.00,Feet,,ABBOTT MARTIN RD,,,,0.00,Y,Four-Way,N,Intersection,None,,,         ,Walter,Gray II,Clear,Not Collision with Motor Vehicle in Transport,yes,no,no,no,no,False
100830808,METROPOLITAN NASHVILLE POLICE DEPT,20150434732,Davidson,Nashville,5/8/2015 5:39:00 PM,3,0,0,36.091140,-86.734790,US HWY 31 ALT,,,,500.00,Feet,North,ZOO RD,,,,0.00,N,Not at Intersection,N,Non-Junction,None,,,         ,Peter,Knisley,Clear,Front to Rear,no,no,no,no,no,False
100830809,VANDERBILT UNIVERSITY POLICE,15-434485,Davidson,Nashville,5/8/2015 4:12:00 PM,2,1,0,36.143900,-86.797980,EDGEHILL AVE,,,,90.00,Feet,West,19TH AVE S,,,,0.00,N,Not at Intersection,N,Non-Junction,None,,,         ,William,Gladu,Clear,Front to Rear,no,no,no,no,no,Campus
100830818,METROPOLITAN NASHVILLE POLICE DEPT,20150434881,Davidson,Not in City Limit,5/8/2015 6:28:00 PM,2,0,0,36.261780,-86.712350,US HWY 31E,,,,180.00,Feet,South,E OLD HICKORY BLVD,,,,0.00,N,Not at Intersection, ,Non-Junction,None,,,         ,Ryan,Allen,Clear,"Sideswipe, Same Direction",no,no,no,no,no,False
100830819,METROPOLITAN NASHVILLE POLICE DEPT,20150434997,Davidson,Nashville,5/8/2015 7:00:00 PM,2,0,0,36.216950,-86.694050,MCGAVOCK PIKE,,,,65.00,Feet,North,-- UNKNOWN RAMP/ROAD --,,,,0.00,N,Not at Intersection, ,Non-Junction,None,,,         ,Jiyayi,Suleyman,Clear,Front to Rear,no,no,no,no,no,False
100830828,METROPOLITAN NASHVILLE POLICE DEPT,20150435077,Davidson,Antioch,5/8/2015 6:10:00 PM,2,0,0,36.071420,-86.596590,SEASONS DR,,,,286.00,Feet,East,DOVE CREEK RD,,,,0.00,N,Not at Intersection, ,Non-Junction,None,,,         ,Jacob,Miller,Clear,Rear to Side,no,no,no,no,no,False
100830829,METROPOLITAN NASHVILLE POLICE DEPT,20150434735,Davidson,Nashville,5/8/2015 4:30:00 PM,2,0,0,36.122600,-86.773250,I 65,,,,0.00,,,,,,,80.55,N,Not at Intersection,N,Non-Junction,None,,,         ,Eric,Burford,Clear,"Sideswipe, Same Direction",no,no,no,no,no,False
100830830,METROPOLITAN NASHVILLE POLICE DEPT,20150434973,Davidson,Nashville,5/8/2015 7:23:00 PM,2,0,0,36.090310,-86.626520,BELL RD,,,,0.00,,,SMITH SPRINGS RD,,,,0.00,Y,Four-Way, ,Intersection,None,,,         ,Sarah,Hartman,Clear,Angle,no,no,no,no,no,False
100830833,METROPOLITAN NASHVILLE POLICE DEPT,20150434628,Davidson,Nashville,5/8/2015 3:56:00 PM,2,0,0,36.157350,-86.801220,19TH AVE N,,,,109.00,Feet,South,US HWY 70,,,,0.00,N,Not at Intersection, ,Non-Junction,None,,,         ,Tien,Nguyen,Clear,Front to Rear,no,no,no,no,no,False
100830862,METROPOLITAN NASHVILLE POLICE DEPT,20150433162,Davidson,Nashville,5/8/2015 9:56:00 AM,2,0,0,36.183130,-86.802680,9TH AVE N,,,,0.00,,,COFFEE ST,,,,0.00,Y,T-Intersection, ,Non-Junction,None,,,         ,Ky,Luu,Clear,Angle,no,no,no,no,no,False
100830863,METROPOLITAN NASHVILLE POLICE DEPT,20150434933,Davidson,Nashville,5/8/2015 6:40:00 PM,2,2,0,36.229820,-86.771730,I 65,,,,0.00,,,,,,,89.00,N,Not at Intersection,N,Non-Junction,Construction Zone,Work On Shoulder Or Median,Activity Area,         ,Nathan,Dungan,Clear,"Sideswipe, Same Direction",no,no,no,no,no,False
100830874,VANDERBILT UNIVERSITY POLICE,15-434455,Davidson,Nashville,5/8/2015 4:10:00 PM,2,0,0,36.146290,-86.809800,US HWY 70S,,,,0.00,,,NATCHEZ TRCE,,,,0.00,Y,T-Intersection, ,Non-Junction,None,,,         ,Donald,Dennis,Clear,Front to Rear,no,no,no,no,no,Campus
100830875,METROPOLITAN NASHVILLE POLICE DEPT,20150422817,Davidson,Madison,5/5/2015 6:00:00 PM,2,0,0,36.279800,-86.708630,US HWY 31E,,,,100.00,Feet,North,MILE PKWY,,,,0.00,N,Not at Intersection,N,Non-Junction,None,,,         ,Nathan,Dungan,Clear,Front to Rear,no,no,no,no,yes,False
100830887,METROPOLITAN NASHVILLE POLICE DEPT,20150434722,Davidson,Nashville,5/8/2015 5:39:00 PM,1,2,0,36.157030,-86.774570,4TH AVE S,,,,0.00,,,GATEWAY BLVD,,,,0.00,Y,Four-Way,N,Intersection,Construction Zone,,,         ,Caleb,Rogan,Clear,Not Collision with Motor Vehicle in Transport,yes,no,no,no,no,False
100830898,METROPOLITAN NASHVILLE POLICE DEPT,20150430140,Davidson,Nashville,5/7/2015 4:27:00 PM,2,1,0,36.191750,-86.783290,I 65,,,,0.00,,,,,,,86.15,N,Not at Intersection,N,Non-Junction,None,,,         ,Michael,Brooks,Clear,Front to Rear,no,no,no,no,no,False
100830899,METROPOLITAN NASHVILLE POLICE DEPT,20150434308,Davidson,Nashville,5/8/2015 3:57:00 PM,2,1,0,36.186780,-86.862460,STATE HWY 155,,,,268.00,Feet,South,COUNTY HOSPITAL RD,,,,0.00,N,Not at Intersection,N,Non-Junction,None,,,         ,Michael,Brooks,Cloudy,Front to Rear,no,no,no,no,no,False
100830901,METROPOLITAN NASHVILLE POLICE DEPT,20150435552,Davidson,Nashville,5/8/2015 8:30:00 PM,2,0,0,36.195370,-86.612880,HARWELL DR,,,,350.00,Feet,South,HARWELL CT,,,,0.00,N,Not at Intersection,N,Non-Junction,None,,,         ,Jeffrey,Livingston,Clear,"Sideswipe, Opposite Direction",no,no,no,no,no,False
100830925,METROPOLITAN NASHVILLE POLICE DEPT,20150430130,Davidson,Goodlettsville,5/7/2015 3:50:00 PM,2,0,0,36.295940,-86.698390,MYATT DR,,,,70.00,Feet,South,RAMP,,,,0.00,N,Not at Intersection, ,"Driveway, Alley Access, etc",None,,,         ,Nathan,Dungan,Clear,Angle,no,no,no,no,no,False
100830926,METROPOLITAN NASHVILLE POLICE DEPT,20150434791,Davidson,Nashville,5/8/2015 6:03:00 PM,3,0,0,36.109690,-86.721920,STATE HWY 155,,,,11.00,Feet,East,-- UNKNOWN RAMP/ROAD --,,,,0.00,N,Not at Intersection, ,Non-Junction,None,,,         ,William,Durham,Clear,Front to Rear,no,no,no,no,no,False