master_record_number,agency,agency_tracking_number,county,city,collision_date,vehicles_involved,number_injured,number_dead,latitude,longitude,roadway_name,roadway_suffix,roadway_number,roadway_local_id,distance_from_reference,miles-feet_indicator,direction_from_reference,intersection_road_name,intersection_road_name_suffix,intersection_road_number,intersection_local_id,mile_marker,intersection_indicator,intersect_type,interchange_related_indicator,relation_to_junction,work_zone_type,construction_maintenance_zone,construction_maintenance_zone_location,fatal_case_number,officer_first_name,officer_last_name,weather_condition(s),manner_of_crash,pedestrian,bicycle,scooter,parking,hitrun,mou
100831406,METROPOLITAN NASHVILLE POLICE DEPT,20150437659,Davidson,Madison,5/9/2015 5:01:00 PM,2,1,0,36.247950,-86.720370,US HWY 31E,,,,29.00,Feet,South,DUE WEST AVE E,,,,0.00,N,Not at Intersection,N,Non-Junction,None,,,         ,Carlos,Urrutia,Clear,Front to Rear,no,no,no,no,no,False
100831409,METROPOLITAN NASHVILLE POLICE DEPT,20150438139,Davidson,Nashville,5/9/2015 8:05:00 PM,1,0,0,36.165480,-86.697040,US HWY 70,,,,0.00,,,DONELSON HILLS DR,,,,0.00,Y,T-Intersection, ,Non-Junction,None,,,         ,Darryl,Williams,Clear,Not Collision with Motor Vehicle in Transport,no,no,no,no,no,False
100831417,METROPOLITAN NASHVILLE POLICE DEPT,20150438250,Davidson,Nashville,5/9/2015 6:58:00 PM,2,0,0,36.082790,-86.710140,STATE HWY 255,,,,117.00,Feet,East,TAMPA DR,,,,0.00,N,Not at Intersection,N,Non-Junction,None,,,         ,Natalie,Robinson,Clear,"Sideswipe, Opposite Direction",no,no,no,no,yes,False
100831440,METROPOLITAN NASHVILLE POLICE DEPT,20150438007,Davidson,Nashville,5/9/2015 6:22:00 PM,2,0,0,36.061340,-86.681280,I 24,,,,0.00,,,,,,,57.70,N,Not at Intersection, ,,None,,,         ,Matthew,Johnson,,,no,no,no,no,no,False
100831450,METROPOLITAN NASHVILLE POLICE DEPT,20150437799,Davidson,Nashville,5/9/2015 5:55:00 PM,3,2,0,36.040280,-86.650110,I 24,,,,0.00,,,,,,,60.00,N,Not at Intersection,N,Non-Junction,None,,,         ,Dale,Dameron,Clear,Front to Rear,no,no,no,no,no,False
100831455,METROPOLITAN NASHVILLE POLICE DEPT,20150438321,Davidson,Nashville,5/9/2015 8:58:00 PM,2,0,0,36.170830,-86.767460,I 24,,,,0.00,,,,,,,48.60,N,Not at Intersection, ,Entrance/Exit Ramp Related,None,,,         ,Cressie,Prill,Clear,"Sideswipe, Same Direction",no,no,no,no,no,False
100831456,METROPOLITAN NASHVILLE POLICE DEPT,20150438216,Davidson,Nashville,5/9/2015 7:40:00 PM,2,0,0,36.174110,-86.608900,STATE HWY 265,,,,566.00,Feet,East,CRYSTAL SPRING LN,,,,0.00,N,Not at Intersection, ,Non-Junction,None,,,         ,Stephen,Soule,Clear,Angle,no,no,no,no,no,False
100831464,METROPOLITAN NASHVILLE POLICE DEPT,20150437408,Davidson,Nashville,5/9/2015 1:45:00 PM,2,0,0,36.087960,-86.701690,EXIT 56,,,,0.00,Feet,East,I 24,,,,0.00,N,Not at Intersection, ,Non-Junction,None,,,         ,John,Stanfield,Cloudy,Front to Rear,no,no,no,no,no,False
100831467,METROPOLITAN NASHVILLE POLICE DEPT,20150438123,Davidson,Nashville,5/9/2015 6:50:00 PM,1,1,0,36.123810,-86.811400,-- UNKNOWN RAMP/ROAD --,,,,0.00,,,I 440,,,,0.00,Y,Y-Intersection,Y,Entrance/Exit Ramp Related,Construction Zone,Other,Advanced Warning Area,         ,Thomas,Burns,Clear,Not Collision with Motor Vehicle in Transport,no,no,no,no,no,False
100831471,METROPOLITAN NASHVILLE POLICE DEPT,20150437900,Davidson,Nashville,5/9/2015 6:15:00 PM,2,1,0,36.064110,-86.629210,HAMILTON CHURCH RD,,,,328.00,Feet,South,US HWY 41,,,,0.00,N,Not at Intersection,N,Non-Junction,None,,,         ,Victoria,Cunningham,Clear,Angle,no,no,no,no,no,False
100831473,METROPOLITAN NASHVILLE POLICE DEPT,20150438420,Davidson,Goodlettsville,5/9/2015 9:42:00 PM,2,0,0,36.297670,-86.698630,RAMP,,,,0.00,Feet,East,US HWY 31E,,,,0.00,N,Not at Intersection,N,Non-Junction,None,,,         ,Rodney,Phipps,Clear,"Sideswipe, Same Direction",no,no,no,no,no,False
100831474,METROPOLITAN NASHVILLE POLICE DEPT,20150438472,Davidson,Nashville,5/9/2015 10:25:00 PM,1,1,0,36.228180,-86.810950,US HWY 431,,,,1574.00,Feet,East,RAMP,,,,0.00,N,Not at Intersection,N,Non-Junction,None,,,         ,Matthew,Lachance,Clear,Not Collision with Motor Vehicle in Transport,no,no,no,no,no,False
100831479,METROPOLITAN NASHVILLE POLICE DEPT,20150438386,Davidson,Nashville,5/9/2015 8:56:00 PM,3,0,0,36.136100,-86.699120,STATE HWY 155,,,,0.00,,,,,,,0.00,,,N,Non-Junction,None,,,         ,Thomas,Barnes,Clear,Rear to Side,no,no,no,yes,yes,False
100831499,METROPOLITAN NASHVILLE POLICE DEPT,20150438510,Davidson,Nashville,5/9/2015 10:35:00 PM,2,0,0,36.061870,-86.682480,APACHE TRL,,,,0.00,,,BARELLA DR,,,,0.00,Y,T-Intersection, ,Intersection-Related,None,,,         ,Joshua,Vaughn,Clear,"Sideswipe, Opposite Direction",no,no,no,no,no,False
100831505,METROPOLITAN NASHVILLE POLICE DEPT,20150438720,Davidson,Nashville,5/9/2015 12:00:00 AM,2,0,0,36.133140,-86.762110,WALSH RD,,,,301.00,Feet,East,SMITH AVE,,,,0.00,N,Not at Intersection,N,OtherLocation,None,,,         ,Devon,Morgan,Clear,Unknown,no,no,no,yes,yes,False
100831517,METROPOLITAN NASHVILLE POLICE DEPT,20150438919,Davidson,Nashville,5/10/2015 2:10:00 AM,1,0,0,36.191580,-86.785860,I 65,,,,0.00,,,,,,,86.00,N,Not at Intersection,N,Non-Junction,None,,,         ,Kevin,Frei,Clear,Not Collision with Motor Vehicle in Transport,no,no,no,no,no,False
100831536,METROPOLITAN NASHVILLE POLICE DEPT,20150438595,Davidson,Nashville,5/9/2015 11:30:00 PM,2,2,0,36.229370,-86.759270,BROADMOOR DR,,,,0.00,,,US HWY 31W,,,,0.00,Y,Four-Way,Y,Intersection,None,,,         ,Richard,Hyatt,Clear,Angle,no,no,no,no,yes,False
100831538,METROPOLITAN NASHVILLE POLICE DEPT,20150439004,Davidson,Nashville,5/10/2015 3:14:00 AM,1,1,0,36.136280,-86.701330,GLASTONBURY RD,,,,448.00,Feet,North,SOUTHWOOD PARK PL,,,,0.00,N,Not at Intersection,N,Non-Junction,None,,,         ,Brian,Manning,Clear,Not Collision with Motor Vehicle in Transport,no,no,no,no,no,False
100831545,METROPOLITAN NASHVILLE POLICE DEPT,20150438558,Davidson,Not in City Limit,5/9/2015 12:00:00 AM,2,0,0,36.095720,-86.928880,SPRING CREEK DR,,,,0.00,,,MOUNTAIN VALLEY DR,,,,0.00,Y,OTHER,N,Non-Junction,None,,,         ,Tyler,Bryson,Clear,"Sideswipe, Opposite Direction",no,no,no,yes,yes,False
100831550,METROPOLITAN NASHVILLE POLICE DEPT,20150439078,Davidson,Nashville,5/10/2015 3:57:00 AM,2,2,0,36.158720,-86.818530,28TH AVE N,,,,0.00,,,CLIFTON AVE,,,,0.00,Y,Four-Way,N,Intersection-Related,None,,,         ,Alex,Marchak,Clear,Other,no,no,no,no,yes,False
100831554,METROPOLITAN NASHVILLE POLICE DEPT,20150439003,Davidson,Nashville,5/10/2015 12:10:00 AM,1,0,0,36.071830,-86.713250,TORBAY DR,,,,0.00,,,WALES DR,,,,0.00,Y,T-Intersection,N,Non-Junction,None,,,         ,Randy,Heinze,Clear,Not Collision with Motor Vehicle in Transport,no,no,no,no,no,False
100831556,METROPOLITAN NASHVILLE POLICE DEPT,20150439091,Davidson,Not in City Limit,5/10/2015 4:09:00 AM,1,1,0,36.088250,-86.942570,I 40,,,,0.00,,,,,,,197.25,N,Not at Intersection,N,Non-Junction,None,,,         ,Ericka,Bingham,Clear,Not Collision with Motor Vehicle in Transport,no,no,no,no,no,False
100831565,METROPOLITAN NASHVILLE POLICE DEPT,20150439034,Davidson,Nashville,5/10/2015 3:26:00 AM,1,2,0,36.232700,-86.824280,STATE HWY 155,,,,275.00,Feet,East,BUENA VISTA PIKE,,,,0.00,N,Not at Intersection,N,Non-Junction,None,,,         ,Charles,Duke,Clear,Not Collision with Motor Vehicle in Transport,no,no,no,no,no,False
100831573,METROPOLITAN NASHVILLE POLICE DEPT,20150433890,Davidson,Nashville,5/8/2015 2:25:00 PM,2,0,0,36.160710,-86.776950,4TH AVE S,,,,149.00,Feet,South,US HWY 70,,,,0.00,N,Not at Intersection, ,,None,,,         ,Joshua,Hollins,,,no,no,no,no,no,False
100831575,METROPOLITAN NASHVILLE POLICE DEPT,2015-0425677,Davidson,Nashville,5/6/2015 1:00:00 PM,2,0,0,36.126390,-86.804560,US HWY 431,,,,0.00,,,WESTWOOD AVE,,,,0.00,Y,T-Intersection, ,Intersection-Related,None,,,         ,Emily,Davies,Clear,Angle,no,no,no,no,no,False
100831576,METROPOLITAN NASHVILLE POLICE DEPT,2015-0433540,Davidson,Nashville,5/8/2015 12:06:00 PM,2,1,0,36.084340,-86.698860,I 24,,,,0.00,,,,,,,55.85,N,Not at Intersection,N,Entrance/Exit Ramp Related,None,,,         ,Roderic,Williams,Clear,Front to Rear,no,no,no,no,no,False
100831577,METROPOLITAN NASHVILLE POLICE DEPT,2015-0425170,Davidson,Nashville,5/6/2015 10:37:00 AM,2,0,0,36.168860,-86.667550,US HWY 70,,,,451.00,Feet,West,OLD LEBANON PIKE,,,,0.00,N,Not at Intersection, ,Non-Junction,None,,,         ,Jeb,Johnston,Clear,Not Collision with Motor Vehicle in Transport,no,no,no,no,no,False
100831581,METROPOLITAN NASHVILLE POLICE DEPT,2015-0433279,Davidson,Nashville,5/8/2015 10:31:00 AM,2,0,0,36.084800,-86.728130,US HWY 31 ALT,,,,0.00,,,PARAGON MILLS RD,,,,0.00,Y,Four-Way, ,Intersection,None,,,         ,Roderic,Williams,Clear,"Sideswipe, Same Direction",no,no,no,no,no,False
100831587,METROPOLITAN NASHVILLE POLICE DEPT,20150439327,Davidson,Nashville,5/10/2015 7:34:00 AM,2,0,0,36.137370,-86.783680,HILLSIDE AVE,,,,0.00,,,,,,,0.00,,,N,Non-Junction,None,,,         ,Samuel,Ruth,Clear,Unknown,no,no,no,yes,yes,False
100831592,METROPOLITAN NASHVILLE POLICE DEPT,2015-0412622,Davidson,Nashville,5/3/2015 11:00:00 AM,2,0,0,36.143590,-86.795090,EDGEHILL AVE,,,,178.00,Feet,East,18TH AVE S,,,,0.00,N,Not at Intersection, ,"Driveway, Alley Access, etc",None,,,         ,David,Barras,Clear,Angle,no,no,no,no,no,Campus
100831607,METROPOLITAN NASHVILLE POLICE DEPT,20150437015,Davidson,Not in City Limit,5/9/2015 10:55:00 AM,2,1,0,35.996470,-86.689340,US HWY 31 ALT,,,,216.00,Feet,East,STATE HWY 253,,,,0.00,N,Not at Intersection,N,Non-Junction,None,,,         ,Tony,Folad,,Front to Rear,no,no,no,no,no,False
100831608,METROPOLITAN NASHVILLE POLICE DEPT,2015-0425738,Davidson,Nashville,5/6/2015 2:06:00 PM,2,0,0,36.141430,-86.668970,I 40,,,,0.00,,,,,,,218.00,N,Not at Intersection, ,Non-Junction,None,,,         ,Jeb,Johnston,Clear,Not Collision with Motor Vehicle in Transport,no,no,no,no,no,False
100831621,METROPOLITAN NASHVILLE POLICE DEPT,20150436808,Davidson,Nashville,5/9/2015 8:59:00 AM,2,0,0,36.106450,-86.672690,RAMP,,,,0.00,,,STATE HWY 255,,,,0.00,Y,Four-Way,N,Intersection,None,,,         ,Terry,Denton,Clear,Front to Rear,no,no,no,no,no,False
100831626,METROPOLITAN NASHVILLE POLICE DEPT,20150439376,Davidson,Nashville,5/10/2015 8:10:00 AM,2,5,0,36.244170,-86.784910,I 24,,,,0.00,,,,,,,42.90,N,Not at Intersection,N,Non-Junction,Construction Zone,Work On Shoulder Or Median,Advanced Warning Area,         ,Ryan,Caulfield,Clear,"Sideswipe, Same Direction",no,no,no,no,no,False
100831627,METROPOLITAN NASHVILLE POLICE DEPT,20150439365,Davidson,Madison,5/10/2015 8:03:00 AM,1,1,0,36.286160,-86.726190,HAMBLEN DR,,,,0.00,,,,,,,0.00,,,N,Non-Junction,None,,,         ,Trevin,Tolbert,Clear,Not Collision with Motor Vehicle in Transport,no,no,no,no,no,False
100831639,METROPOLITAN NASHVILLE POLICE DEPT,20150439425,Davidson,Nashville,5/10/2015 8:50:00 AM,2,0,0,36.045020,-86.649230,CROSSINGS PL,,,,0.00,,,MOUNT VIEW PKWY,,,,0.00,Y,Four-Way,N,Non-Junction,None,,,         ,Randall,Combs,Clear,Angle,no,no,no,no,no,False
100831640,METROPOLITAN NASHVILLE POLICE DEPT,2015-0439469,Davidson,Nashville,5/10/2015 9:20:00 AM,2,0,0,36.209410,-86.775910,I 65,,,,0.00,,,,,,,87.55,N,Not at Intersection, ,Entrance/Exit Ramp Related,Construction Zone,,,         ,Coleman,Womack,Clear,"Sideswipe, Same Direction",no,no,no,no,no,False
100831651,METROPOLITAN NASHVILLE POLICE DEPT,2015-0439522,Davidson,Not in City Limit,5/10/2015 9:50:00 AM,2,0,0,36.264200,-86.735690,-- UNKNOWN RAMP/ROAD --,,,,0.00,,,STATE HWY 45,,,,0.00,Y,OTHER,Y,Entrance/Exit Ramp Related,None,,,         ,Jordan,Lowry,Clear,Front to Rear,no,no,no,no,yes,False
100831659,METROPOLITAN NASHVILLE POLICE DEPT,20150439585,Davidson,Nashville,5/10/2015 10:35:00 AM,2,0,0,36.042730,-86.840130,STATE HWY 254,,,,652.00,Feet,East,KINGSBURY DR,,,,0.00,N,Not at Intersection,N,Non-Junction,None,,,         ,Thomas,West,Clear,Front to Rear,no,no,no,no,no,False
100831666,METROPOLITAN NASHVILLE POLICE DEPT,2015-0439630,Davidson,Nashville,5/10/2015 11:20:00 AM,2,0,0,36.150070,-86.805470,23RD AVE N,,,,0.00,,,ELLISTON PL,,,,0.00,Y,OTHER, ,,None,,,         ,Emily,Davies,,,no,no,no,no,no,Campus
100831690,METROPOLITAN NASHVILLE POLICE DEPT,20150439715,Davidson,Nashville,5/10/2015 12:24:00 PM,2,0,0,36.042010,-86.743920,EDMONDSON PIKE,,,,414.00,Feet,West,BRENTWOOD SQ,,,,0.00,N,Not at Intersection, ,Non-Junction,None,,,         ,Michael,Russell,Clear,Angle,no,no,no,no,no,False
100831698,METROPOLITAN NASHVILLE POLICE DEPT,2015-0439788,Davidson,Madison,5/10/2015 1:01:00 PM,2,0,0,36.275660,-86.689560,MYATT DR,,,,143.00,Feet,South,MYATT CIRCLE LN,,,,0.00,N,Not at Intersection,N,Non-Junction,None,,,         ,Nicholas,Truan,Clear,Front to Rear,no,no,no,no,yes,False
100831699,METROPOLITAN NASHVILLE POLICE DEPT,20150439720,Davidson,Madison,5/10/2015 12:04:00 PM,3,0,0,36.263060,-86.711910,STATE HWY 45,,,,0.00,,,US HWY 31E,,,,0.00,Y,Four-Way,Y,Intersection-Related,None,,,         ,Trevin,Tolbert,Clear,Front to Rear,no,no,no,no,no,False
100831704,METROPOLITAN NASHVILLE POLICE DEPT,20150439614,Davidson,Nashville,5/10/2015 10:40:00 AM,2,0,0,36.205610,-86.599330,DUTCHMANS DR,,,,359.00,Feet,West,DUTCHMANS CT,,,,0.00,N,Not at Intersection, ,Non-Junction,None,,,         ,Justin,Franklin,Clear,Rear to Rear,no,no,no,yes,no,False
100831705,METROPOLITAN NASHVILLE POLICE DEPT,20150439790,Davidson,Nashville,5/10/2015 11:45:00 AM,1,0,0,36.125860,-86.712650,E THOMPSON LN,,,,274.00,Feet,East,LAWNDALE DR,,,,0.00,N,Not at Intersection,N,Non-Junction,None,,,         ,Kevin,Caperton,Clear,Not Collision with Motor Vehicle in Transport,no,no,no,yes,yes,False
100831713,METROPOLITAN NASHVILLE POLICE DEPT,20150439754,Davidson,Nashville,5/10/2015 12:20:00 PM,2,0,0,36.038290,-86.713030,US HWY 31 ALT,,,,994.00,Feet,North,BRENTWOOD HIGHLANDS DR,,,,0.00,N,Not at Intersection,N,Non-Junction,None,,,         ,Michael,Russell,Clear,Front to Rear,no,no,no,no,no,False
100831719,METROPOLITAN NASHVILLE POLICE DEPT,20150439723,Davidson,Nashville,5/10/2015 12:06:00 PM,4,7,0,36.230320,-86.781960,I 24,,,,0.00,,,,,,,44.15,N,Not at Intersection,N,Non-Junction,Construction Zone,Work On Shoulder Or Median,Advanced Warning Area,         ,Ryan,Caulfield,Clear,Front to Rear,no,no,no,no,no,False
100831723,METROPOLITAN NASHVILLE POLICE DEPT,20150439830,Davidson,Nashville,5/10/2015 12:08:00 PM,2,0,0,36.215150,-86.600220,US HWY 70,,,,450.00,Feet,North,RAMP,,,,0.00,N,Not at Intersection,N,Non-Junction,None,,,         ,Cassandra,Del Bosco,Clear,Unknown,no,no,no,yes,yes,False
100831765,METROPOLITAN NASHVILLE POLICE DEPT,20150439920,Davidson,Nashville,5/10/2015 2:42:00 PM,2,1,0,36.186960,-86.768030,CLEVELAND ST,,,,0.00,,,MERIDIAN ST,,,,0.00,Y,Four-Way,N,Intersection,None,,,         ,Terence,Maahs,Clear,Angle,no,no,no,no,no,False
100831769,METROPOLITAN NASHVILLE POLICE DEPT,20150439944,Davidson,Nashville,5/10/2015 2:40:00 PM,2,0,0,36.201430,-86.694220,OPRY MILLS DR,,,,1126.00,Feet,East,MOSS ROSE DR,,,,0.00,N,Not at Intersection,N,Non-Junction,None,,,         ,John,Kelley,Clear,Front to Rear,no,no,no,no,yes,False
100831770,METROPOLITAN NASHVILLE POLICE DEPT,20150439583,Davidson,Nashville,5/10/2015 10:27:00 AM,2,1,0,36.165000,-86.820040,-- UNKNOWN RAMP/ROAD --,,,,0.00,,,I 40,,,,0.00,Y,T-Intersection,N,Non-Junction,None,,,         ,Ky,Luu,Clear,Front to Rear,no,no,no,no,no,False
100831776,METROPOLITAN NASHVILLE POLICE DEPT,2015-0439924,Davidson,Nashville,5/10/2015 12:00:00 AM,2,0,0,36.106380,-86.814680,ABBOTT MARTIN RD,,,,0.00,,,,,,,0.00,,,N,Non-Junction,None,,,         ,Michael,Rogers,Clear,Unknown,no,no,no,yes,yes,False
100831781,Nashville Airport Police,2015-00970,Davidson,Nashville,5/9/2015 5:00:00 PM,2,0,0,36.132240,-86.665310,TERMINAL DR,,,,0.00,,,RAMP,,,,0.00,Y,OTHER,N,Non-Junction,None,,,         ,Sarah,Taylor,Cloudy,Angle,no,no,no,no,no,False
100831784,METROPOLITAN NASHVILLE POLICE DEPT,20150439928,Davidson,Goodlettsville,5/10/2015 2:43:00 PM,3,2,0,36.293830,-86.696430,MYATT DR,,,,0.00,,,SPRING BRANCH DR,,,,0.00,Y,T-Intersection,N,Intersection,None,,,         ,Ryan,Allen,Clear,Front to Rear,no,no,no,no,no,False
100831788,METROPOLITAN NASHVILLE POLICE DEPT,2015-0429843,Davidson,Nashville,5/10/2015 2:30:00 PM,2,0,0,36.131010,-86.835630,WHITLAND AVE,,,,0.00,,,US HWY 70S,,,,0.00,Y,Four-Way, ,Intersection,None,,,         ,Alex,Lampley,Clear,"Sideswipe, Same Direction",no,no,no,no,no,False
100831805,METROPOLITAN NASHVILLE POLICE DEPT,20150440092,Davidson,Nashville,5/10/2015 2:11:00 PM,2,0,0,36.193090,-86.616840,STATE HWY 45,,,,323.00,Feet,North,JUAREZ DR,,,,0.00,N,Not at Intersection,N,Non-Junction,None,,,         ,Tyler,Conrads,Clear,Other,no,no,no,yes,yes,False
100831825,METROPOLITAN NASHVILLE POLICE DEPT,20150440304,Davidson,Not in City Limit,5/10/2015 3:52:00 PM,2,0,0,36.264070,-86.690280,STATE HWY 45,,,,0.00,,,MYATT DR,,,,0.00,Y,Four-Way, ,Intersection,None,,,         ,Ryan,Allen,Clear,"Sideswipe, Same Direction",no,no,no,no,no,False
100831826,METROPOLITAN NASHVILLE POLICE DEPT,20150440275,Davidson,Nashville,5/10/2015 12:00:00 AM,2,0,0,36.174940,-86.786220,4TH AVE N,,,,100.00,Feet,North,JEFFERSON ST,,,,0.00,N,Not at Intersection,N,Non-Junction,None,,,         ,Christopher,Littles,Clear,Unknown,no,no,no,no,yes,False
100831837,METROPOLITAN NASHVILLE POLICE DEPT,20150440307,Davidson,Nashville,5/10/2015 2:48:00 PM,2,0,0,36.195330,-86.730840,CAHAL AVE,,,,0.00,,,PENNINGTON AVE,,,,0.00,Y,Four-Way, ,Intersection,None,,,         ,Rachael,Sacco,Clear,"Sideswipe, Opposite Direction",no,no,no,no,no,False
100831841,METROPOLITAN NASHVILLE POLICE DEPT,20150440324,Davidson,Nashville,5/10/2015 5:40:00 PM,2,0,0,36.149910,-86.769970,US HWY 31 ALT,,,,98.00,Feet,North,MCCANN ST,,,,0.00,N,Not at Intersection,N,Non-Junction,None,,,         ,Austin,Kendrick,Clear,Front to Rear,no,no,no,no,yes,False
100831847,METROPOLITAN NASHVILLE POLICE DEPT,20150435409,Davidson,Nashville,5/8/2015 8:25:00 PM,2,0,0,36.177500,-86.753200,MAIN ST,,,,136.00,Feet,West,FINN ST,,,,0.00,N,Not at Intersection, ,Non-Junction,None,,,         ,Paul,Stein,Clear,"Sideswipe, Same Direction",no,no,no,no,no,False
100831850,METROPOLITAN NASHVILLE POLICE DEPT,20150440372,Davidson,Not in City Limit,5/10/2015 6:14:00 PM,2,0,0,36.268660,-86.710660,US HWY 31E,,,,65.00,Feet,North,LOVELL ST,,,,0.00,N,Not at Intersection,N,Non-Junction,None,,,         ,Ryan,Allen,Clear,Angle,no,no,no,no,no,False
100831863,METROPOLITAN NASHVILLE POLICE DEPT,20150440106,Davidson,Nashville,5/10/2015 3:50:00 PM,2,0,0,36.169130,-86.745920,VILLAGE CT,,,,75.00,Feet,North,EASTSIDE AVE,,,,0.00,N,Not at Intersection,N,Non-Junction,None,,,         ,Kelly,Cantrell,Clear,Rear to Side,no,no,no,no,yes,False
100831870,METROPOLITAN NASHVILLE POLICE DEPT,20150440085,Davidson,Nashville,5/10/2015 3:48:00 PM,2,0,0,36.201810,-86.776580,I 65,,,,0.00,,,,,,,87.00,N,Not at Intersection, ,,Construction Zone,,,         ,Victor,Alexander,,,no,no,no,no,no,False
100831877,METROPOLITAN NASHVILLE POLICE DEPT,2015-0440441,Davidson,Madison,5/10/2015 6:42:00 PM,1,0,0,36.263660,-86.737690,I 65,,,,0.00,,,,,,,92.20,N,Not at Intersection,N,Non-Junction,None,,,         ,Alfredo,Arevalo,Clear,Not Collision with Motor Vehicle in Transport,no,no,no,no,no,False
100831878,METROPOLITAN NASHVILLE POLICE DEPT,20150440152,Davidson,Nashville,5/10/2015 4:05:00 PM,3,0,0,36.152420,-86.785250,PINE ST,,,,0.00,,,,,,,0.00,,,N,Non-Junction,None,,,         ,Benjamin,Smith,Clear,Front to Rear,no,no,no,no,no,False
100831880,METROPOLITAN NASHVILLE POLICE DEPT,20150437344,Davidson,Nashville,5/9/2015 3:00:00 PM,2,0,0,36.206550,-86.776480,I 65,,,,0.00,,,,,,,87.30,N,Not at Intersection, ,Entrance/Exit Ramp Related,Construction Zone,,,         ,James,Wray,Clear,"Sideswipe, Same Direction",no,no,no,no,no,False
100831888,METROPOLITAN NASHVILLE POLICE DEPT,20150440514,Davidson,Nashville,5/10/2015 7:25:00 PM,2,2,0,36.143310,-86.837030,NEBRASKA AVE,,,,0.00,,,42ND AVE N,,,,0.00,Y,Four-Way,Y,Intersection-Related,None,,,         ,Brandon,Rardin,Clear,Angle,no,no,no,no,no,False
100831890,METROPOLITAN NASHVILLE POLICE DEPT,20150440360,Davidson,Nashville,5/10/2015 5:26:00 PM,3,0,0,36.073200,-86.637410,US HWY 41,,,,584.00,Feet,North,BELL RD,,,,0.00,N,Not at Intersection, ,Non-Junction,None,,,         ,Michael,Apsey,Clear,Front to Rear,no,no,no,no,no,False
100831896,METROPOLITAN NASHVILLE POLICE DEPT,20150440367,Davidson,Not in City Limit,5/10/2015 6:12:00 PM,2,1,0,36.262990,-86.711100,STATE HWY 45,,,,0.00,Feet,,RAMP,,,,0.00,Y,Four-Way,N,Intersection,None,,,         ,Ryan,Sabel,Clear,Front to Rear,no,no,no,no,no,False
100831902,TENNESSEE STATE UNIVERSITY ,15-TSU-07854,Davidson,Nashville,5/10/2015 12:00:00 AM,2,0,0,36.165480,-86.827250,33RD AVE N,,,,312.00,Feet,South,ALAMEDA ST,,,,0.00,N,Not at Intersection,N,Non-Junction,None,,,         ,Bruce,Baghai,Clear,Unknown,no,no,no,yes,yes,False
100831908,METROPOLITAN NASHVILLE POLICE DEPT,2015-0431935,Davidson,Not in City Limit,5/7/2015 11:40:00 PM,2,0,0,36.091730,-86.980230,US HWY 70,,,,47.00,Feet,West,US HWY 70S,,,,0.00,N,Not at Intersection,N,Non-Junction,None,,,         ,Joel,Callies,Clear,Front to Rear,no,no,no,no,yes,False
100831924,METROPOLITAN NASHVILLE POLICE DEPT,20150440717,Davidson,Nashville,5/10/2015 9:20:00 PM,3,1,0,36.077880,-86.723780,WALLACE RD,,,,595.00,Feet,East,US HWY 31 ALT,,,,0.00,N,Not at Intersection,N,Non-Junction,None,,,         ,Tien,Nguyen,Clear,Front to Rear,no,no,no,no,yes,False
100831925,METROPOLITAN NASHVILLE POLICE DEPT,2015-0438006,Davidson,Not in City Limit,5/9/2015 7:16:00 PM,2,0,0,36.282280,-86.713890,CONNARE DR,,,,0.00,,,APPLE VALLEY RD,,,,0.00,Y,Four-Way, ,Non-Junction,None,,,         ,Luis,Lopez,Cloudy,Angle,no,no,no,no,no,False
100831926,METROPOLITAN NASHVILLE POLICE DEPT,20150440392,Davidson,Nashville,5/10/2015 6:30:00 PM,2,0,0,36.176850,-86.772010,-- UNKNOWN RAMP/ROAD --,,,,0.00,,,I 24,,,,0.00,Y,OTHER, ,Non-Junction,None,,,         ,Ethan,Luffman,Clear,Front to Rear,no,no,no,no,no,False
100831927,METROPOLITAN NASHVILLE POLICE DEPT,20150440401,Davidson,Nashville,5/10/2015 6:24:00 PM,1,0,0,36.173950,-86.784010,JACKSON ST,,,,0.00,,,3RD AVE N,,,,0.00,Y,OTHER, ,Non-Junction,None,,,         ,Ethan,Luffman,Clear,Not Collision with Motor Vehicle in Transport,no,no,no,no,no,False
100831937,METROPOLITAN NASHVILLE POLICE DEPT,20150440679,Davidson,Nashville,5/10/2015 9:01:00 PM,2,2,0,36.040010,-86.743490,STATE HWY 254,,,,0.00,,,EDMONDSON PIKE,,,,0.00,Y,Four-Way,N,Intersection,None,,,         ,Eric,Burford,Clear,Angle,no,no,no,no,no,False
100831941,METROPOLITAN NASHVILLE POLICE DEPT,20150440597,Davidson,Nashville,5/10/2015 8:20:00 PM,1,1,0,36.087420,-86.692190,ANTIOCH PIKE,,,,0.00,,,STATE HWY 255,,,,0.00,Y,Four-Way,N,Non-Junction,None,,,         ,David,Collins,Clear,Not Collision with Motor Vehicle in Transport,yes,no,no,no,no,False
100831950,METROPOLITAN NASHVILLE POLICE DEPT,2015-0439025,Davidson,Nashville,5/10/2015 3:20:00 AM,2,0,0,36.163650,-86.776280,2ND AVE N,,,,200.00,Feet,North,COMMERCE ST,,,,0.00,N,Not at Intersection,N,Non-Junction,None,,,         ,Jared,Zwilling,Clear,Front to Rear,no,no,no,no,no,False
100831976,METROPOLITAN NASHVILLE POLICE DEPT,20150440974,Davidson,Nashville,5/10/2015 11:38:00 PM,1,1,0,36.181100,-86.824480,ED TEMPLE BLVD,,,,0.00,,,,,,,0.00,,,N,Intersection,None,,,         ,Gary,Bridgeman,Clear,Not Collision with Motor Vehicle in Transport,no,no,no,no,no,False