master_record_number,agency,agency_tracking_number,county,city,collision_date,vehicles_involved,number_injured,number_dead,latitude,longitude,roadway_name,roadway_suffix,roadway_number,roadway_local_id,distance_from_reference,miles-feet_indicator,direction_from_reference,intersection_road_name,intersection_road_name_suffix,intersection_road_number,intersection_local_id,mile_marker,intersection_indicator,intersect_type,interchange_related_indicator,relation_to_junction,work_zone_type,construction_maintenance_zone,construction_maintenance_zone_location,fatal_case_number,officer_first_name,officer_last_name,weather_condition(s),manner_of_crash,pedestrian,bicycle,scooter,parking,hitrun,mou
100832880,METROPOLITAN NASHVILLE POLICE DEPT,2015-0446742,Davidson,Not in City Limit,5/12/2015 1:23:00 PM,2,0,0,36.114830,-86.925970,US HWY 70,,,,0.00,,,SAWYER BROWN RD,,,,0.00,Y,T-Intersection, ,Intersection,None,,,         ,Walter,Gray II,Cloudy,Angle,no,no,no,no,no,False
100832885,METROPOLITAN NASHVILLE POLICE DEPT,20150445943,Davidson,Nashville,5/12/2015 9:20:00 AM,2,1,0,36.080330,-86.685710,ANTIOCH PIKE,,,,0.00,,,FRANKLIN LIMESTONE RD,,,,0.00,Y,Four-Way,N,Intersection,None,,,         ,Kevin,Caperton,Clear,Angle,no,no,no,no,no,False
100832887,METROPOLITAN NASHVILLE POLICE DEPT,2015-0440471,Davidson,Madison,5/10/2015 4:55:00 PM,2,1,0,36.269100,-86.689900,MYATT DR,,,,109.00,Feet,South,ROOSEVELT AVE,,,,0.00,N,Not at Intersection,N,Non-Junction,None,,,         ,Sandra,Talavera,Clear,Front to Rear,no,no,no,no,no,False
100832890,METROPOLITAN NASHVILLE POLICE DEPT,20150446669,Davidson,Nashville,5/12/2015 12:19:00 PM,2,1,0,36.159980,-86.795380,US HWY 70,,,,0.00,,,15TH AVE N,,,,0.00,Y,T-Intersection,N,Intersection-Related,None,,,         ,Joshua,Dickall,Clear,Front to Rear,no,no,no,no,no,False
100832897,METROPOLITAN NASHVILLE POLICE DEPT,20150446818,Davidson,Nashville,5/12/2015 1:41:00 PM,2,1,0,36.137570,-86.800760,BLAKEMORE AVE,,,,0.00,,,US HWY 431,,,,0.00,Y,Four-Way,N,Intersection-Related,None,,,         ,Joshua,Dickall,Clear,Front to Rear,no,no,no,no,no,Campus
100832909,METROPOLITAN NASHVILLE POLICE DEPT,20150443019,Davidson,Nashville,5/11/2015 2:03:00 PM,1,1,0,36.155360,-86.796790,CHURCH ST,,,,238.00,Feet,East,18TH AVE N,,,,0.00,N,Not at Intersection,N,Non-Junction,None,,,         ,Darrell,Osment,Clear,Not Collision with Motor Vehicle in Transport,no,yes,no,no,no,False
100832912,METROPOLITAN NASHVILLE POLICE DEPT,20150447036,Davidson,Nashville,5/12/2015 2:55:00 PM,2,1,0,36.171830,-86.764740,S 5TH ST,,,,0.00,,,WOODLAND ST,,,,0.00,Y,Four-Way,N,Intersection,None,,,         ,Cressie,Prill,Clear,Front to Rear,no,no,no,no,no,False
100832922,METROPOLITAN NASHVILLE POLICE DEPT,20150447116,Davidson,Nashville,5/12/2015 12:00:00 AM,2,0,0,36.145490,-86.812690,28TH AVE N,,,,189.00,Feet,North,US HWY 70S,,,,0.00,N,Not at Intersection,N,Non-Junction,None,,,         ,Eric,Harvey,Unknown,Unknown,no,no,no,no,yes,Campus
100832929,METROPOLITAN NASHVILLE POLICE DEPT,20150446968,Davidson,Nashville,5/12/2015 2:45:00 PM,3,1,0,36.081170,-86.759160,TROUSDALE DR,,,,0.00,,,STATE HWY 255,,,,0.00,Y,T-Intersection,N,Intersection,None,,,         ,Mekisha,Page,Clear,Front to Rear,no,no,no,no,no,False
100832934,METROPOLITAN NASHVILLE POLICE DEPT,20150446964,Davidson,Nashville,5/12/2015 2:26:00 PM,2,0,0,36.147840,-86.790690,SOUTH ST,,,,127.00,Feet,East,VILLA PL,,,,0.00,N,Not at Intersection, ,Non-Junction,None,,,         ,Tien,Nguyen,Clear,"Sideswipe, Same Direction",no,no,no,no,no,False
100832935,METROPOLITAN NASHVILLE POLICE DEPT,20150447236,Davidson,Nashville,5/12/2015 4:01:00 PM,2,0,0,36.134270,-86.780270,WEDGEWOOD AVE,,,,120.00,Feet,East,BEECH AVE,,,,0.00,N,Not at Intersection, ,Non-Junction,None,,,         ,Tien,Nguyen,Clear,Front to Rear,no,no,no,no,no,False
100832943,METROPOLITAN NASHVILLE POLICE DEPT,20150447287,Davidson,Nashville,5/12/2015 4:12:00 PM,2,1,0,36.091600,-86.651510,US HWY 41,,,,262.00,Feet,North,BRITISH WOODS DR,,,,0.00,N,Not at Intersection,N,Non-Junction,None,,,         ,James,Tidwell,Clear,Angle,no,no,no,no,no,False
100832945,METROPOLITAN NASHVILLE POLICE DEPT,20150447238,Davidson,Nashville,5/12/2015 4:01:00 PM,2,1,0,36.123580,-86.747920,-- UNKNOWN RAMP/ROAD --,,,,0.00,Feet,East,I 440,,,,0.00,N,Not at Intersection,N,Non-Junction,None,,,         ,William,Durham,Clear,Front to Rear,no,no,no,no,no,False
100832953,METROPOLITAN NASHVILLE POLICE DEPT,20150444055,Davidson,Not in City Limit,5/11/2015 7:10:00 PM,2,0,0,36.307370,-86.684690,US HWY 31E,,,,1004.00,Feet,East,NORTHSIDE DR,,,,0.00,N,Not at Intersection, ,Non-Junction,None,,,         ,Royce,McLester,Clear,Front to Rear,no,no,no,no,no,False
100832954,METROPOLITAN NASHVILLE POLICE DEPT,2015-0447342,Davidson,Nashville,5/12/2015 4:25:00 PM,2,0,0,36.146900,-86.888530,ANNEX AVE,,,,65.00,Feet,North,CONTINENTAL DR,,,,0.00,N,Not at Intersection, ,"Driveway, Alley Access, etc",None,,,         ,Walter,Gray II,Cloudy,Angle,no,no,no,no,no,False
100832956,METROPOLITAN NASHVILLE POLICE DEPT,20150446931,Davidson,Nashville,5/12/2015 2:27:00 PM,2,0,0,36.157760,-86.823720,INDIANA AVE,,,,94.00,Feet,West,TORBETT ST,,,,0.00,N,Not at Intersection,N,Non-Junction,None,,,         ,Noah,Melton,Clear,"Sideswipe, Same Direction",no,no,no,no,no,False
100832959,METROPOLITAN NASHVILLE POLICE DEPT,20150447197,Davidson,Nashville,5/12/2015 3:00:00 PM,2,0,0,36.204390,-86.768950,US HWY 31W,,,,544.00,Feet,South,E TRINITY LN,,,,0.00,N,Not at Intersection, ,Non-Junction,None,,,         ,Terence,Maahs,Clear,Front to Rear,no,no,no,no,no,False
100832960,METROPOLITAN NASHVILLE POLICE DEPT,20150434219,Davidson,Madison,5/8/2015 3:15:00 PM,2,0,0,36.264070,-86.690280,STATE HWY 45,,,,0.00,,,MYATT DR,,,,0.00,Y,Four-Way, ,Intersection,None,,,         ,Nathan,Dungan,Clear,Angle,no,no,no,no,no,False
100832975,METROPOLITAN NASHVILLE POLICE DEPT,20150447436,Davidson,Nashville,5/12/2015 4:50:00 PM,2,0,0,36.180940,-86.606590,CONNECTING ROAD,,,,0.00,,,STATE HWY 45,,,,0.00,Y,OTHER,N,Intersection-Related,None,,,         ,Bradley,McIntyre,Clear,Angle,no,no,no,no,no,False
100832985,METROPOLITAN NASHVILLE POLICE DEPT,20150447533,Davidson,Nashville,5/12/2015 5:38:00 PM,2,0,0,36.123090,-86.751050,I 440,,,,0.00,,,,,,,6.30,N,Not at Intersection, ,Non-Junction,None,,,         ,Mekisha,Page,Clear,Front to Rear,no,no,no,no,no,False
100832996,METROPOLITAN NASHVILLE POLICE DEPT,20150447567,Davidson,Nashville,5/12/2015 5:34:00 PM,2,0,0,36.155600,-86.771110,2ND AVE S,,,,0.00,,,LEA AVE,,,,0.00,Y,Four-Way, ,Non-Junction,None,,,         ,Aaron,Thomas,Clear,Front to Rear,no,no,no,no,no,False
100833006,METROPOLITAN NASHVILLE POLICE DEPT,20150447790,Davidson,Nashville,5/12/2015 6:30:00 PM,1,0,0,36.094150,-86.624870,BELL RD,,,,94.00,Feet,North,HARBOR LIGHTS DR,,,,0.00,N,Not at Intersection,N,Non-Junction,None,,,         ,Timothy,Mead,Clear,Not Collision with Motor Vehicle in Transport,no,no,no,no,no,False
100833007,METROPOLITAN NASHVILLE POLICE DEPT,20150447327,Davidson,Nashville,5/12/2015 4:20:00 PM,2,0,0,36.176900,-86.776130,SPRING ST,,,,0.00,,,COWAN ST,,,,0.00,Y,Four-Way, ,Non-Junction,None,,,         ,Seth,Oden,Clear,Front to Rear,no,no,no,no,no,False
100833010,GOODLETTSVILLE POLICE DEPT,15-18264,Davidson,Goodlettsville,5/12/2015 4:57:00 PM,4,1,0,36.300750,-86.710890,I 65,,,,0.00,,,,,,,95.20,N,Not at Intersection,N,Non-Junction,None,,,         ,Brian,Hajdu,Clear,Front to Rear,no,no,no,no,no,False
100833018,METROPOLITAN NASHVILLE POLICE DEPT,20150447667,Davidson,Nashville,5/12/2015 12:00:00 AM,2,0,0,36.159270,-86.792160,I 40,,,,0.00,,,,,,,208.85,N,Not at Intersection,N,Non-Junction,None,,,         ,Michael,Collazo,Clear,Front to Rear,no,no,no,no,no,False
100833019,METROPOLITAN NASHVILLE POLICE DEPT,20150447707,Davidson,Nashville,5/12/2015 5:58:00 PM,2,0,0,36.099750,-86.871300,STATE HWY 100,,,,92.00,Feet,South,US HWY 70S,,,,0.00,N,Not at Intersection,Y,Crossover-Related,None,,,         ,Douglas,Sykes,Clear,Angle,no,no,no,no,no,False
100833025,METROPOLITAN NASHVILLE POLICE DEPT,20150447540,Davidson,Nashville,5/12/2015 5:20:00 PM,2,0,0,36.157210,-86.774680,4TH AVE S,,,,0.00,,,GATEWAY BLVD,,,,0.00,Y,Four-Way,Y,Intersection,None,,,         ,Tyler,Hutton,Clear,Angle,no,no,no,no,no,False
100833030,METROPOLITAN NASHVILLE POLICE DEPT,20150447570,Davidson,Nashville,5/12/2015 6:35:00 PM,2,0,0,36.132520,-86.726960,-- UNKNOWN RAMP/ROAD --,,,,0.00,Feet,East,I 24,,,,0.00,N,Not at Intersection,N,Non-Junction,None,,,         ,Jessie,Meadows,Clear,Front to Rear,no,no,no,no,no,False
100833031,METROPOLITAN NASHVILLE POLICE DEPT,20150447841,Davidson,Nashville,5/12/2015 7:16:00 PM,2,0,0,36.071290,-86.635490,US HWY 41,,,,103.00,Feet,South,RAMP,,,,0.00,N,Not at Intersection, ,Non-Junction,None,,,         ,Jessie,Meadows,Clear,"Sideswipe, Same Direction",no,no,no,no,no,False
100833032,METROPOLITAN NASHVILLE POLICE DEPT,20150447157,Davidson,Nashville,5/12/2015 3:04:00 PM,2,0,0,36.164100,-86.803540,HERMAN ST,,,,68.00,Feet,East,18TH AVE N,,,,0.00,N,Not at Intersection,N,Non-Junction,None,,,         ,Ashton,Hill,Clear,"Sideswipe, Same Direction",no,no,no,no,yes,False
100833037,METROPOLITAN NASHVILLE POLICE DEPT,20150447655,Davidson,Nashville,5/12/2015 5:57:00 PM,2,0,0,36.109950,-86.735200,STATE HWY 155,,,,178.00,Feet,West,WINGATE AVE,,,,0.00,N,Not at Intersection, ,Non-Junction,None,,,         ,Jessie,Meadows,Clear,Front to Rear,no,no,no,no,no,False
100833040,METROPOLITAN NASHVILLE POLICE DEPT,20150434384,Davidson,Goodlettsville,5/8/2015 4:00:00 PM,2,0,0,36.302000,-86.692930,US HWY 31E,,,,100.00,Feet,West,TWIN HILLS DR,,,,0.00,N,Not at Intersection, ,Non-Junction,None,,,         ,Nathan,Dungan,Clear,Front to Rear,no,no,no,no,no,False
100833043,METROPOLITAN NASHVILLE POLICE DEPT,20150447899,Davidson,Nashville,5/12/2015 7:22:00 PM,2,2,0,36.115680,-86.924740,US HWY 70,,,,383.00,Feet,West,TRAEMOOR VILLAGE DR,,,,0.00,N,Not at Intersection,N,Non-Junction,None,,,         ,Tyler,Reese,Clear,Front to Rear,no,no,no,no,no,False
100833046,METROPOLITAN NASHVILLE POLICE DEPT,20150447875,Davidson,Nashville,5/12/2015 7:16:00 PM,2,0,0,36.069670,-86.686790,HAYWOOD LN,,,,0.00,,,-- UNKNOWN RAMP/ROAD --,,,,0.00,Y,T-Intersection, ,Intersection,None,,,         ,Kevin,Keating,Clear,Front to Rear,no,no,no,no,no,False
100833049,METROPOLITAN NASHVILLE POLICE DEPT,20150447687,Davidson,Madison,5/12/2015 5:40:00 PM,2,0,0,36.260480,-86.715600,WOODRUFF ST,,,,0.00,,,DOUGLAS ST,,,,0.00,Y,Four-Way,N,Intersection,None,,,         ,Nathan,Dungan,Clear,Angle,no,no,no,no,no,False
100833058,METROPOLITAN NASHVILLE POLICE DEPT,20150443329,Davidson,Nashville,5/11/2015 4:02:00 PM,2,1,0,36.166840,-86.756480,S 7TH ST,,,,531.00,Feet,South,SYLVAN ST,,,,0.00,N,Not at Intersection,N,"Driveway, Alley Access, etc",None,,,         ,William,Waters,Clear,Angle,no,no,no,no,no,False
100833060,METROPOLITAN NASHVILLE POLICE DEPT,20150448070,Davidson,Nashville,5/12/2015 8:20:00 PM,2,0,0,36.202980,-86.689750,OPRY MILLS DR,,,,523.00,Feet,West,OPRY MILLS DR,,,,0.00,N,Not at Intersection,N,Non-Junction,None,,,         ,Jiyayi,Suleyman,Clear,"Sideswipe, Same Direction",no,no,no,no,yes,False
100833061,METROPOLITAN NASHVILLE POLICE DEPT,20150447788,Davidson,Madison,5/12/2015 6:20:00 PM,3,0,0,36.264210,-86.734520,STATE HWY 45,,,,200.00,Feet,West,HEAD DR,,,,0.00,N,Not at Intersection,N,Non-Junction,None,,,         ,Nathan,Dungan,Clear,Front to Rear,no,no,no,no,yes,False
100833066,METROPOLITAN NASHVILLE POLICE DEPT,20150448220,Davidson,Hermitage,5/12/2015 9:00:00 PM,1,0,0,36.167600,-86.571300,EARHART RD,,,,0.00,,,CHESTNUTWOOD TRL,,,,0.00,Y,OTHER,N,Non-Junction,None,,,         ,Bradley,McIntyre,Clear,Not Collision with Motor Vehicle in Transport,no,no,no,no,no,False
100833068,METROPOLITAN NASHVILLE POLICE DEPT,20150430885,Davidson,Madison,5/12/2015 7:30:00 PM,2,0,0,36.272230,-86.718340,HERITAGE LN,,,,118.00,Feet,North,PILGRIM DR,,,,0.00,N,Not at Intersection, ,,None,,,         ,Nathan,Dungan,,,no,no,no,no,no,False
100833076,METROPOLITAN NASHVILLE POLICE DEPT,2015-0448016,Davidson,Nashville,5/12/2015 8:07:00 PM,2,0,0,36.151810,-86.772780,5TH AVE S,,,,0.00,,,ASH ST,,,,0.00,Y,Four-Way, ,Intersection,None,,,         ,Michael,Schlegel,Cloudy,Angle,no,no,no,no,no,False
100833082,METROPOLITAN NASHVILLE POLICE DEPT,20150448242,Davidson,Nashville,5/12/2015 9:36:00 PM,2,0,0,36.095640,-86.697090,HARDING INDUSTRIAL DR,,,,2491.00,Feet,North,ANTIOCH PIKE,,,,0.00,N,Not at Intersection,N,Non-Junction,None,,,         ,Jessie,Meadows,Clear,Angle,no,no,no,no,yes,False
100833083,METROPOLITAN NASHVILLE POLICE DEPT,20150448113,Davidson,Nashville,5/12/2015 8:36:00 PM,2,0,0,36.166860,-86.760630,SYLVAN ST,,,,300.00,Feet,West,S 6TH ST,,,,0.00,N,Not at Intersection,N,Non-Junction,None,,,         ,Whitney,Arnold,Clear,Front to Rear,no,no,no,no,yes,False
100833086,METROPOLITAN NASHVILLE POLICE DEPT,20150447621,Davidson,Nashville,5/12/2015 3:25:00 PM,3,0,0,36.180530,-86.801610,9TH AVE N,,,,0.00,,,BUCHANAN ST,,,,0.00,Y,Four-Way,N,Intersection-Related,None,,,         ,Mikala,Moore,Clear,Front to Rear,no,no,no,no,yes,False
100833087,METROPOLITAN NASHVILLE POLICE DEPT,20150448298,Davidson,Nashville,5/12/2015 9:47:00 PM,2,0,0,36.026330,-86.695260,BARNES BEND DR,,,,0.00,,,BARNES RD,,,,0.00,Y,T-Intersection,N,Intersection-Related,None,,,         ,William,Durham,Clear,HeadOn,no,no,no,no,no,False
100833088,METROPOLITAN NASHVILLE POLICE DEPT,2015-0447941,Davidson,Old Hickory,5/12/2015 6:58:00 PM,2,1,0,36.255560,-86.653600,STATE HWY 45,,,,0.00,Feet,,MERRITT ST,,,,0.00,Y,T-Intersection,N,Intersection-Related,None,,,         ,Virginia,Carrigan,Clear,Front to Rear,no,no,no,no,yes,False
100833099,METROPOLITAN NASHVILLE POLICE DEPT,20150447680,Davidson,Nashville,5/12/2015 6:07:00 PM,2,0,0,36.152250,-86.625150,BLACKWOOD DR,,,,0.00,,,STEWARTS FERRY PIKE,,,,0.00,Y,Four-Way, ,Intersection,None,,,         ,David,Abbott,Clear,Angle,no,no,no,no,no,False
100833100,METROPOLITAN NASHVILLE POLICE DEPT,20150446834,Davidson,Nashville,5/12/2015 3:22:00 PM,2,0,0,36.206700,-86.791310,BAPTIST WORLD CENTER DR,,,,20.00,Feet,North,YOUNGS LN,,,,0.00,N,Not at Intersection, ,Non-Junction,None,,,         ,Timothy,Morgan,Clear,Angle,no,no,no,no,no,False
100833104,METROPOLITAN NASHVILLE POLICE DEPT,20150447055,Davidson,Nashville,5/12/2015 3:15:00 PM,2,0,0,36.088330,-86.790960,BATTERY LN,,,,0.00,,,LEALAND LN,,,,0.00,Y,Four-Way, ,Intersection,None,,,         ,Christopher,Davis,Clear,Angle,no,no,no,no,no,False
100833110,METROPOLITAN NASHVILLE POLICE DEPT,20150448470,Davidson,Nashville,5/12/2015 10:57:00 PM,2,0,0,36.235570,-86.764010,I 65,,,,0.00,,,,,,,89.60,N,Not at Intersection, ,Non-Junction,Work Zone,,,         ,Joshua,Lefler,Cloudy,Angle,no,no,no,no,no,False
100833111,METROPOLITAN NASHVILLE POLICE DEPT,20150448416,Davidson,Nashville,5/12/2015 10:00:00 PM,2,0,0,36.208880,-86.775790,-- UNKNOWN RAMP/ROAD --,,,,0.00,Feet,East,I 65,,,,0.00,N,Not at Intersection,N,Entrance/Exit Ramp Related,Construction Zone,Laneclosure,Advanced Warning Area,         ,Robert,Crow,Clear,"Sideswipe, Same Direction",no,no,no,no,yes,False
100833129,METROPOLITAN NASHVILLE POLICE DEPT,20150448771,Davidson,Nashville,5/13/2015 1:00:00 AM,1,0,0,36.180480,-86.802580,BUCHANAN ST,,,,280.00,Feet,West,9TH AVE N,,,,0.00,N,Not at Intersection,N,Non-Junction,None,,,         ,Casey,Tomes,Clear,Not Collision with Motor Vehicle in Transport,no,no,no,no,yes,False
100833145,METROPOLITAN NASHVILLE POLICE DEPT,20150449084,Davidson,Nashville,5/13/2015 3:38:00 AM,1,0,0,36.204310,-86.761340,LISCHEY AVE,,,,0.00,,,EDWIN ST,,,,0.00,Y,T-Intersection, ,,None,,,         ,Richard,Hyatt,,,no,no,no,no,no,False
100833160,METROPOLITAN NASHVILLE POLICE DEPT,20150449063,Davidson,Nashville,5/13/2015 3:20:00 AM,2,0,0,36.162730,-86.761290,I 24,,,,0.00,,,,,,,49.30,N,Not at Intersection,N,Non-Junction,None,,,         ,Brian,Smith,Clear,Front to Rear,no,no,no,no,no,False
100833175,METROPOLITAN NASHVILLE POLICE DEPT,2015-0437164,Davidson,Nashville,5/9/2015 12:30:00 PM,2,0,0,36.084960,-86.703310,STATE HWY 255,,,,0.00,,,TRAVELERS INN DR,,,,0.00,Y,T-Intersection,N,Intersection,None,,,         ,James,Grady,Clear,Front to Rear,no,no,no,no,no,False
100833179,METROPOLITAN NASHVILLE POLICE DEPT,2015-0443035,Davidson,Nashville,5/11/2015 2:10:00 PM,2,0,0,36.228150,-86.759490,US HWY 31W,,,,446.00,Feet,South,BROADMOOR DR,,,,0.00,N,Not at Intersection, ,Non-Junction,None,,,         ,Coleman,Womack,Cloudy,Angle,no,no,no,no,no,False
100833184,METROPOLITAN NASHVILLE POLICE DEPT,20150449453,Davidson,Nashville,5/13/2015 6:38:00 AM,2,1,0,36.140520,-86.666370,STATE HWY 255,,,,48.00,Feet,North,EXIT 216C,,,,0.00,N,Not at Intersection,Y,Entrance/Exit Ramp Related,None,,,         ,Curtis,Fisher,Clear,Angle,no,no,no,no,no,False
100833189,METROPOLITAN NASHVILLE POLICE DEPT,2015-0449582,Davidson,Nashville,5/13/2015 7:44:00 AM,2,0,0,36.125100,-86.847460,US HWY 70S,,,,114.00,Feet,West,STATE HWY 155,,,,0.00,N,Not at Intersection, ,,None,,,         ,Curtis,Rich,,,no,no,no,no,no,False
100833190,METROPOLITAN NASHVILLE POLICE DEPT,2015-0449528,Davidson,Nashville,5/13/2015 7:20:00 AM,2,0,0,36.045730,-86.864070,US HWY 431,,,,0.00,Feet,East,STATE HWY 254,,,,0.00,N,Not at Intersection, ,,None,,,         ,Paul,Junkmann,,,no,no,no,no,no,False
100833191,METROPOLITAN NASHVILLE POLICE DEPT,20150449553,Davidson,Nashville,5/13/2015 7:33:00 AM,2,0,0,36.055470,-86.723060,BREWER DR,,,,0.00,,,MCMURRAY DR,,,,0.00,Y,Four-Way,N,Intersection,None,,,         ,Nathan,Kemp,Clear,Angle,no,no,no,no,no,False
100833198,METROPOLITAN NASHVILLE POLICE DEPT,20150446894,Davidson,Nashville,5/12/2015 2:10:00 PM,2,0,0,36.254080,-86.716090,US HWY 31E,,,,358.00,Feet,North,EMMITT AVE,,,,0.00,N,Not at Intersection,N,Non-Junction,None,,,         ,Brian,Otto,Clear,Angle,no,no,no,no,no,False
100833199,METROPOLITAN NASHVILLE POLICE DEPT,20150449645,Davidson,Nashville,5/13/2015 8:00:00 AM,2,0,0,36.248940,-86.742270,I 65,,,,0.00,,,,,,,91.10,N,Not at Intersection, ,,None,,,         ,Brian,Otto,,,no,no,no,no,no,False
100833203,BERRY HILL POLICE DEPT,15-1879,Davidson,Berry Hill,5/12/2015 12:09:00 PM,2,0,0,36.125580,-86.776810,US HWY 31,,,,135.00,Feet,North,INVERNESS AVE,,,,0.00,N,Not at Intersection, ,"Driveway, Alley Access, etc",None,,,         ,Ronnie,Hill,Clear,Angle,no,no,no,yes,no,False
100833204,METROPOLITAN NASHVILLE POLICE DEPT,20150446888,Davidson,Nashville,5/12/2015 12:20:00 PM,2,0,0,36.189070,-86.767760,MERIDIAN ST,,,,257.00,Feet,North,VAUGHN ST,,,,0.00,N,Not at Intersection,N,Non-Junction,None,,,         ,Aaron,Wigginton,Clear,"Sideswipe, Same Direction",no,no,no,no,yes,False
100833205,METROPOLITAN NASHVILLE POLICE DEPT,20150449629,Davidson,Nashville,5/13/2015 6:50:00 AM,2,0,0,36.050030,-86.606140,PIN HOOK RD,,,,0.00,,,GROVEDALE TRC,,,,0.00,Y,OTHER, ,Non-Junction,None,,,         ,Kenneth,Alexandrow,Clear,Front to Rear,no,no,no,no,no,False
100833211,Metro Park Police,20150447722,Davidson,Nashville,5/12/2015 5:55:00 PM,2,0,0,36.117840,-86.787960,CLAYTON AVE,,,,237.00,Feet,West,LEALAND LN,,,,0.00,N,Not at Intersection,N,Non-Junction,None,,,         ,Penny,Adcock,Clear,Other,no,no,no,yes,no,False
100833212,METROPOLITAN NASHVILLE POLICE DEPT,20150449658,Davidson,Nashville,5/13/2015 8:09:00 AM,2,0,0,36.037800,-86.784860,RAMP,,,,0.00,,,STATE HWY 254,,,,0.00,Y,Y-Intersection, ,Intersection,None,,,         ,Arthur,Hummell,Clear,"Sideswipe, Same Direction",no,no,no,no,no,False
100833221,METROPOLITAN NASHVILLE POLICE DEPT,20150449551,Davidson,Not in City Limit,5/13/2015 7:20:00 AM,2,1,0,36.331020,-86.900170,I 24,,,,0.00,,,,,,,33.10,N,Not at Intersection,N,Non-Junction,None,,,         ,Alan,Jordan,Clear,Front to Rear,no,no,no,no,no,False
100833226,METROPOLITAN NASHVILLE POLICE DEPT,20150449800,Davidson,Nashville,5/13/2015 9:04:00 AM,1,0,0,36.092250,-86.762060,KENILWOOD DR,,,,382.00,Feet,North,SIDCO DR,,,,0.00,N,Not at Intersection, ,Non-Junction,None,,,         ,Nathan,Kemp,Clear,Not Collision with Motor Vehicle in Transport,no,no,no,no,no,False
100833229,METROPOLITAN NASHVILLE POLICE DEPT,20150449508,Davidson,Nashville,5/13/2015 7:10:00 AM,2,0,0,36.243070,-86.780430,BRICK CHURCH PIKE,,,,96.00,Feet,North,MASONWOOD DR,,,,0.00,N,Not at Intersection,N,Non-Junction,None,,,         ,Landon,Bagwell,Clear,Front to Rear,no,no,no,no,no,False
100833232,METROPOLITAN NASHVILLE POLICE DEPT,2015-0446730,Davidson,Nashville,5/12/2015 1:15:00 PM,2,1,0,36.231990,-86.724820,GALLATIN PIKE,,,,113.00,Feet,South,INGLEWOOD DR,,,,0.00,N,Not at Intersection,N,Non-Junction,None,,,         ,Coleman,Womack,Cloudy,Front to Rear,no,no,no,no,no,False
100833245,METROPOLITAN NASHVILLE POLICE DEPT,20150449743,Davidson,Nashville,5/13/2015 8:40:00 AM,2,0,0,36.109790,-86.721550,STATE HWY 155,,,,35.00,Feet,East,EXIT 3B,,,,0.00,N,Not at Intersection,N,Non-Junction,None,,,         ,Jeffrey,Nidiffer,Clear,Front to Rear,no,no,no,no,no,False
100833250,METROPOLITAN NASHVILLE POLICE DEPT,20150449736,Davidson,Nashville,5/13/2015 8:20:00 AM,2,0,0,36.082290,-86.711800,STATE HWY 255,,,,405.00,Feet,West,TAMPA DR,,,,0.00,N,Not at Intersection, ,Non-Junction,None,,,         ,Todd,Watson,Clear,Front to Rear,no,no,no,no,no,False
100833257,METROPOLITAN NASHVILLE POLICE DEPT,20150449632,Davidson,Nashville,5/13/2015 8:00:00 AM,2,1,0,36.124100,-86.751660,EXIT 6,,,,0.00,,,I 440,,,,0.00,Y,T-Intersection,N,Entrance/Exit Ramp Related,None,,,         ,Brian,Murphy,Clear,Front to Rear,no,no,no,no,no,False
100833263,METROPOLITAN NASHVILLE POLICE DEPT,2015-0446588,Davidson,Nashville,5/12/2015 12:35:00 PM,2,2,0,36.217220,-86.741710,HART LN,,,,0.00,,,HUTSON AVE,,,,0.00,Y,T-Intersection,N,Intersection,None,,,         ,Coleman,Womack,Cloudy,HeadOn,no,no,no,no,no,False
100833264,THP District 9 - Administrative,315025199,Davidson,Not in City Limit,5/13/2015 7:01:00 AM,2,1,0,36.323730,-86.866090,I 24,,,,0.00,,,,,,,35.10,N,Not at Intersection,Y,Non-Junction,None,,,         ,Ronald,Crockarell,Clear,Front to Rear,no,no,no,no,no,False
100833268,METROPOLITAN NASHVILLE POLICE DEPT,20150449769,Davidson,Nashville,5/13/2015 8:53:00 AM,2,0,0,36.169470,-86.806610,DR DB TODD JR BLVD,,,,4.00,Feet,North,JEFFERSON ST,,,,0.00,N,Not at Intersection,N,Non-Junction,None,,,         ,Ernie,Wilson,Clear,Angle,no,no,no,no,no,False
100833272,METROPOLITAN NASHVILLE POLICE DEPT,20150449507,Davidson,Nashville,5/13/2015 7:10:00 AM,2,0,0,36.237890,-86.757380,I 65,,,,0.00,,,,,,,90.00,N,Not at Intersection, ,,Construction Zone,,,         ,John,Joyce,,,no,no,no,no,no,False
100833278,METROPOLITAN NASHVILLE POLICE DEPT,2015-0449981,Davidson,Nashville,5/13/2015 10:22:00 AM,2,0,0,36.050380,-86.875740,STATE HWY 254,,,,282.00,Feet,East,CHICKERING RD,,,,0.00,N,Not at Intersection, ,Non-Junction,None,,,         ,Curtis,Rich,Clear,Front to Rear,no,no,no,no,no,False
100833279,METROPOLITAN NASHVILLE POLICE DEPT,20150449879,Davidson,Nashville,5/13/2015 9:22:00 AM,3,1,0,36.130690,-86.726890,I 24,,,,0.00,,,,,,,52.15,N,Not at Intersection,N,Non-Junction,None,,,         ,Megan,Arnett,Clear,Front to Rear,no,no,no,no,yes,False
100833284,METROPOLITAN NASHVILLE POLICE DEPT,20150449812,Davidson,Madison,5/13/2015 8:39:00 AM,2,1,0,0.000000,0.000000,,,US0,,0.00,,,,,US,,0.00,Y,Four-Way,N,Non-Junction,None,,,         ,Faye,Denson,Clear,Other,no,no,no,no,yes,False
100833285,METROPOLITAN NASHVILLE POLICE DEPT,20150449986,Davidson,Nashville,5/13/2015 10:03:00 AM,2,0,0,36.136000,-86.725050,RAMP,,,,0.00,Feet,East,US HWY 41,,,,0.00,N,Not at Intersection, ,,None,,,         ,Brian,Ewing,,,no,no,no,no,no,False