master_record_number,agency,agency_tracking_number,county,city,collision_date,vehicles_involved,number_injured,number_dead,latitude,longitude,roadway_name,roadway_suffix,roadway_number,roadway_local_id,distance_from_reference,miles-feet_indicator,direction_from_reference,intersection_road_name,intersection_road_name_suffix,intersection_road_number,intersection_local_id,mile_marker,intersection_indicator,intersect_type,interchange_related_indicator,relation_to_junction,work_zone_type,construction_maintenance_zone,construction_maintenance_zone_location,fatal_case_number,officer_first_name,officer_last_name,weather_condition(s),manner_of_crash,pedestrian,bicycle,scooter,parking,hitrun,mou
100833288,METROPOLITAN NASHVILLE POLICE DEPT,20150449921,Davidson,Nashville,5/13/2015 9:21:00 AM,2,1,0,36.034670,-86.713170,US HWY 31 ALT,,,,329.00,Feet,South,BARNES RD,,,,0.00,N,Not at Intersection,N,Non-Junction,None,,,         ,Nathan,Kemp,Clear,Front to Rear,no,no,no,no,no,False
100833294,METROPOLITAN NASHVILLE POLICE DEPT,20150449874,Davidson,Nashville,5/13/2015 9:15:00 AM,2,0,0,36.140900,-86.817420,US HWY 70S,,,,0.00,,,ACKLEN PARK DR,,,,0.00,Y,Four-Way, ,,None,,,         ,Randal,Owsley,,,no,no,no,no,no,False
100833305,VANDERBILT UNIVERSITY POLICE,15-0446147,Davidson,Nashville,5/12/2015 10:00:00 AM,2,0,0,36.142210,-86.801430,MEDICAL CENTER DR,,,,0.00,,,MEDICAL CENTER DR,,,,0.00,,OTHER, ,,None,,,         ,Anthony,Jones,,,no,no,no,yes,no,Campus
100833309,METROPOLITAN NASHVILLE POLICE DEPT,20150449963,Davidson,Nashville,5/13/2015 9:50:00 AM,2,0,0,36.074000,-86.624850,KINWOOD DR,,,,0.00,,,CREEKVIEW DR,,,,0.00,Y,Four-Way, ,Intersection,None,,,         ,Kenneth,Alexandrow,Clear,Angle,no,no,no,no,no,False
100833313,METROPOLITAN NASHVILLE POLICE DEPT,2015-0450176,Davidson,Nashville,5/13/2015 11:20:00 AM,2,0,0,36.075830,-86.923920,BELLE FOREST CIR,,,,604.00,Feet,East,DEER LAKE DR,,,,0.00,N,Not at Intersection,N,Non-Junction,None,,,         ,Curtis,Rich,Clear,Angle,no,no,no,no,no,False
100833327,METROPOLITAN NASHVILLE POLICE DEPT,20150449722,Davidson,Nashville,5/13/2015 8:07:00 AM,2,0,0,36.167780,-86.599770,OLD HICKORY BLVD,,,,291.00,Feet,South,SELLS DR,,,,0.00,N,Not at Intersection,N,Non-Junction,None,,,         ,Craig,Carlson,Clear,Front to Rear,no,no,no,no,no,False
100833340,METROPOLITAN NASHVILLE POLICE DEPT,2015-0449488,Davidson,Nashville,5/13/2015 6:59:00 AM,2,2,0,36.160820,-86.781770,7TH AVE N,,,,0.00,,,COMMERCE ST,,,,0.00,Y,Four-Way,N,Intersection,None,,,         ,Alex,Moore,Clear,HeadOn,no,no,no,no,no,False
100833345,METROPOLITAN NASHVILLE POLICE DEPT,2015-0450268,Davidson,Nashville,5/13/2015 12:22:00 PM,2,1,0,36.140960,-86.878200,US HWY 70,,,,23.00,Feet,West,CHARLOTTE ROAD CIR,,,,0.00,N,Not at Intersection,N,Non-Junction,None,,,         ,Curtis,Rich,Cloudy,"Sideswipe, Same Direction",no,no,no,no,no,False
100833346,METROPOLITAN NASHVILLE POLICE DEPT,2015-0449907,Davidson,Nashville,5/13/2015 9:20:00 AM,2,1,0,36.069540,-86.689460,I 24,,,,0.00,,,,,,,57.00,N,Not at Intersection,N,Non-Junction,None,,,         ,John,Neely,Clear,"Sideswipe, Same Direction",no,no,no,no,no,False
100833355,METROPOLITAN NASHVILLE POLICE DEPT,2015-0450305,Davidson,Nashville,5/13/2015 12:38:00 PM,1,1,0,36.162620,-86.781400,CHURCH ST,,,,0.00,,,6TH AVE N,,,,0.00,Y,Four-Way,N,Intersection,None,,,         ,Alex,Moore,Clear,Not Collision with Motor Vehicle in Transport,no,yes,no,no,no,False
100833358,METROPOLITAN NASHVILLE POLICE DEPT,20150449532,Davidson,Nashville,5/13/2015 7:16:00 AM,2,1,0,0.000000,0.000000,MURFREESBORO,PIKE,,,100.00,Feet,South,MOUNTAIN SPRINGS,DR,,,0.00,N,Not at Intersection,N,Non-Junction,None,,,         ,Randall,Combs,Clear,"Sideswipe, Same Direction",no,no,no,no,no,False
100833370,METROPOLITAN NASHVILLE POLICE DEPT,20150449866,Davidson,Nashville,5/13/2015 9:20:00 AM,2,0,0,36.159360,-86.760430,I 24,,,,0.00,,,,,,,49.50,N,Not at Intersection, ,Non-Junction,None,,,         ,Rickie,Corman,Clear,Front to Rear,no,no,no,no,no,False
100833373,METROPOLITAN NASHVILLE POLICE DEPT,20150450003,Davidson,Nashville,5/13/2015 10:27:00 AM,3,0,0,36.121630,-86.807320,US HWY 431,,,,0.00,,,SHARON HILL CIR,,,,0.00,Y,T-Intersection, ,Intersection-Related,None,,,         ,Nathan,Kemp,Clear,Front to Rear,no,no,no,no,no,False
100833374,METROPOLITAN NASHVILLE POLICE DEPT,20150450209,Davidson,Nashville,5/13/2015 11:51:00 AM,2,4,0,36.101780,-86.740560,US HWY 31 ALT,,,,0.00,,,ANTIOCH PIKE,,,,0.00,Y,T-Intersection,N,Intersection,None,,,         ,Nathan,Kemp,Clear,Angle,no,no,no,no,no,False
100833375,METROPOLITAN NASHVILLE POLICE DEPT,2015-0446703,Davidson,Nashville,5/12/2015 1:00:00 PM,2,0,0,36.171340,-86.790180,LOCKLAYER ST,,,,0.00,,,US HWY 41 ALT,,,,0.00,Y,OTHER, ,Non-Junction,None,,,         ,Alex,Moore,Clear,Unknown,no,no,no,yes,yes,False
100833380,METROPOLITAN NASHVILLE POLICE DEPT,2015-0449477,Davidson,Antioch,5/13/2015 6:50:00 AM,3,3,0,36.048780,-86.613020,MURFREESBORO,PIKE,US41,,130.00,Feet,South,MT VIEW,CIR,,,0.00,N,Not at Intersection,N,Non-Junction,None,,,         ,William,Whitworth,Clear,Angle,no,no,no,no,no,False
100833381,METROPOLITAN NASHVILLE POLICE DEPT,2015-0449947,Davidson,Nashville,5/13/2015 9:20:00 AM,2,0,0,36.087810,-86.691320,STATE HWY 255,,,,292.00,Feet,East,ANTIOCH PIKE,,,,0.00,N,Not at Intersection, ,"Driveway, Alley Access, etc",None,,,         ,William,Whitworth,Clear,Front to Rear,no,no,no,no,no,False
100833386,METROPOLITAN NASHVILLE POLICE DEPT,20150450203,Davidson,Nashville,5/13/2015 10:50:00 AM,2,0,0,36.147080,-86.743420,I 40,,,,0.00,,,,,,,212.05,N,Not at Intersection,N,Non-Junction,None,,,         ,Mitchell,McClay,Clear,"Sideswipe, Same Direction",no,no,no,no,yes,False
100833389,METROPOLITAN NASHVILLE POLICE DEPT,20150450244,Davidson,Goodlettsville,5/13/2015 12:15:00 PM,2,0,0,36.302660,-86.691930,US HWY 31E,,,,47.00,Feet,West,CONFERENCE DR,,,,0.00,N,Not at Intersection, ,Non-Junction,None,,,         ,Landon,Bagwell,Clear,Front to Rear,no,no,no,no,no,False
100833391,METROPOLITAN NASHVILLE POLICE DEPT,2015-0447679,Davidson,Nashville,5/12/2015 6:04:00 PM,2,1,0,36.128730,-86.906310,US HWY 70,,,,65.00,Feet,East,RIVER RD,,,,0.00,N,Not at Intersection,N,Non-Junction,None,,,         ,Walter,Gray II,Cloudy,Angle,no,no,no,no,no,False
100833392,METROPOLITAN NASHVILLE POLICE DEPT,2015-0450167,Davidson,Nashville,5/13/2015 11:26:00 AM,2,0,0,36.124530,-86.847190,STATE HWY 155,,,,200.00,Feet,South,US HWY 70S,,,,0.00,N,Not at Intersection, ,Non-Junction,None,,,         ,Walter,Gray II,Clear,Angle,no,no,no,no,no,False
100833395,METROPOLITAN NASHVILLE POLICE DEPT,20150450355,Davidson,Nashville,5/13/2015 12:38:00 PM,2,0,0,36.211560,-86.765220,US HWY 31W,,,,29.00,Feet,North,DONALD ST,,,,0.00,N,Not at Intersection, ,Non-Junction,None,,,         ,Aaron,Wigginton,Clear,"Sideswipe, Same Direction",no,no,no,no,no,False
100833405,METROPOLITAN NASHVILLE POLICE DEPT,20150450605,Davidson,Nashville,5/13/2015 2:37:00 PM,3,0,0,36.168510,-86.686840,US HWY 70,,,,248.00,Feet,East,-- UNKNOWN RAMP/ROAD --,,,,0.00,N,Not at Intersection, ,Non-Junction,None,,,         ,Leslie,Hale,Clear,Front to Rear,no,no,no,no,no,False
100833415,METROPOLITAN NASHVILLE POLICE DEPT,20150450600,Davidson,Nashville,5/13/2015 2:22:00 PM,2,0,0,36.081760,-86.758270,RAMP,,,,0.00,,,TROUSDALE DR,,,,0.00,Y,Four-Way, ,Intersection-Related,None,,,         ,Tien,Nguyen,Clear,Front to Rear,no,no,no,no,no,False
100833416,METROPOLITAN NASHVILLE POLICE DEPT,20150450810,Davidson,Nashville,5/13/2015 3:36:00 PM,2,0,0,36.081100,-86.758370,STATE HWY 255,,,,0.00,,,TROUSDALE DR,,,,0.00,Y,Four-Way, ,Intersection-Related,None,,,         ,Tien,Nguyen,Clear,"Sideswipe, Same Direction",no,no,no,no,no,False
100833429,METROPOLITAN NASHVILLE POLICE DEPT,2015-0450417,Davidson,Nashville,5/13/2015 1:21:00 PM,2,0,0,36.150120,-86.858060,US HWY 70,,,,50.00,Feet,West,STATE HWY 155,,,,0.00,N,Not at Intersection, ,Non-Junction,None,,,         ,Walter,Gray II,Clear,"Sideswipe, Same Direction",no,no,no,no,no,False
100833430,METROPOLITAN NASHVILLE POLICE DEPT,2015-0450657,Davidson,Nashville,5/13/2015 2:56:00 PM,2,0,0,36.114110,-86.810860,US HWY 431,,,,50.00,Feet,North,STATE HWY 155,,,,0.00,N,Not at Intersection, ,Non-Junction,None,,,         ,Walter,Gray II,Clear,"Sideswipe, Same Direction",no,no,no,no,no,False
100833435,METROPOLITAN NASHVILLE POLICE DEPT,20150450743,Davidson,Nashville,5/13/2015 3:00:00 PM,1,0,0,36.185800,-86.761920,N 6TH ST,,,,0.00,,,CLEVELAND ST,,,,0.00,Y,Four-Way,N,Intersection,None,,,         ,Cary,Briley,Clear,Not Collision with Motor Vehicle in Transport,no,no,no,no,yes,False
100833436,METROPOLITAN NASHVILLE POLICE DEPT,20150450648,Davidson,Nashville,5/13/2015 2:58:00 PM,3,2,0,36.089110,-86.732630,US HWY 31 ALT,,,,476.00,Feet,South,ZOO RD,,,,0.00,N,Not at Intersection,N,Non-Junction,None,,,         ,Jessie,Meadows,Clear,Front to Rear,no,no,no,no,no,False
100833437,METROPOLITAN NASHVILLE POLICE DEPT,20150450896,Davidson,Nashville,5/13/2015 4:01:00 PM,2,0,0,36.153520,-86.788330,MUSIC CIR E,,,,0.00,,,DEMONBREUN ST,,,,0.00,Y,Four-Way, ,Intersection-Related,None,,,         ,MIchael,Mihajlov,Clear,"Sideswipe, Same Direction",no,no,no,no,no,False
100833438,METROPOLITAN NASHVILLE POLICE DEPT,20150450813,Davidson,Nashville,5/13/2015 3:40:00 PM,2,0,0,36.188080,-86.797780,DOMINICAN DR,,,,79.00,Feet,West,5TH AVE N,,,,0.00,N,Not at Intersection,N,Non-Junction,None,,,         ,Mikala,Moore,Clear,Angle,no,no,no,no,no,False
100833440,METROPOLITAN NASHVILLE POLICE DEPT,20150450866,Davidson,Nashville,5/13/2015 3:38:00 PM,2,0,0,36.193290,-86.775480,I 24,,,,0.00,,,,,,,46.65,N,Not at Intersection, ,Non-Junction,Work Zone,,,         ,Terence,Maahs,Clear,"Sideswipe, Same Direction",no,no,no,no,no,False
100833451,METROPOLITAN NASHVILLE POLICE DEPT,20150451030,Davidson,Nashville,5/13/2015 4:19:00 PM,2,0,0,36.166970,-86.694460,US HWY 70,,,,681.00,Feet,West,CRAIGMEADE CIR,,,,0.00,N,Not at Intersection, ,Non-Junction,None,,,         ,Leslie,Hale,Clear,Front to Rear,no,no,no,no,no,False
100833454,METROPOLITAN NASHVILLE POLICE DEPT,20150450845,Davidson,Nashville,5/13/2015 3:40:00 PM,2,0,0,36.160240,-86.782930,US HWY 31,,,,0.00,,,COMMERCE ST,,,,0.00,Y,Four-Way, ,Intersection,None,,,         ,Tyler,Hutton,Clear,Angle,no,no,no,no,no,False
100833457,Metro Park Police,2015,Davidson,Nashville,5/12/2015 12:00:00 AM,2,0,0,36.171420,-86.735740,S 20TH ST,,,,0.00,,,LILLIAN ST,,,,0.00,Y,OTHER, ,Unknown,Unknown,,,         ,Howard,"Wright, Jr.",Unknown,"Sideswipe, Opposite Direction",no,no,no,no,yes,False
100833467,METROPOLITAN NASHVILLE POLICE DEPT,20150451023,Davidson,Nashville,5/13/2015 4:54:00 PM,2,0,0,36.075340,-86.647840,EDGE O LAKE DR,,,,119.00,Feet,South,DOVER GLEN DR,,,,0.00,N,Not at Intersection,N,Non-Junction,None,,,         ,Jessie,Meadows,Clear,Angle,no,no,no,no,no,False
100833472,METROPOLITAN NASHVILLE POLICE DEPT,2015-0422563,Davidson,Nashville,5/5/2015 6:20:00 PM,1,0,0,36.196990,-86.742040,CAROLYN AVE,,,,0.00,,,GALLATIN PIKE,,,,0.00,Y,T-Intersection,N,Intersection,None,,,         ,Frederick,Nelson,Clear,Not Collision with Motor Vehicle in Transport,no,no,no,no,yes,False
100833473,METROPOLITAN NASHVILLE POLICE DEPT,20150451026,Davidson,Nashville,5/13/2015 4:33:00 PM,2,0,0,36.123360,-86.750230,I 440,,,,0.00,,,,,,,6.35,N,Not at Intersection, ,Non-Junction,None,,,         ,Mekisha,Page,Clear,Front to Rear,no,no,no,no,no,False
100833474,METROPOLITAN NASHVILLE POLICE DEPT,20150451111,Davidson,Nashville,5/13/2015 4:56:00 PM,2,0,0,36.042760,-86.661640,CANE RIDGE RD,,,,590.00,Feet,South,TARGET DR,,,,0.00,N,Not at Intersection, ,Non-Junction,None,,,         ,Thomas,Odom,Clear,Angle,no,no,no,no,no,False
100833477,METROPOLITAN NASHVILLE POLICE DEPT,20150451021,Davidson,Nashville,5/13/2015 4:32:00 PM,2,0,0,36.151980,-86.792850,MUSIC SQ W,,,,0.00,,,DIVISION ST,,,,0.00,Y,Roundabout, ,Intersection-Related,None,,,         ,Tien,Nguyen,Clear,"Sideswipe, Same Direction",no,no,no,no,yes,False
100833479,METROPOLITAN NASHVILLE POLICE DEPT,2015-0451068,Davidson,Nashville,5/13/2015 4:40:00 PM,2,0,0,36.098310,-86.872290,STATE HWY 100,,,,250.00,Feet,South,HEADY DR,,,,0.00,N,Not at Intersection, ,Non-Junction,None,,,         ,Walter,Gray II,Clear,"Sideswipe, Same Direction",no,no,no,no,no,False
100833483,METROPOLITAN NASHVILLE POLICE DEPT,20150450913,Davidson,Nashville,5/13/2015 4:05:00 PM,2,1,0,36.164830,-86.762890,EXIT 49,,,,0.00,,,I 24,,,,0.00,Y,Y-Intersection,N,Non-Junction,None,,,         ,Aaron,Thomas,Clear,"Sideswipe, Same Direction",no,no,no,no,no,False
100833487,METROPOLITAN NASHVILLE POLICE DEPT,20150451069,Davidson,Nashville,5/13/2015 4:35:00 PM,2,0,0,36.125400,-86.752340,US HWY 31 ALT,,,,154.00,Feet,North,ROSEDALE AVE,,,,0.00,N,Not at Intersection,Y,OtherLocation,None,,,         ,Paul,Goebel,Clear,Front to Rear,no,no,no,no,no,False
100833488,METROPOLITAN NASHVILLE POLICE DEPT,2015-0440677,Davidson,Nashville,5/10/2015 9:12:00 PM,1,1,0,36.203330,-86.850750,STATE HWY 12,,,,0.00,,,CLINTONDALE DR,,,,0.00,Y,T-Intersection,N,Non-Junction,None,,,         ,James,Wray,Clear,Not Collision with Motor Vehicle in Transport,no,no,no,no,no,False
100833489,METROPOLITAN NASHVILLE POLICE DEPT,20150447717,Davidson,Not in City Limit,5/12/2015 6:00:00 PM,2,0,0,36.279580,-86.783570,BRICK CHURCH PIKE,,,,0.00,,,STATE HWY 45,,,,0.00,Y,Four-Way,N,Intersection-Related,None,,,         ,Royce,McLester,Clear,Angle,no,no,no,no,no,False
100833495,METROPOLITAN NASHVILLE POLICE DEPT,20150446498,Davidson,Nashville,5/12/2015 11:55:00 AM,2,0,0,36.242580,-86.756830,US HWY 31W,,,,0.00,,,DOVERSIDE DR,,,,0.00,Y,Four-Way, ,Intersection,None,,,         ,Nathan,Dungan,Clear,Front to Rear,no,no,no,no,no,False
100833497,METROPOLITAN NASHVILLE POLICE DEPT,20150451323,Davidson,Not in City Limit,5/13/2015 5:34:00 PM,2,0,0,36.076400,-86.943610,US HWY 70S,,,,188.00,Feet,West,CARRIAGE DR,,,,0.00,N,Not at Intersection,N,Non-Junction,None,,,         ,Adam,Reese,Clear,Front to Rear,no,no,no,no,no,False
100833499,METROPOLITAN NASHVILLE POLICE DEPT,20150451236,Davidson,Nashville,5/13/2015 5:00:00 PM,2,0,0,36.041040,-86.743710,EDMONDSON PIKE,,,,378.00,Feet,North,STATE HWY 254,,,,0.00,N,Not at Intersection, ,Non-Junction,None,,,         ,Tien,Nguyen,Clear,Angle,no,no,no,no,no,False
100833500,METROPOLITAN NASHVILLE POLICE DEPT,20150451360,Davidson,Antioch,5/13/2015 3:53:00 PM,2,0,0,36.050410,-86.592380,PINELAKE DR,,,,91.00,Feet,South,LAKEWALK DR,,,,0.00,N,Not at Intersection, ,Non-Junction,None,,,         ,Thomas,Odom,Clear,Angle,no,no,no,no,no,False
100833501,METROPOLITAN NASHVILLE POLICE DEPT,20150450646,Davidson,Madison,5/13/2015 2:54:00 PM,2,1,0,36.263670,-86.704460,STATE HWY 45,,,,0.00,,,DELAWARE AVE,,,,0.00,Y,Four-Way,N,Intersection-Related,None,,,         ,Carlos,Urrutia,Clear,Angle,no,no,no,no,no,False
100833505,METROPOLITAN NASHVILLE POLICE DEPT,20150447573,Davidson,Madison,5/12/2015 5:30:00 PM,2,0,0,36.262920,-86.681220,STATE HWY 45,,,,50.00,Feet,West,RIO VISTA DR,,,,0.00,N,Not at Intersection, ,Non-Junction,None,,,         ,Nathan,Dungan,Clear,"Sideswipe, Same Direction",no,no,no,no,no,False
100833506,METROPOLITAN NASHVILLE POLICE DEPT,20150430116,Davidson,Nashville,5/7/2015 3:47:00 PM,3,1,0,36.145650,-86.871270,US HWY 70,,,,226.00,Feet,West,WESTBORO DR,,,,0.00,N,Not at Intersection,N,Non-Junction,None,,,         ,Torian,Cox,Clear,Front to Rear,no,no,no,no,no,False
100833509,METROPOLITAN NASHVILLE POLICE DEPT,20150451447,Davidson,Nashville,5/13/2015 5:36:00 PM,2,0,0,36.150590,-86.694280,ELM HILL PIKE,,,,500.00,Feet,West,SANBORN DR,,,,0.00,N,Not at Intersection, ,Non-Junction,None,,,         ,Leslie,Hale,Clear,"Sideswipe, Opposite Direction",no,no,no,no,no,False
100833510,METROPOLITAN NASHVILLE POLICE DEPT,20150451228,Davidson,Nashville,5/13/2015 5:20:00 PM,2,0,0,36.106360,-86.719000,I 24,,,,0.00,,,,,,,54.00,N,Not at Intersection, ,Non-Junction,None,,,         ,Oscar,Gomez,Clear,Front to Rear,no,no,no,no,no,False
100833512,METROPOLITAN NASHVILLE POLICE DEPT,20150451372,Davidson,Nashville,5/13/2015 5:55:00 PM,2,0,0,36.198280,-86.620330,STATE HWY 45,,,,0.00,,,US HWY 70,,,,0.00,Y,Four-Way, ,Intersection,None,,,         ,Stephen,Soule,Clear,Front to Rear,no,no,no,no,no,False
100833513,METROPOLITAN NASHVILLE POLICE DEPT,20150451473,Davidson,Nashville,5/13/2015 5:21:00 PM,2,0,0,36.032340,-86.743720,EDMONDSON PIKE,,,,694.00,Feet,North,CLOVERLAND DR,,,,0.00,N,Not at Intersection, ,Non-Junction,None,,,         ,Tien,Nguyen,Clear,Front to Rear,no,no,no,no,no,False
100833514,METROPOLITAN NASHVILLE POLICE DEPT,20150447884,Davidson,Madison,5/12/2015 6:55:00 PM,2,0,0,36.258540,-86.713980,MADISON ST,,,,140.00,Feet,West,US HWY 31E,,,,0.00,N,Not at Intersection, ,"Driveway, Alley Access, etc",None,,,         ,Nathan,Dungan,Clear,"Sideswipe, Same Direction",no,no,no,no,no,False
100833520,METROPOLITAN NASHVILLE POLICE DEPT,20150451300,Davidson,Nashville,5/13/2015 6:01:00 PM,2,0,0,36.108790,-86.769480,I 65,,,,0.00,,,,,,,79.65,N,Not at Intersection, ,,None,,,         ,Mekisha,Page,,,no,no,no,no,no,False
100833521,METROPOLITAN NASHVILLE POLICE DEPT,20150450609,Davidson,Goodlettsville,5/13/2015 2:20:00 PM,2,0,0,36.296840,-86.699220,MYATT DR,,,,0.00,,,RIVERGATE PKWY,,,,0.00,Y,Four-Way,N,Intersection,None,,,         ,Nathan,Dungan,Clear,"Sideswipe, Same Direction",no,no,no,no,yes,False
100833523,METROPOLITAN NASHVILLE POLICE DEPT,20150451491,Davidson,Nashville,5/13/2015 6:40:00 PM,2,0,0,36.045140,-86.659910,EXIT 59,,,,0.00,Feet,East,I 24,,,,0.00,N,Not at Intersection, ,Non-Junction,None,,,         ,Oscar,Gomez,Clear,"Sideswipe, Same Direction",no,no,no,no,no,False
100833525,METROPOLITAN NASHVILLE POLICE DEPT,20150451130,Davidson,Nashville,5/13/2015 5:01:00 PM,2,0,0,36.125010,-86.815960,SHARONDALE DR,,,,0.00,,,WOODLAWN DR,,,,0.00,Y,Four-Way, ,Intersection,None,,,         ,Douglas,Sykes,Clear,Angle,no,no,no,no,no,False
100833530,METROPOLITAN NASHVILLE POLICE DEPT,20150451437,Davidson,Nashville,5/13/2015 6:50:00 PM,2,0,0,36.115880,-86.725250,I 24,,,,0.00,,,,,,,53.20,N,Not at Intersection, ,Non-Junction,None,,,         ,Jessie,Meadows,Clear,Front to Rear,no,no,no,no,no,False
100833531,METROPOLITAN NASHVILLE POLICE DEPT,20150451291,Davidson,Nashville,5/13/2015 6:17:00 PM,3,0,0,36.111100,-86.713240,RAMP,,,,0.00,Feet,East,STATE HWY 155,,,,0.00,N,Not at Intersection, ,Non-Junction,None,,,         ,Jessie,Meadows,Clear,Front to Rear,no,no,no,no,no,False
100833538,METROPOLITAN NASHVILLE POLICE DEPT,20150451211,Davidson,Nashville,5/13/2015 5:25:00 PM,4,1,0,36.176350,-86.768180,US HWY 31W,,,,155.00,Feet,East,-- UNKNOWN RAMP/ROAD --,,,,0.00,N,Not at Intersection,N,Entrance/Exit Ramp Related,None,,,         ,Rachael,Sacco,Clear,Front to Rear,no,no,no,no,no,False
100833540,METROPOLITAN NASHVILLE POLICE DEPT,20150451243,Davidson,Nashville,5/13/2015 5:35:00 PM,2,1,0,36.188710,-86.773150,US HWY 31W,,,,37.00,Feet,South,WHITES CREEK PIKE,,,,0.00,N,Not at Intersection,N,Non-Junction,None,,,         ,Charles,Wakefield,Clear,Not Collision with Motor Vehicle in Transport,no,no,no,no,no,False
100833542,METROPOLITAN NASHVILLE POLICE DEPT,20150431718,Davidson,Antioch,5/7/2015 10:47:00 PM,1,0,0,36.060880,-86.590680,WINDSAIL TRL,,,,0.00,,,,,,,0.00,,, ,OtherLocation,None,,,         ,Dezmond,Hughes,Clear,Not Collision with Motor Vehicle in Transport,no,no,no,no,no,False
100833545,METROPOLITAN NASHVILLE POLICE DEPT,20150451217,Davidson,Nashville,5/13/2015 5:25:00 PM,2,0,0,36.142210,-86.776710,I 65,,,,0.00,,,,,,,82.00,N,Not at Intersection,N,Non-Junction,None,,,         ,William,Taylor,Clear,Front to Rear,no,no,no,no,yes,False
100833562,METROPOLITAN NASHVILLE POLICE DEPT,20150451500,Davidson,Nashville,5/13/2015 6:51:00 PM,2,1,0,36.165420,-86.761020,S 5TH ST,,,,0.00,,,SUMMER PL,,,,0.00,Y,OTHER,N,Intersection-Related,None,,,         ,Rachael,Sacco,Clear,HeadOn,no,no,no,no,no,False
100833564,METROPOLITAN NASHVILLE POLICE DEPT,20150451740,Davidson,Nashville,5/13/2015 7:57:00 PM,2,0,0,36.119870,-86.785810,KIRKWOOD AVE,,,,0.00,,,SHERBOURNE AVE,,,,0.00,Y,T-Intersection, ,Intersection-Related,None,,,         ,Tien,Nguyen,Clear,Front to Rear,no,no,no,no,no,False
100833571,METROPOLITAN NASHVILLE POLICE DEPT,20150451195,Davidson,Nashville,5/13/2015 5:15:00 PM,2,0,0,36.162400,-86.778080,4TH AVE N,,,,0.00,,,COMMERCE ST,,,,0.00,Y,Four-Way, ,,None,,,         ,Tyler,Hutton,,,no,no,no,no,no,False
100833579,METROPOLITAN NASHVILLE POLICE DEPT,2015440604,Davidson,Nashville,5/10/2015 7:33:00 PM,2,0,0,36.161070,-86.777190,4TH AVE S,,,,0.00,,,US HWY 70,,,,0.00,Y,Four-Way, ,Intersection-Related,None,,,         ,Jacob,Paul,Clear,Front to Rear,no,no,no,no,no,False
100833582,METROPOLITAN NASHVILLE POLICE DEPT,20150451480,Davidson,Not in City Limit,5/13/2015 12:00:00 AM,1,0,0,36.281840,-86.927830,RIDGE RD,,,,544.00,Feet,West,GRAYS POINT RD,,,,0.00,N,Not at Intersection,N,Non-Junction,None,,,         ,Timothy,Morgan,Clear,Not Collision with Motor Vehicle in Transport,no,no,no,yes,yes,False
100833584,METROPOLITAN NASHVILLE POLICE DEPT,20150451469,Davidson,Nashville,5/13/2015 6:36:00 PM,3,0,0,36.108050,-86.766230,POWELL AVE,,,,0.00,,,,,,,0.00,,,N,OtherLocation,None,,,         ,Mekisha,Page,Clear,Other,no,no,no,yes,yes,False
100833587,METROPOLITAN NASHVILLE POLICE DEPT,2015-0451153,Davidson,Nashville,5/13/2015 5:10:00 PM,2,0,0,36.142110,-86.776900,I 65,,,,0.00,,,,,,,82.00,N,Not at Intersection, ,Non-Junction,None,,,         ,Clyde,Stambaugh,Clear,Front to Rear,no,no,no,no,no,False
100833599,METROPOLITAN NASHVILLE POLICE DEPT,20150451205,Davidson,Madison,5/13/2015 5:00:00 PM,2,0,0,36.269400,-86.689860,ROOSEVELT AVE,,,,0.00,,,MYATT DR,,,,0.00,Y,Four-Way, ,Intersection,None,,,         ,Nathan,Dungan,Clear,Angle,no,no,no,no,no,False
100833617,METROPOLITAN NASHVILLE POLICE DEPT,20150452152,Davidson,Nashville,5/13/2015 8:34:00 PM,2,0,0,36.052820,-86.673060,BLUE HOLE RD,,,,25.00,Feet,North,TUSCULUM RD,,,,0.00,N,Not at Intersection, ,Non-Junction,None,,,         ,Thomas,Odom,Clear,Front to Rear,no,no,no,no,yes,False
100833619,METROPOLITAN NASHVILLE POLICE DEPT,20150448307,Davidson,Nashville,5/12/2015 9:42:00 PM,4,0,0,36.170610,-86.744480,SHELBY AVE,,,,70.00,Feet,East,S 15TH ST,,,,0.00,N,Not at Intersection,N,Non-Junction,None,,,         ,Cressie,Prill,Clear,"Sideswipe, Same Direction",no,no,no,no,no,False
100833625,METROPOLITAN NASHVILLE POLICE DEPT,20150452002,Davidson,Nashville,5/13/2015 9:41:00 PM,3,0,0,36.044840,-86.663160,STATE HWY 254,,,,488.00,Feet,West,CANE RIDGE RD,,,,0.00,N,Not at Intersection,N,Non-Junction,None,,,         ,Jessie,Meadows,Clear,Front to Rear,no,no,no,no,no,False
100833628,METROPOLITAN NASHVILLE POLICE DEPT,20150451196,Davidson,Nashville,5/13/2015 5:05:00 PM,2,1,0,36.207710,-86.785610,US HWY 431,,,,0.00,,,LIBERIA ST,,,,0.00,Y,Y-Intersection,N,Non-Junction,None,,,         ,James,Wray,Clear,Front to Rear,no,no,no,no,no,False
100833630,METROPOLITAN NASHVILLE POLICE DEPT,20150450881,Davidson,Nashville,5/13/2015 3:46:00 PM,2,0,0,36.096280,-86.763200,I 65,,,,0.00,,,,,,,78.80,N,Not at Intersection, ,Non-Junction,None,,,         ,Miguel,Garcia,Clear,Front to Rear,no,no,no,no,no,False