master_record_number,agency,agency_tracking_number,county,city,collision_date,vehicles_involved,number_injured,number_dead,latitude,longitude,roadway_name,roadway_suffix,roadway_number,roadway_local_id,distance_from_reference,miles-feet_indicator,direction_from_reference,intersection_road_name,intersection_road_name_suffix,intersection_road_number,intersection_local_id,mile_marker,intersection_indicator,intersect_type,interchange_related_indicator,relation_to_junction,work_zone_type,construction_maintenance_zone,construction_maintenance_zone_location,fatal_case_number,officer_first_name,officer_last_name,weather_condition(s),manner_of_crash,pedestrian,bicycle,scooter,parking,hitrun,mou
100833999,METROPOLITAN NASHVILLE POLICE DEPT,20150454194,Davidson,Nashville,5/14/2015 11:40:00 AM,5,2,0,36.215130,-86.597660,US HWY 70,,,,0.00,,,ANDREW JACKSON PKWY,,,,0.00,Y,Four-Way,N,Intersection-Related,None,,,         ,William,Mckay,Clear,Angle,no,no,no,no,no,False
100834005,METROPOLITAN NASHVILLE POLICE DEPT,20150454832,Davidson,Nashville,5/14/2015 2:40:00 PM,2,0,0,36.130380,-86.801960,US HWY 431,,,,0.00,,,BLAIR BLVD,,,,0.00,Y,Four-Way, ,,None,,,         ,Charles,Griffin,,,no,no,no,no,no,False
100834021,METROPOLITAN NASHVILLE POLICE DEPT,20150454903,Davidson,Nashville,5/14/2015 3:14:00 PM,2,0,0,36.143830,-86.648250,I 40,,,,0.00,,,,,,,217.30,N,Not at Intersection, ,Non-Junction,None,,,         ,James,Tidwell,Clear,Front to Rear,no,no,no,no,no,False
100834023,METROPOLITAN NASHVILLE POLICE DEPT,20150454955,Davidson,Nashville,5/14/2015 3:44:00 PM,2,0,0,36.092700,-86.652170,US HWY 41,,,,700.00,Feet,South,FRANKLIN LIMESTONE RD,,,,0.00,N,Not at Intersection,N,Non-Junction,None,,,         ,Brandon,Vance,Cloudy,Front to Rear,no,no,no,no,no,False
100834033,METROPOLITAN NASHVILLE POLICE DEPT,20150454891,Davidson,Nashville,5/14/2015 3:54:00 PM,2,0,0,36.104290,-86.795930,MAPLEHURST AVE,,,,164.00,Feet,East,GRANNY WHITE PIKE,,,,0.00,N,Not at Intersection, ,Non-Junction,None,,,         ,Mekisha,Page,Clear,Angle,no,no,no,no,no,False
100834034,METROPOLITAN NASHVILLE POLICE DEPT,20150454929,Davidson,Nashville,5/14/2015 3:02:00 PM,2,0,0,36.201690,-86.732730,LITTON AVE,,,,0.00,,,SCOTT AVE,,,,0.00,Y,Four-Way,N,Intersection,None,,,         ,Kimberly,Brown,Clear,Front to Rear,no,no,no,no,yes,False
100834037,METROPOLITAN NASHVILLE POLICE DEPT,20150454769,Davidson,Nashville,5/14/2015 1:45:00 PM,3,0,0,36.096150,-86.737650,US HWY 31 ALT,,,,0.00,Feet,,ALLIED DR,,,,0.00,Y,Four-Way,N,Intersection-Related,None,,,         ,Tien,Nguyen,Clear,Front to Rear,no,no,no,no,no,False
100834039,METROPOLITAN NASHVILLE POLICE DEPT,20150451957,Davidson,Nashville,5/14/2015 9:04:00 PM,2,0,0,36.167000,-86.763720,SHELBY AVE,,,,0.00,,,S 4TH ST,,,,0.00,Y,Four-Way, ,Intersection-Related,None,,,         ,Rachael,Sacco,Clear,"Sideswipe, Same Direction",no,no,no,no,no,False
100834040,METROPOLITAN NASHVILLE POLICE DEPT,2015-0455117,Davidson,Nashville,5/14/2015 4:25:00 PM,2,0,0,36.149400,-86.857890,STATE HWY 155,,,,146.00,Feet,South,RAMP,,,,0.00,N,Not at Intersection, ,Non-Junction,None,,,         ,Christopher,Clark,Cloudy,Front to Rear,no,no,no,no,no,False
100834041,METROPOLITAN NASHVILLE POLICE DEPT,20150454997,Davidson,Nashville,5/14/2015 12:00:00 AM,2,0,0,36.159280,-86.792630,-- UNKNOWN RAMP/ROAD --,,,,0.00,,,I 40,,,,0.00,Y,OTHER, ,Non-Junction,None,,,         ,Michael,Collazo,Clear,Angle,no,no,no,no,no,False
100834042,GOODLETTSVILLE POLICE DEPT,15-18532,Davidson,Goodlettsville,5/14/2015 3:20:00 PM,2,1,0,36.298920,-86.700240,RIVERGATE PKWY,,,,0.00,,,GLANCY ST,,,,0.00,Y,T-Intersection,N,Intersection,None,,,         ,Daniel,Knalls,Clear,Angle,no,no,no,no,no,False
100834043,METROPOLITAN NASHVILLE POLICE DEPT,20150455005,Davidson,Nashville,5/14/2015 3:45:00 PM,2,0,0,36.198970,-86.688690,EXIT 11,,,,0.00,Feet,East,BRILEY PKWY,,,,0.00,N,Not at Intersection, ,Non-Junction,None,,,         ,Jiyayi,Suleyman,Clear,Not Collision with Motor Vehicle in Transport,no,no,no,no,no,False
100834044,METROPOLITAN NASHVILLE POLICE DEPT,20150451474,Davidson,Nashville,5/13/2015 6:39:00 PM,2,0,0,36.039920,-86.781300,-- UNKNOWN RAMP/ROAD --,,,,0.00,,,I 65,,,,0.00,Y,OTHER, ,Entrance/Exit Ramp Related,None,,,         ,Ricki,Armstrong,Clear,Front to Rear,no,no,no,no,no,False
100834047,METROPOLITAN NASHVILLE POLICE DEPT,2015-0454939,Davidson,Nashville,5/14/2015 3:38:00 PM,2,1,0,36.074750,-86.920010,US HWY 70S,,,,285.00,Feet,East,STATE HWY 251,,,,0.00,N,Not at Intersection,N,Non-Junction,None,,,         ,Walter,Gray II,Cloudy,Angle,no,no,no,no,no,False
100834066,METROPOLITAN NASHVILLE POLICE DEPT,20150455227,Davidson,Nashville,5/14/2015 4:58:00 PM,2,0,0,36.068000,-86.774180,US HWY 31,,,,44.00,Feet,South,EVANSDALE DR,,,,0.00,N,Not at Intersection, ,Non-Junction,None,,,         ,Mekisha,Page,Clear,Front to Rear,no,no,no,no,no,False
100834072,METROPOLITAN NASHVILLE POLICE DEPT,20150455202,Davidson,Nashville,5/14/2015 4:55:00 PM,2,0,0,36.078480,-86.656530,UNA ANTIOCH PIKE,,,,188.00,Feet,East,OAK BARREL LN,,,,0.00,N,Not at Intersection, ,Non-Junction,None,,,         ,William,Durham,Clear,Front to Rear,no,no,no,no,no,False
100834073,GOODLETTSVILLE POLICE DEPT,15-18520,Davidson,Goodlettsville,5/14/2015 1:25:00 PM,2,0,0,36.309560,-86.695720,VIETNAM VETERANS EXIT  1,RAMP,SR386,,0.00,,,CONFERENCE,DR,,,0.00,Y,T-Intersection, ,Intersection-Related,None,,,         ,Charles,Hauskin,Clear,Front to Rear,no,no,no,no,no,False
100834074,METROPOLITAN NASHVILLE POLICE DEPT,20150455225,Davidson,Nashville,5/14/2015 4:35:00 PM,2,0,0,36.187260,-86.608260,ANDREW JACKSON PKWY,,,,153.00,Feet,North,JACKSON PASS,,,,0.00,N,Not at Intersection,N,Non-Junction,None,,,         ,David,Abbott,Cloudy,Front to Rear,no,no,no,no,no,False
100834077,METROPOLITAN NASHVILLE POLICE DEPT,20150455236,Davidson,Nashville,5/14/2015 5:00:00 PM,2,0,0,36.146790,-86.742980,I 40,,,,0.00,,,,,,,212.10,N,Not at Intersection, ,Non-Junction,None,,,         ,Jiyayi,Suleyman,Cloudy,Front to Rear,no,no,no,no,no,False
100834078,METROPOLITAN NASHVILLE POLICE DEPT,20150455176,Davidson,Nashville,5/14/2015 4:45:00 PM,2,0,0,36.153140,-86.756040,I 40,,,,0.00,,,,,,,211.20,N,Not at Intersection, ,Non-Junction,None,,,         ,Brent,Palte,Clear,"Sideswipe, Same Direction",no,no,no,no,no,False
100834082,METROPOLITAN NASHVILLE POLICE DEPT,20150455298,Davidson,Nashville,5/14/2015 4:12:00 PM,2,0,0,36.110940,-86.808160,GRAYBAR LN,,,,43.00,Feet,West,BENHAM AVE,,,,0.00,N,Not at Intersection, ,OtherLocation,None,,,         ,Tien,Nguyen,Clear,Rear to Side,no,no,no,no,no,False
100834085,METROPOLITAN NASHVILLE POLICE DEPT,20150454785,Davidson,Nashville,5/14/2015 2:53:00 PM,2,1,0,36.183180,-86.773800,GRACE ST,,,,0.00,,,US HWY 31W,,,,0.00,Y,OTHER,N,Non-Junction,None,,,         ,Martin,Gonzalez,Cloudy,Angle,no,no,no,no,no,False
100834088,METROPOLITAN NASHVILLE POLICE DEPT,20150455366,Davidson,Nashville,5/14/2015 5:43:00 PM,2,0,0,36.165300,-86.781570,5TH AVE N,,,,11.00,Feet,North,DEADERICK ST,,,,0.00,N,Not at Intersection, ,Non-Junction,None,,,         ,Benjamin,Smith,Clear,"Sideswipe, Same Direction",no,no,no,no,no,False
100834092,METROPOLITAN NASHVILLE POLICE DEPT,2015-0455224,Davidson,Nashville,5/14/2015 4:29:00 PM,2,0,0,36.092020,-86.877570,STATE HWY 100,,,,50.00,Feet,North,CHEEK RD,,,,0.00,N,Not at Intersection,N,Non-Junction,None,,,         ,Walter,Gray II,Cloudy,Not Collision with Motor Vehicle in Transport,no,no,no,no,no,False
100834096,METROPOLITAN NASHVILLE POLICE DEPT,20150455317,Davidson,Nashville,5/14/2015 5:25:00 PM,2,0,0,36.241020,-86.758790,-- UNKNOWN RAMP/ROAD --,,,,0.00,Feet,East,I 65,,,,0.00,N,Not at Intersection,Y,Entrance/Exit Ramp Related,None,,,         ,Nathan,Dungan,Cloudy,Front to Rear,no,no,no,no,no,False
100834100,METROPOLITAN NASHVILLE POLICE DEPT,2015-0443750,Davidson,Not in City Limit,5/11/2015 6:01:00 PM,1,1,0,36.265280,-86.711150,US HWY 31E,,,,214.00,Feet,South,DULING AVE,,,,0.00,N,Not at Intersection,N,Non-Junction,None,,,         ,Luis,Lopez,Clear,Not Collision with Motor Vehicle in Transport,yes,no,no,no,no,False
100834105,METROPOLITAN NASHVILLE POLICE DEPT,20150455449,Davidson,Nashville,5/14/2015 5:16:00 PM,2,0,0,36.143160,-86.666740,STATE HWY 255,,,,94.00,Feet,North,CONNECTING ROAD,,,,0.00,N,Not at Intersection,N,Non-Junction,None,,,         ,Leslie,Hale,Cloudy,Angle,no,no,no,no,no,False
100834106,METROPOLITAN NASHVILLE POLICE DEPT,20150451820,Davidson,Nashville,5/13/2015 7:55:00 PM,2,0,0,36.220400,-86.774150,I 24,,,,0.00,,,,,,,44.80,N,Not at Intersection,Y,Non-Junction,Construction Zone,Work On Shoulder Or Median,Transition Area,         ,Nathan,Dungan,Clear,"Sideswipe, Same Direction",no,no,no,no,yes,False
100834112,METROPOLITAN NASHVILLE POLICE DEPT,20150455376,Davidson,Nashville,5/14/2015 5:44:00 PM,3,0,0,36.112690,-86.772970,RAMP,,,,0.00,Feet,East,I 65,,,,0.00,N,Not at Intersection,N,Non-Junction,None,,,         ,Brenton,Adcox,Clear,Angle,no,no,no,no,no,False
100834113,METROPOLITAN NASHVILLE POLICE DEPT,20150455529,Davidson,Nashville,5/14/2015 6:26:00 PM,2,0,0,36.091110,-86.625640,BELL RD,,,,357.00,Feet,North,SMITH SPRINGS RD,,,,0.00,N,Not at Intersection, ,Non-Junction,None,,,         ,Michael,Apsey,Cloudy,Front to Rear,no,no,no,no,no,False
100834127,METROPOLITAN NASHVILLE POLICE DEPT,20150455238,Davidson,Nashville,5/14/2015 5:05:00 PM,2,0,0,36.134470,-86.788910,12TH AVE S,,,,0.00,,,ACKLEN AVE,,,,0.00,Y,T-Intersection, ,Intersection,None,,,         ,William,Taylor,Cloudy,Front to Rear,no,no,no,no,no,False
100834132,WILLIAMSON CO SHERIFFS OFFICE,154970,Davidson,Nashville,5/14/2015 6:27:00 PM,2,0,0,36.031210,-86.875580,MURRAY LN,,,,0.00,Feet,,US HWY 431,,,,0.00,Y,T-Intersection, ,Intersection,None,,,         ,George,Poss,Cloudy,Front to Rear,no,no,no,no,no,False
100834138,METROPOLITAN NASHVILLE POLICE DEPT,20150455686,Davidson,Nashville,5/14/2015 7:29:00 PM,2,0,0,36.178140,-86.751650,S 10TH ST,,,,0.00,,,N 10TH ST,,,,0.00,Y,Four-Way, ,Intersection,None,,,         ,Cressie,Prill,Clear,Front to Rear,no,no,no,no,no,False
100834146,METROPOLITAN NASHVILLE POLICE DEPT,20150455596,Davidson,Nashville,5/14/2015 7:00:00 PM,1,0,0,36.151210,-86.762110,CHARLES E DAVIS BLVD,,,,89.00,Feet,North,CANNON ST,,,,0.00,N,Not at Intersection,N,Non-Junction,None,,,         ,Brent,Palte,Clear,Not Collision with Motor Vehicle in Transport,no,no,no,no,yes,False
100834159,METROPOLITAN NASHVILLE POLICE DEPT,20150455697,Davidson,Nashville,5/14/2015 7:34:00 PM,2,1,0,36.144010,-86.699040,I 40,,,,0.00,,,,,,,214.80,N,Not at Intersection,N,Non-Junction,None,,,         ,James,Tidwell,Cloudy,Front to Rear,no,no,no,no,no,False
100834163,METROPOLITAN NASHVILLE POLICE DEPT,20150455401,Davidson,Nashville,5/14/2015 5:55:00 PM,2,0,0,36.168620,-86.686120,US HWY 70,,,,556.00,Feet,East,EXIT 8,,,,0.00,N,Not at Intersection, ,Non-Junction,None,,,         ,William,Waters,Clear,"Sideswipe, Same Direction",no,no,no,no,no,False
100834168,METROPOLITAN NASHVILLE POLICE DEPT,20150451743,Davidson,Nashville,5/13/2015 7:25:00 PM,2,0,0,36.114590,-86.720140,E THOMPSON LN,,,,0.00,,,,,,,0.00,,, ,,,,,         ,Michael,Moss,,,no,no,no,yes,no,False
100834176,METROPOLITAN NASHVILLE POLICE DEPT,20150454911,Davidson,Nashville,5/14/2015 3:30:00 PM,2,1,0,36.129200,-86.904790,US HWY 70,,,,452.00,Feet,West,DAVIDSON DR,,,,0.00,N,Not at Intersection,N,Non-Junction,None,,,         ,John,Thomas,Cloudy,Front to Rear,no,no,no,no,no,False
100834182,METROPOLITAN NASHVILLE POLICE DEPT,20150456057,Davidson,Antioch,5/14/2015 9:13:00 PM,1,0,0,36.029450,-86.586430,HICKORY WAY,,,,114.00,Feet,East,HICKORY WAY CT,,,,0.00,N,Not at Intersection, ,Non-Junction,None,,,         ,William,Durham,Clear,Not Collision with Motor Vehicle in Transport,no,no,no,yes,no,False
100834185,METROPOLITAN NASHVILLE POLICE DEPT,20150455909,Davidson,Nashville,5/14/2015 9:26:00 PM,2,0,0,36.152000,-86.803000,21ST AVE N,,,,195.00,Feet,South,CHURCH ST,,,,0.00,N,Not at Intersection, ,OtherLocation,None,,,         ,Mekisha,Page,Clear,Angle,no,no,no,yes,yes,Campus
100834207,METROPOLITAN NASHVILLE POLICE DEPT,20150454900,Davidson,Nashville,5/14/2015 3:25:00 PM,1,0,0,36.234620,-86.806430,STATE HWY 155,,,,869.00,Feet,West,KNIGHT DR,,,,0.00,N,Not at Intersection,N,Non-Junction,None,,,         ,Michael,Brooks,Cloudy,Not Collision with Motor Vehicle in Transport,no,no,no,no,no,False
100834208,METROPOLITAN NASHVILLE POLICE DEPT,20150455090,Davidson,Nashville,5/14/2015 4:18:00 PM,2,0,0,36.173020,-86.792390,9TH AVE N,,,,0.00,,,JEFFERSON ST,,,,0.00,Y,Four-Way,Y,Intersection-Related,None,,,         ,Michael,Brooks,Cloudy,"Sideswipe, Opposite Direction",no,no,no,no,no,False
100834210,METROPOLITAN NASHVILLE POLICE DEPT,20150456144,Davidson,Nashville,5/14/2015 10:20:00 PM,1,1,0,36.062010,-86.681970,I 24,,,,0.00,,,,,,,57.65,N,Not at Intersection,N,Non-Junction,None,,,         ,Jessie,Meadows,Clear,Not Collision with Motor Vehicle in Transport,no,no,no,no,no,False
100834213,METROPOLITAN NASHVILLE POLICE DEPT,20150434827,Davidson,Nashville,5/8/2015 6:14:00 PM,2,0,0,36.194850,-86.726030,BRANCH ST,,,,0.00,,,CAHAL AVE,,,,0.00,Y,Four-Way, ,Intersection,None,,,         ,Whitney,Arnold,Clear,Angle,no,no,no,no,yes,False
100834214,METROPOLITAN NASHVILLE POLICE DEPT,20150452087,Davidson,Nashville,5/13/2015 9:46:00 PM,1,1,0,36.203320,-86.738620,GALLATIN PIKE,,,,100.00,Feet,South,E TRINITY LN,,,,0.00,N,Not at Intersection,N,Non-Junction,None,,,         ,Whitney,Arnold,Clear,Not Collision with Motor Vehicle in Transport,yes,no,no,no,no,False
100834228,METROPOLITAN NASHVILLE POLICE DEPT,20150451646,Davidson,Nashville,5/15/2015 6:30:00 PM,1,0,0,36.210700,-86.690990,STATE HWY 155,,,,409.00,Feet,North,BRILEY PKWY,,,,0.00,N,Not at Intersection, ,Non-Junction,None,,,         ,Darryl,Williams,Clear,Not Collision with Motor Vehicle in Transport,no,no,no,no,no,False
100834265,METROPOLITAN NASHVILLE POLICE DEPT,20150456703,Davidson,Nashville,5/15/2015 1:55:00 AM,1,1,0,36.210210,-86.765800,US HWY 31W,,,,182.00,Feet,North,MARTIN AVE,,,,0.00,N,Not at Intersection,N,Non-Junction,None,,,         ,Ashley,Arnold,Clear,Not Collision with Motor Vehicle in Transport,no,no,no,no,no,False
100834279,METROPOLITAN NASHVILLE POLICE DEPT,20150456949,Davidson,Not in City Limit,5/15/2015 4:30:00 AM,1,0,0,36.072540,-86.946400,SAWYER BROWN RD,,,,413.00,Feet,South,PLANTATION CT,,,,0.00,N,Not at Intersection,N,Non-Junction,None,,,         ,Ericka,Bingham,Clear,Not Collision with Motor Vehicle in Transport,no,no,no,no,no,False
100834293,METROPOLITAN NASHVILLE POLICE DEPT,2015-0448452,Davidson,Nashville,5/12/2015 10:22:00 PM,2,0,0,36.066360,-86.686480,I 24,,,,0.00,,,,,,,57.30,N,Not at Intersection,N,Non-Junction,None,,,         ,Eric,Dandy,Clear,"Sideswipe, Same Direction",no,no,no,no,yes,False
100834301,METROPOLITAN NASHVILLE POLICE DEPT,20150454612,Davidson,Madison,5/14/2015 1:20:00 PM,2,0,0,36.273260,-86.710140,US HWY 31E,,,,71.00,Feet,South,ANDERSON LN,,,,0.00,N,Not at Intersection,N,Non-Junction,None,,,         ,Brian,Otto,Cloudy,Angle,no,no,no,no,no,False
100834309,METROPOLITAN NASHVILLE POLICE DEPT,20150453655,Davidson,Nashville,5/14/2015 8:50:00 AM,2,0,0,36.148480,-86.692090,STATE HWY 155,,,,489.00,Feet,North,MARRIOTT DR,,,,0.00,N,Not at Intersection, ,,None,,,         ,James,Curtis,,,no,no,no,no,no,False
100834314,METROPOLITAN NASHVILLE POLICE DEPT,20150454603,Davidson,Nashville,5/14/2015 1:40:00 PM,2,0,0,36.176790,-86.772260,SPRING ST,,,,0.00,,,-- UNKNOWN RAMP/ROAD --,,,,0.00,Y,OTHER, ,Intersection-Related,None,,,         ,William,Crowe,Clear,Angle,no,no,no,no,no,False
100834318,BERRY HILL POLICE DEPT,15-1892,Davidson,Berry Hill,5/13/2015 10:40:00 AM,2,0,0,36.113070,-86.762740,E IRIS DR,,,,93.00,Feet,North,HEATHER PL,,,,0.00,N,Not at Intersection, ,Non-Junction,None,,,         ,John,Gleixner,Clear,"Sideswipe, Same Direction",no,no,no,yes,no,False
100834321,METROPOLITAN NASHVILLE POLICE DEPT,20150457247,Davidson,Nashville,5/15/2015 7:34:00 AM,2,0,0,36.194340,-86.830610,BUENA VISTA PIKE,,,,105.00,Feet,North,RAMP,,,,0.00,N,Not at Intersection, ,Non-Junction,None,,,         ,Ky,Luu,Clear,"Sideswipe, Same Direction",no,no,no,no,no,False
100834322,VANDERBILT UNIVERSITY POLICE,15-0454461,Davidson,Nashville,5/14/2015 11:30:00 AM,1,0,0,36.112110,-86.765260,STATE HWY 155,,,,0.00,,,CONNECTING ROAD,,,,0.00,Y,Four-Way, ,Intersection-Related,None,,,         ,Fred,Oakley,Clear,Not Collision with Motor Vehicle in Transport,no,no,no,no,no,False
100834323,METROPOLITAN NASHVILLE POLICE DEPT,2015-0457273,Davidson,Not in City Limit,5/15/2015 7:45:00 AM,2,0,0,36.035280,-86.968860,STATE HWY 100,,,,211.00,Feet,West,PASQUO RD,,,,0.00,N,Not at Intersection,N,Non-Junction,None,,,         ,Curtis,Rich,Clear,Front to Rear,no,no,no,no,no,False
100834326,METROPOLITAN NASHVILLE POLICE DEPT,20150453898,Davidson,Nashville,5/14/2015 10:09:00 AM,2,1,0,36.153040,-86.755370,I 40,,,,0.00,,,,,,,211.25,N,Not at Intersection,N,Non-Junction,None,,,         ,James,Curtis,Clear,Front to Rear,no,no,no,no,no,False
100834331,METROPOLITAN NASHVILLE POLICE DEPT,20150453541,Davidson,Nashville,5/14/2015 8:00:00 AM,2,0,0,36.167580,-86.820710,28TH AVE N,,,,404.00,Feet,South,SCOVEL ST,,,,0.00,N,Not at Intersection, ,Non-Junction,None,,,         ,Joseph,Cadden,Clear,"Sideswipe, Same Direction",no,no,no,no,no,False
100834332,METROPOLITAN NASHVILLE POLICE DEPT,20150457220,Davidson,Nashville,5/15/2015 7:00:00 AM,2,0,0,36.175260,-86.792680,US HWY 41 ALT,,,,0.00,,,MONROE ST,,,,0.00,Y,Four-Way,N,Intersection,None,,,         ,Joseph,Cadden,Clear,Angle,no,no,no,no,yes,False
100834334,METROPOLITAN NASHVILLE POLICE DEPT,20150457297,Davidson,Nashville,5/15/2015 12:00:00 AM,2,0,0,36.156240,-86.775640,5TH AVE S,,,,143.00,Feet,South,FRANKLIN ST,,,,0.00,N,Not at Intersection,N,OtherLocation,None,,,         ,Joshua,Hollins,Unknown,Unknown,no,no,no,yes,yes,False
100834349,METROPOLITAN NASHVILLE POLICE DEPT,2015-0457129,Davidson,Nashville,5/15/2015 6:20:00 AM,2,0,0,36.135990,-86.698790,STATE HWY 155,,,,0.00,,,ARBOR CREEK BLVD,,,,0.00,Y,Four-Way, ,Non-Junction,None,,,         ,Michael,Payne,Clear,Angle,no,no,no,no,no,False
100834356,METROPOLITAN NASHVILLE POLICE DEPT,20150457395,Davidson,Nashville,5/15/2015 8:25:00 AM,2,0,0,36.152870,-86.771920,4TH AVE S,,,,167.00,Feet,South,ELM ST,,,,0.00,N,Not at Intersection, ,Non-Junction,None,,,         ,Jeffrey,Livingston,Clear,Angle,no,no,no,no,no,False
100834357,METROPOLITAN NASHVILLE POLICE DEPT,2015-0457269,Davidson,Nashville,5/15/2015 7:38:00 AM,3,0,0,36.085960,-86.698730,EXIT 56,,,,0.00,Feet,East,STATE HWY 255,,,,0.00,N,Not at Intersection,Y,Entrance/Exit Ramp Related,None,,,         ,William,Whitworth,Clear,Front to Rear,no,no,no,no,yes,False
100834358,METROPOLITAN NASHVILLE POLICE DEPT,20150457401,Davidson,Nashville,5/15/2015 8:12:00 AM,2,0,0,36.037510,-86.786520,US HWY 31,,,,0.00,,,STATE HWY 254,,,,0.00,Y,Four-Way, ,Intersection,None,,,         ,Arthur,Hummell,Clear,Other,no,no,no,no,no,False
100834363,METROPOLITAN NASHVILLE POLICE DEPT,20150457353,Davidson,Nashville,5/15/2015 7:46:00 AM,2,0,0,36.048360,-86.657420,HICKORY HOLLOW PKWY,,,,0.00,,,CONNECTING ROAD,,,,0.00,Y,Four-Way, ,Intersection,None,,,         ,Brian,Lamb,Clear,Angle,no,no,no,no,no,False
100834365,METROPOLITAN NASHVILLE POLICE DEPT,2015-0457469,Davidson,Not in City Limit,5/15/2015 8:40:00 AM,3,0,0,36.073860,-86.928740,US HWY 70S,,,,161.00,Feet,East,CLUB PKWY,,,,0.00,N,Not at Intersection,N,Non-Junction,None,,,         ,Curtis,Rich,Clear,Front to Rear,no,no,no,no,no,False
100834368,METROPOLITAN NASHVILLE POLICE DEPT,20150457526,Davidson,Nashville,5/15/2015 9:05:00 AM,2,0,0,36.153240,-86.787360,EXIT 209A,,,,0.00,,,I 40,,,,0.00,Y,OTHER, ,,None,,,         ,Joshua,Hollins,,,no,no,no,no,no,False
100834370,METROPOLITAN NASHVILLE POLICE DEPT,20150457503,Davidson,Nashville,5/15/2015 8:58:00 AM,2,1,0,36.153870,-86.762860,I 40,,,,0.00,,,,,,,210.80,N,Not at Intersection,Y,Non-Junction,None,,,         ,Mitchell,McClay,Clear,"Sideswipe, Same Direction",no,no,no,no,no,False
100834372,METROPOLITAN NASHVILLE POLICE DEPT,20150456951,Davidson,Nashville,5/15/2015 4:33:00 AM,2,1,0,36.166370,-86.780700,4TH AVE N,,,,0.00,,,CHARLOTTE AVE,,,,0.00,Y,Four-Way,N,Non-Junction,None,,,         ,Audrean,Manquero,Clear,Other,no,no,no,no,no,False
100834373,METROPOLITAN NASHVILLE POLICE DEPT,20150457431,Davidson,Nashville,5/15/2015 8:37:00 AM,2,0,0,36.218120,-86.803990,MOORMANS ARM RD,,,,149.00,Feet,West,US HWY 431,,,,0.00,N,Not at Intersection,N,Non-Junction,None,,,         ,Michael,McCord,Cloudy,Front to Rear,no,no,no,no,no,False
100834375,METROPOLITAN NASHVILLE POLICE DEPT,20150457276,Davidson,Nashville,5/15/2015 7:39:00 AM,2,0,0,36.135700,-86.893050,I 40,,,,0.00,,,,,,,201.60,N,Not at Intersection, ,Entrance/Exit Ramp Related,None,,,         ,Josh,Baney,Clear,"Sideswipe, Same Direction",no,no,no,no,no,False
100834377,METROPOLITAN NASHVILLE POLICE DEPT,20150429638,Davidson,Nashville,5/7/2015 1:10:00 PM,1,0,0,36.082550,-86.710980,STATE HWY 255,,,,144.00,Feet,West,TAMPA DR,,,,0.00,N,Not at Intersection,N,Non-Junction,None,,,         ,Ian,Hammond,Clear,Not Collision with Motor Vehicle in Transport,no,no,no,yes,no,False
100834378,METROPOLITAN NASHVILLE POLICE DEPT,20150454635,Davidson,Nashville,5/14/2015 1:40:00 PM,2,0,0,36.090200,-86.703200,I 24,,,,0.00,,,,,,,55.40,N,Not at Intersection, ,Non-Junction,None,,,         ,Ian,Hammond,Cloudy,"Sideswipe, Same Direction",no,no,no,no,no,False
100834379,METROPOLITAN NASHVILLE POLICE DEPT,20150457489,Davidson,Nashville,5/15/2015 8:30:00 AM,2,0,0,36.079850,-86.725990,RAMP,,,,0.00,,,STATE HWY 255,,,,0.00,Y,Four-Way, ,Non-Junction,None,,,         ,Ian,Hammond,Clear,Front to Rear,no,no,no,no,no,False
100834381,METROPOLITAN NASHVILLE POLICE DEPT,20150457470,Davidson,Nashville,5/15/2015 8:49:00 AM,2,0,0,36.120430,-86.726560,EXIT 53,,,,0.00,Feet,East,I 24,,,,0.00,N,Not at Intersection, ,Non-Junction,None,,,         ,Megan,Arnett,Clear,"Sideswipe, Same Direction",no,no,no,no,no,False
100834387,METROPOLITAN NASHVILLE POLICE DEPT,20150457514,Davidson,Nashville,5/15/2015 8:50:00 AM,2,0,0,36.218710,-86.803860,US HWY 431,,,,215.00,Feet,North,MOORMANS ARM RD,,,,0.00,N,Not at Intersection,N,Non-Junction,None,,,         ,Clint,Gilleland,Cloudy,Angle,no,no,no,no,no,False
100834401,METROPOLITAN NASHVILLE POLICE DEPT,20150457596,Davidson,Nashville,5/15/2015 9:01:00 AM,2,0,0,36.145730,-86.696250,EXIT 6A,,,,0.00,,,EXIT 6B,,,,0.00,Y,OTHER, ,Entrance/Exit Ramp Related,None,,,         ,Bryan,Byrnes,Clear,"Sideswipe, Same Direction",no,no,no,no,no,False
100834403,METROPOLITAN NASHVILLE POLICE DEPT,20150457271,Davidson,Nashville,5/15/2015 7:40:00 AM,2,0,0,36.110210,-86.736730,STATE HWY 155,,,,105.00,Feet,West,PRESCOTT PL,,,,0.00,N,Not at Intersection,N,Non-Junction,None,,,         ,Christopher,Hanor,Clear,Angle,no,no,no,no,no,False
100834410,METROPOLITAN NASHVILLE POLICE DEPT,20150457405,Davidson,Nashville,5/15/2015 8:16:00 AM,2,0,0,36.177540,-86.764310,US HWY 31E,,,,0.00,,,-- UNKNOWN RAMP/ROAD --,,,,0.00,Y,OTHER,N,Non-Junction,None,,,         ,Martin,Gonzalez,Clear,Front to Rear,no,no,no,no,no,False