master_record_number,agency,agency_tracking_number,county,city,collision_date,vehicles_involved,number_injured,number_dead,latitude,longitude,roadway_name,roadway_suffix,roadway_number,roadway_local_id,distance_from_reference,miles-feet_indicator,direction_from_reference,intersection_road_name,intersection_road_name_suffix,intersection_road_number,intersection_local_id,mile_marker,intersection_indicator,intersect_type,interchange_related_indicator,relation_to_junction,work_zone_type,construction_maintenance_zone,construction_maintenance_zone_location,fatal_case_number,officer_first_name,officer_last_name,weather_condition(s),manner_of_crash,pedestrian,bicycle,scooter,parking,hitrun,mou
100834823,METROPOLITAN NASHVILLE POLICE DEPT,20150458505,Davidson,Nashville,5/15/2015 2:15:00 PM,2,0,0,36.081380,-86.726860,US HWY 31 ALT,,,,348.00,Feet,North,RAMP,,,,0.00,N,Not at Intersection,N,Non-Junction,None,,,         ,John,Stanfield,Cloudy,Rear to Rear,no,no,no,yes,yes,False
100834866,METROPOLITAN NASHVILLE POLICE DEPT,20150459985,Davidson,Nashville,5/15/2015 11:11:00 PM,4,3,0,36.140050,-86.723460,-- UNKNOWN RAMP/ROAD --,,,,0.00,,,I 40,,,,0.00,Y,OTHER,N,Non-Junction,None,,,         ,Benjamin,Cole,Clear,"Sideswipe, Same Direction",no,no,no,no,no,False
100834869,METROPOLITAN NASHVILLE POLICE DEPT,20150460117,Davidson,Nashville,5/16/2015 12:06:00 AM,4,0,0,36.140730,-86.719490,I 40,,,,0.00,,,,,,,213.65,N,Not at Intersection,N,Non-Junction,None,,,         ,Evan,Hibschman,Clear,Front to Rear,no,no,no,no,yes,False
100834873,METROPOLITAN NASHVILLE POLICE DEPT,20150460166,Davidson,Nashville,5/16/2015 12:23:00 AM,1,2,0,36.144300,-86.697500,-- UNKNOWN RAMP/ROAD --,,,,107.00,Feet,North,I 40,,,,0.00,N,Not at Intersection,Y,Non-Junction,None,,,         ,Christina,Buckner,Clear,Not Collision with Motor Vehicle in Transport,no,no,no,no,no,False
100834874,METROPOLITAN NASHVILLE POLICE DEPT,20150460365,Davidson,Nashville,5/16/2015 12:00:00 AM,1,0,0,36.153980,-86.651100,IRONWOOD DR,,,,229.00,Feet,North,LAKELAND DR,,,,0.00,N,Not at Intersection,N,Non-Junction,None,,,         ,Evan,Hibschman,Clear,Not Collision with Motor Vehicle in Transport,no,no,no,no,yes,False
100834907,METROPOLITAN NASHVILLE POLICE DEPT,2015-457130,Davidson,Nashville,5/15/2015 6:35:00 AM,2,0,0,36.153470,-86.857500,-- UNKNOWN RAMP/ROAD --,,,,0.00,,,STATE HWY 155,,,,0.00,Y,OTHER, ,Entrance/Exit Ramp Related,None,,,         ,Erik,Dabbs,Clear,"Sideswipe, Same Direction",no,no,no,no,no,False
100834909,METROPOLITAN NASHVILLE POLICE DEPT,20150457084,Davidson,Nashville,5/15/2015 5:50:00 AM,2,1,0,36.153290,-86.775620,US HWY 41,,,,0.00,,,6TH AVE S,,,,0.00,Y,Y-Intersection,N,Intersection,None,,,         ,Brandon,Hicks,Clear,Front to Rear,no,no,no,no,no,False
100834918,METROPOLITAN NASHVILLE POLICE DEPT,20150460633,Davidson,Nashville,5/16/2015 12:00:00 AM,1,0,0,36.216440,-86.813350,CROUCH DR,,,,99.00,Feet,South,VANDERHORST DR,,,,0.00,N,Not at Intersection,N,Non-Junction,None,,,         ,Ryan,Caulfield,Unknown,Not Collision with Motor Vehicle in Transport,no,no,no,no,yes,False
100834921,METROPOLITAN NASHVILLE POLICE DEPT,2015-0450216,Davidson,Nashville,5/13/2015 11:58:00 AM,1,1,0,36.136270,-86.707650,MASSMAN DR,,,,199.00,Feet,North,NORCROSS DR,,,,0.00,N,Not at Intersection,N,Non-Junction,None,,,         ,Jeb,Johnston,Clear,Not Collision with Motor Vehicle in Transport,no,no,no,no,no,False
100834922,METROPOLITAN NASHVILLE POLICE DEPT,20150460544,Davidson,Nashville,5/16/2015 5:30:00 AM,3,0,0,36.116360,-86.697120,US HWY 41,,,,0.00,,,,,,,0.00,,,N,Non-Junction,None,,,         ,Brian,Penny,Clear,HeadOn,no,no,no,no,no,False
100834925,METROPOLITAN NASHVILLE POLICE DEPT,2015-0458472,Davidson,Nashville,5/15/2015 2:30:00 PM,2,1,0,36.192810,-86.745660,DOUGLAS AVE,,,,8.00,Feet,East,TREVECCA AVE,,,,0.00,N,Not at Intersection,N,"Driveway, Alley Access, etc",None,,,         ,Colby,Mathis,Clear,"Sideswipe, Same Direction",no,no,no,no,no,False
100834932,METROPOLITAN NASHVILLE POLICE DEPT,20150460655,Davidson,Nashville,5/16/2015 6:50:00 AM,1,0,0,36.233600,-86.868620,EATONS CREEK RD,,,,1842.00,Feet,North,SULPHUR CREEK RD,,,,0.00,N,Not at Intersection, ,Non-Junction,None,,,         ,Clint,Gilleland,Cloudy,Not Collision with Motor Vehicle in Transport,no,no,no,no,no,False
100834939,METROPOLITAN NASHVILLE POLICE DEPT,2015-0449472,Davidson,Nashville,5/13/2015 6:47:00 AM,3,2,0,36.141620,-86.654390,I 40,,,,0.00,,,,,,,217.70,N,Not at Intersection,N,Non-Junction,None,,,         ,Jeb,Johnston,Clear,Front to Rear,no,no,no,no,no,False
100834943,METROPOLITAN NASHVILLE POLICE DEPT,20150439525,Davidson,Nashville,5/10/2015 10:08:00 AM,2,0,0,36.206870,-86.791470,BAPTIST WORLD CENTER DR,,,,72.00,Feet,South,US HWY 431,,,,0.00,N,Not at Intersection, ,"Driveway, Alley Access, etc",None,,,         ,Charles,Ward,Clear,"Sideswipe, Same Direction",no,no,no,no,yes,False
100834946,METROPOLITAN NASHVILLE POLICE DEPT,20150460699,Davidson,Nashville,5/16/2015 7:26:00 AM,1,0,0,36.025020,-86.742390,EDMONDSON PIKE,,,,259.00,Feet,North,BANBURY STA,,,,0.00,N,Not at Intersection,N,Non-Junction,None,,,         ,Samuel,Ruth,Rain,Not Collision with Motor Vehicle in Transport,no,no,no,no,no,False
100834948,METROPOLITAN NASHVILLE POLICE DEPT,20150460697,Davidson,Hermitage,5/16/2015 7:33:00 AM,1,0,0,36.169050,-86.572030,I 40,,,,0.00,,,,,,,222.40,N,Not at Intersection,N,Non-Junction,None,,,         ,Craig,Carlson,Rain,Not Collision with Motor Vehicle in Transport,no,no,no,no,no,False
100834950,METROPOLITAN NASHVILLE POLICE DEPT,2015-0460661,Davidson,Nashville,5/16/2015 6:30:00 AM,3,0,0,36.070950,-86.642340,RICE RD,,,,1051.00,Feet,West,PEBBLE CREEK DR,,,,0.00,N,Not at Intersection,N,Non-Junction,None,,,         ,Stanley,Collins,Rain,Angle,no,no,no,no,yes,False
100834952,METROPOLITAN NASHVILLE POLICE DEPT,20150460717,Davidson,Nashville,5/16/2015 7:41:00 AM,2,0,0,36.080650,-86.805420,TYNE BLVD,,,,0.00,,,GRANNY WHITE PIKE,,,,0.00,Y,Four-Way,N,Intersection,None,,,         ,Arthur,Hummell,Rain,Front to Rear,no,no,no,no,no,False
100834953,METROPOLITAN NASHVILLE POLICE DEPT,20150460643,Davidson,Nashville,5/16/2015 6:52:00 AM,3,1,0,36.050430,-86.659700,HICKORY HOLLOW PL,,,,560.00,Feet,South,UNNAMED STREET,,,,0.00,N,Not at Intersection,N,Non-Junction,None,,,         ,Jason,Door,Rain,Not Collision with Motor Vehicle in Transport,no,no,no,no,no,False
100834968,METROPOLITAN NASHVILLE POLICE DEPT,20150460656,Davidson,Antioch,5/15/2015 11:45:00 PM,1,0,0,36.083860,-86.586140,BURWICK PL,,,,26.00,Feet,South,ELLSWORTH PL,,,,0.00,N,Not at Intersection,N,Non-Junction,None,,,         ,David,Simmonds,Unknown,Not Collision with Motor Vehicle in Transport,no,no,no,no,yes,False
100834971,METROPOLITAN NASHVILLE POLICE DEPT,20150460732,Davidson,Nashville,5/16/2015 7:50:00 AM,1,0,0,36.080520,-86.764150,I 65,,,,0.00,,,,,,,77.70,N,Not at Intersection,N,Non-Junction,None,,,         ,Thomas,West,Rain,Not Collision with Motor Vehicle in Transport,no,no,no,no,no,False
100834978,METROPOLITAN NASHVILLE POLICE DEPT,2015-0460807,Davidson,Nashville,5/16/2015 8:47:00 AM,1,0,0,36.173570,-86.689280,STATE HWY 155,,,,189.00,Feet,North,CRESTLINE DR,,,,0.00,N,Not at Intersection,N,Non-Junction,None,,,         ,Eric,Uruski,Rain,Not Collision with Motor Vehicle in Transport,no,no,no,no,no,False
100834985,METROPOLITAN NASHVILLE POLICE DEPT,20150442334,Davidson,Nashville,5/11/2015 10:30:00 AM,2,1,0,0.000000,0.000000,,,I24,,1.00,Miles,West,,,,,41.20,N,Not at Intersection,N,Non-Junction,None,,,         ,Faye,Denson,Clear,Angle,no,no,no,no,no,False
100834995,VANDERBILT UNIVERSITY POLICE,15-0458022,Davidson,Nashville,5/15/2015 12:32:00 PM,2,0,0,36.111030,-86.766610,BRANSFORD AVE,,,,0.00,,,,,,,0.00,,, ,"Driveway, Alley Access, etc",None,,,         ,Fred,Oakley,Clear,Rear to Side,no,no,no,yes,no,OHO
100835001,METROPOLITAN NASHVILLE POLICE DEPT,20150460742,Davidson,Nashville,5/16/2015 7:43:00 AM,2,1,0,36.043450,-86.781320,I 65,,,,0.00,,,,,,,74.90,N,Not at Intersection,N,Non-Junction,None,,,         ,Joshua,Dickall,Rain,Not Collision with Motor Vehicle in Transport,no,no,no,no,yes,False
100835005,METROPOLITAN NASHVILLE POLICE DEPT,20150460908,Davidson,Nashville,5/16/2015 9:58:00 AM,1,0,0,36.040130,-86.782640,I 65,,,,0.00,,,,,,,74.70,N,Not at Intersection, ,Non-Junction,None,,,         ,Samuel,Ruth,Rain,Not Collision with Motor Vehicle in Transport,no,no,no,no,no,False
100835007,METROPOLITAN NASHVILLE POLICE DEPT,20150460685,Davidson,Nashville,5/16/2015 7:24:00 AM,1,0,0,36.140690,-86.722210,SPENCE LN,,,,65.00,Feet,North,EXIT 213A,,,,0.00,N,Not at Intersection,N,Non-Junction,None,,,         ,Jacob,Halouska,Rain,Not Collision with Motor Vehicle in Transport,no,no,no,no,no,False
100835022,METROPOLITAN NASHVILLE POLICE DEPT,20150460909,Davidson,Antioch,5/16/2015 9:58:00 AM,1,0,0,36.042130,-86.585390,LAVERGNE COUCHVILLE PIKE,,,,713.00,Feet,South,OLD HICKORY BLVD,,,,0.00,N,Not at Intersection,N,Non-Junction,None,,,         ,Megan,Arnett,Rain,Not Collision with Motor Vehicle in Transport,no,no,no,no,no,False
100835027,METROPOLITAN NASHVILLE POLICE DEPT,20150458974,Davidson,Nashville,5/15/2015 4:45:00 PM,2,1,0,36.130360,-86.900140,-- UNKNOWN RAMP/ROAD --,,,,0.00,,,I 40,,,,0.00,Y,T-Intersection,Y,Entrance/Exit Ramp Related,None,,,         ,Adam,Reese,Clear,Front to Rear,no,no,no,no,no,False
100835031,METROPOLITAN NASHVILLE POLICE DEPT,2015-0460884,Davidson,Nashville,5/16/2015 9:15:00 AM,2,0,0,36.187080,-86.769420,CLEVELAND ST,,,,0.00,,,STOCKELL ST,,,,0.00,Y,OTHER, ,Intersection,None,,,         ,Kenneth,Bray,Rain,"Sideswipe, Same Direction",no,no,no,no,no,False
100835044,METROPOLITAN NASHVILLE POLICE DEPT,20150460866,Davidson,Nashville,5/16/2015 9:30:00 AM,2,1,0,36.078280,-86.722600,WALLACE RD,,,,686.00,Feet,West,BROOKRIDGE TRL,,,,0.00,N,Not at Intersection,N,Non-Junction,None,,,         ,Jason,Door,Rain,Angle,no,no,no,no,no,False
100835048,METROPOLITAN NASHVILLE POLICE DEPT,20150460741,Davidson,Nashville,5/16/2015 7:50:00 AM,2,0,0,36.095400,-86.762740,I 65,,,,0.00,,,,,,,78.70,N,Not at Intersection,N,Non-Junction,None,,,         ,James,Smith,Rain,"Sideswipe, Same Direction",no,no,no,no,no,False
100835050,METROPOLITAN NASHVILLE POLICE DEPT,20150442852,Davidson,Nashville,5/11/2015 12:35:00 PM,2,0,0,36.160780,-86.793680,EXIT 209,,,,0.00,,,I 40,,,,0.00,Y,Four-Way, ,,None,,,         ,Steven,Spillers,,,no,no,no,no,no,False
100835051,METROPOLITAN NASHVILLE POLICE DEPT,2015-0460937,Davidson,Nashville,5/16/2015 10:25:00 AM,2,0,0,36.163900,-86.786590,JAMES ROBERTSON PKWY,,,,0.00,,,CHARLOTTE AVE,,,,0.00,Y,Four-Way, ,Intersection,None,,,         ,Paul,Sorace,Rain,Front to Rear,no,no,no,no,no,False
100835052,METROPOLITAN NASHVILLE POLICE DEPT,2015-0460891,Davidson,Nashville,5/16/2015 9:35:00 AM,2,0,0,36.081550,-86.701740,LINBAR DR,,,,0.00,,,WALLACE RD,,,,0.00,Y,OTHER,N,Non-Junction,None,,,         ,Stanley,Collins,Rain,Other,no,no,no,yes,no,False
100835058,METROPOLITAN NASHVILLE POLICE DEPT,20150460920,Davidson,Nashville,5/16/2015 10:08:00 AM,1,1,0,36.201460,-86.787840,BAPTIST WORLD CENTER DR,,,,46.00,Feet,South,LOCK RD,,,,0.00,N,Not at Intersection,N,Non-Junction,None,,,         ,Michael,Parman,Rain,Not Collision with Motor Vehicle in Transport,no,no,no,no,no,False
100835062,METROPOLITAN NASHVILLE POLICE DEPT,20150460917,Davidson,Bellevue,5/16/2015 10:00:00 AM,1,0,0,36.031840,-86.967480,SNEED RD,,,,130.00,Feet,East,PASQUO RD,,,,0.00,N,Not at Intersection,N,Non-Junction,None,,,         ,Brian,Myatt,Rain,Not Collision with Motor Vehicle in Transport,no,no,no,no,no,False
100835068,METROPOLITAN NASHVILLE POLICE DEPT,20150460951,Davidson,Nashville,5/16/2015 10:25:00 AM,2,0,0,36.152000,-86.847220,US HWY 70,,,,0.00,,,50TH AVE N,,,,0.00,Y,Four-Way, ,Intersection,None,,,         ,Khalid,Abbady,Rain,Angle,no,no,no,no,no,False
100835069,METROPOLITAN NASHVILLE POLICE DEPT,20150441694,Davidson,Nashville,5/11/2015 6:00:00 AM,1,0,0,36.171820,-86.867610,EXIT 26B,,,,0.00,,,CENTENNIAL BLVD,,,,0.00,Y,OTHER, ,Entrance/Exit Ramp Related,None,,,         ,Khalid,Abbady,Cloudy,Not Collision with Motor Vehicle in Transport,no,no,no,no,no,False
100835072,METROPOLITAN NASHVILLE POLICE DEPT,20150461004,Davidson,Nashville,5/16/2015 10:55:00 AM,2,0,0,36.106660,-86.672690,RAMP,,,,0.00,Feet,East,STATE HWY 255,,,,0.00,N,Not at Intersection, ,Non-Junction,None,,,         ,Phillip,Black,Rain,Front to Rear,no,no,no,no,no,False
100835073,METROPOLITAN NASHVILLE POLICE DEPT,2015-0461009,Davidson,Nashville,5/16/2015 11:07:00 AM,2,0,0,36.068990,-86.681150,RICHARDS RD,,,,0.00,,,CUMMINGS PARK DR,,,,0.00,Y,T-Intersection, ,Intersection,None,,,         ,Roderic,Williams,Rain,Front to Rear,no,no,no,no,no,False
100835074,METROPOLITAN NASHVILLE POLICE DEPT,20150461000,Davidson,Not in City Limit,5/16/2015 10:50:00 AM,2,1,0,36.049730,-86.952790,POPLAR CREEK TRC,,,,55.00,Feet,West,OLD HARDING PIKE,,,,0.00,N,Not at Intersection,N,Non-Junction,None,,,         ,Wesley,Tilley,Rain,Front to Rear,no,no,no,no,no,False
100835075,METROPOLITAN NASHVILLE POLICE DEPT,20150458285,Davidson,Nashville,5/15/2015 1:30:00 PM,2,1,0,36.068750,-86.716240,HAYWOOD LN,,,,0.00,,,HOPEDALE DR,,,,0.00,Y,T-Intersection,Y,Intersection,None,,,         ,Todd,Watson,Cloudy,Angle,no,no,no,no,yes,False
100835078,METROPOLITAN NASHVILLE POLICE DEPT,20150460690,Davidson,Nashville,5/16/2015 4:30:00 AM,5,0,0,36.101920,-86.716030,BRIDGEWAY CIR,,,,617.00,Feet,East,BRIDGEWAY DR,,,,0.00,N,Not at Intersection,N,Non-Junction,None,,,         ,Ian,Hammond,Cloudy,Angle,no,no,no,yes,yes,False
100835079,METROPOLITAN NASHVILLE POLICE DEPT,20150460988,Davidson,Nashville,5/16/2015 10:52:00 AM,2,0,0,36.132690,-86.719720,US HWY 41,,,,209.00,Feet,East,CONNECTING ROAD,,,,0.00,N,Not at Intersection,N,Non-Junction,None,,,         ,Jacob,Halouska,Rain,Angle,no,no,no,no,no,False
100835084,METROPOLITAN NASHVILLE POLICE DEPT,2015-0460762,Davidson,Nashville,5/16/2015 7:15:00 AM,2,0,0,36.075020,-86.662520,UNA ANTIOCH PIKE,,,,0.00,,,BILLINGSGATE RD,,,,0.00,Y,T-Intersection,N,Intersection,None,,,         ,Roderic,Williams,Rain,Angle,no,no,no,no,yes,False
100835085,GOODLETTSVILLE POLICE DEPT,15-18764,Davidson,Goodlettsville,5/16/2015 10:25:00 AM,2,1,0,36.306260,-86.694170,CONFERENCE DR,,,,1455.00,Feet,North,US HWY 31E,,,,0.00,N,Not at Intersection,Y,Non-Junction,None,,,         ,John,Spencer,Rain,Front to Rear,no,no,no,no,no,False
100835086,METROPOLITAN NASHVILLE POLICE DEPT,2015-0460945,Davidson,Nashville,5/16/2015 10:00:00 AM,1,0,0,36.148810,-86.878650,THUNDERBIRD DR,,,,167.00,Feet,West,GROSSE POINT CT,,,,0.00,N,Not at Intersection,N,Non-Junction,None,,,         ,Benjamin,Cantrell,Rain,Not Collision with Motor Vehicle in Transport,no,no,no,no,no,False
100835088,METROPOLITAN NASHVILLE POLICE DEPT,20150461058,Davidson,Nashville,5/16/2015 11:10:00 AM,2,0,0,36.174170,-86.751170,FATHERLAND ST,,,,238.00,Feet,East,S 10TH ST,,,,0.00,N,Not at Intersection, ,Non-Junction,None,,,         ,Sheila,Nidiffer,Rain,Angle,no,no,no,no,no,False
100835095,METROPOLITAN NASHVILLE POLICE DEPT,20150460864,Davidson,Nashville,5/16/2015 8:58:00 AM,2,0,0,36.064740,-86.628190,US HWY 41,,,,75.00,Feet,East,HAMILTON CHURCH RD,,,,0.00,N,Not at Intersection,N,Non-Junction,None,,,         ,David,Simmonds,Rain,"Sideswipe, Same Direction",no,no,no,yes,yes,False
100835096,METROPOLITAN NASHVILLE POLICE DEPT,20150460978,Davidson,Nashville,5/16/2015 10:39:00 AM,1,0,0,36.038480,-86.658460,CANE RIDGE RD,,,,272.00,Feet,South,MOUNTAINHIGH DR,,,,0.00,N,Not at Intersection,N,Non-Junction,None,,,         ,David,Simmonds,Rain,Not Collision with Motor Vehicle in Transport,no,no,no,no,no,False
100835098,METROPOLITAN NASHVILLE POLICE DEPT,20150461117,Davidson,Not in City Limit,5/16/2015 12:22:00 PM,2,0,0,35.997950,-86.691430,US HWY 31 ALT,,,,603.00,Feet,West,STATE HWY 253,,,,0.00,N,Not at Intersection, ,Non-Junction,None,,,         ,Samuel,Ruth,Rain,Front to Rear,no,no,no,no,no,False
100835106,METROPOLITAN NASHVILLE POLICE DEPT,20150458054,Davidson,Nashville,5/15/2015 12:05:00 PM,2,0,0,36.037350,-86.786560,US HWY 31,,,,0.00,,,STATE HWY 254,,,,0.00,Y,Four-Way, ,Non-Junction,None,,,         ,Thomas,West,Clear,Front to Rear,no,no,no,no,no,False
100835112,METROPOLITAN NASHVILLE POLICE DEPT,20150461113,Davidson,Not in City Limit,5/16/2015 12:15:00 PM,2,0,0,36.076610,-86.944340,US HWY 70S,,,,55.00,Feet,East,RAMP,,,,0.00,N,Not at Intersection, ,Non-Junction,None,,,         ,Wesley,Tilley,Cloudy,HeadOn,no,no,no,no,no,False
100835114,BERRY HILL POLICE DEPT,15-1953,Davidson,Berry Hill,5/16/2015 10:25:00 AM,2,1,0,36.127450,-86.777540,US HWY 31,,,,0.00,,,MELPARK DR,,,,0.00,Y,T-Intersection,N,Non-Junction,None,,,         ,Larry,Carter,Rain,Front to Rear,no,no,no,no,no,False
100835121,METROPOLITAN NASHVILLE POLICE DEPT,20150460981,Davidson,Madison,5/16/2015 9:49:00 AM,1,0,0,0.000000,0.000000,,,US31,,1.00,Feet,East,,,,,1.00,N,Not at Intersection,N,Non-Junction,None,,,         ,Faye,Denson,Rain,Not Collision with Motor Vehicle in Transport,no,no,no,no,no,False
100835124,Metro Park Police,20150460953,Davidson,Nashville,5/16/2015 10:15:00 AM,2,0,0,36.172540,-86.726720,RIVERSIDE DR,,,,0.00,Feet,,HUNTLEIGH DR,,,,0.00,Y,Four-Way,N,OtherLocation,None,,,         ,Darrell,Howse,Rain,Front to Rear,no,no,no,no,yes,False
100835143,METROPOLITAN NASHVILLE POLICE DEPT,20150460999,Davidson,Nashville,5/16/2015 11:02:00 AM,2,0,0,36.101320,-86.802110,SHACKLEFORD RD,,,,0.00,,,BELMONT BLVD,,,,0.00,Y,T-Intersection, ,,None,,,         ,Randal,Owsley,,,no,no,no,no,no,False
100835145,METROPOLITAN NASHVILLE POLICE DEPT,20150461082,Davidson,Nashville,5/16/2015 11:55:00 AM,1,1,0,36.108700,-86.720270,EXIT 54,,,,0.00,Feet,East,I 24,,,,0.00,N,Not at Intersection,Y,Entrance/Exit Ramp Related,None,,,         ,Kevin,Caperton,Rain,Not Collision with Motor Vehicle in Transport,no,no,no,no,no,False
100835146,METROPOLITAN NASHVILLE POLICE DEPT,20150461098,Davidson,Nashville,5/16/2015 11:50:00 AM,2,0,0,36.091290,-86.761540,SIDCO DR,,,,0.00,,,KENILWOOD DR,,,,0.00,Y,T-Intersection, ,Intersection,None,,,         ,James,Smith,Rain,Angle,no,no,no,no,no,False
100835149,METROPOLITAN NASHVILLE POLICE DEPT,20150460992,Davidson,Nashville,5/16/2015 10:56:00 AM,2,1,0,36.246890,-86.744220,I 65,,,,0.00,,,,,,,90.95,N,Not at Intersection,N,Non-Junction,None,,,         ,Jordan,Lowry,Rain,Angle,no,no,no,no,no,False
100835151,METROPOLITAN NASHVILLE POLICE DEPT,2015-0461111,Davidson,Nashville,5/16/2015 11:20:00 AM,2,0,0,36.047200,-86.862270,STATE HWY 254,,,,142.00,Feet,East,US HWY 431,,,,0.00,N,Not at Intersection,N,Non-Junction,None,,,         ,Paul,Junkmann,Clear,Angle,no,no,no,no,no,False
100835154,METROPOLITAN NASHVILLE POLICE DEPT,20150461115,Davidson,Nashville,5/16/2015 12:26:00 PM,1,0,0,36.134270,-86.828030,CRAIGHEAD AVE,,,,138.00,Feet,North,WEST END CLOSE,,,,0.00,N,Not at Intersection,N,Non-Junction,None,,,         ,Corteze,Armstrong,Rain,Not Collision with Motor Vehicle in Transport,no,no,no,no,no,False
100835155,METROPOLITAN NASHVILLE POLICE DEPT,20150461149,Davidson,Nashville,5/16/2015 12:54:00 PM,2,2,0,36.086280,-86.770070,STATE HWY 255,,,,329.00,Feet,East,RAMP,,,,0.00,N,Not at Intersection,N,Non-Junction,None,,,         ,James,Smith,Rain,Front to Rear,no,no,no,no,no,False
100835156,METROPOLITAN NASHVILLE POLICE DEPT,20150461128,Davidson,Nashville,5/16/2015 12:30:00 PM,2,1,0,36.194810,-86.725250,PORTER RD,,,,180.00,Feet,South,PORTER AVE,,,,0.00,N,Not at Intersection,N,Non-Junction,None,,,         ,Eric,Westbrook,Cloudy,Front to Rear,no,no,no,no,yes,False
100835163,METROPOLITAN NASHVILLE POLICE DEPT,20150460939,Davidson,Madison,5/16/2015 10:22:00 AM,2,0,0,36.260000,-86.710630,HICKORY ST,,,,0.00,,,2ND AVE,,,,0.00,Y,OTHER, ,Non-Junction,None,,,         ,Eric,Richardson,Rain,Angle,no,no,no,no,no,False
100835164,METROPOLITAN NASHVILLE POLICE DEPT,20150461013,Davidson,Nashville,5/16/2015 11:05:00 AM,2,0,0,0.000000,0.000000,BRILEY PARKWAY,,,,0.00,,,KAREN DRIVE,,,,0.00,Y,Four-Way, ,Non-Junction,None,,,         ,Caleb,Jernigan,Clear,Front to Rear,no,no,no,no,no,False
100835167,METROPOLITAN NASHVILLE POLICE DEPT,20150461114,Davidson,Nashville,5/16/2015 12:28:00 PM,3,1,0,36.122100,-86.807150,US HWY 431,,,,0.00,,,-- UNKNOWN RAMP/ROAD --,,,,0.00,Y,OTHER,N,Intersection-Related,None,,,         ,Twana,Chick,Rain,Front to Rear,no,no,no,no,no,False
100835169,METROPOLITAN NASHVILLE POLICE DEPT,20150461183,Davidson,Old Hickory,5/16/2015 1:26:00 PM,2,0,0,36.251560,-86.646530,STATE HWY 45,,,,315.00,Feet,West,GOLF CLUB RD,,,,0.00,N,Not at Intersection, ,,None,,,         ,Craig,Carlson,,,no,no,no,no,no,False
100835173,METROPOLITAN NASHVILLE POLICE DEPT,2015-0461130,Davidson,Nashville,5/16/2015 12:38:00 PM,2,0,0,36.069060,-86.681920,RICHARDS RD,,,,228.00,Feet,West,CUMMINGS PARK DR,,,,0.00,N,Not at Intersection,N,Non-Junction,None,,,         ,Roderic,Williams,Cloudy,Angle,no,no,no,no,no,False
100835175,METROPOLITAN NASHVILLE POLICE DEPT,2015-0461182,Davidson,Nashville,5/16/2015 12:28:00 PM,2,0,0,36.105650,-86.671740,US HWY 41,,,,0.00,,,STATE HWY 255,,,,0.00,Y,T-Intersection,N,Intersection,None,,,         ,Stanley,Collins,Rain,Angle,no,no,no,no,yes,False
100835182,METROPOLITAN NASHVILLE POLICE DEPT,20150461194,Davidson,Nashville,5/16/2015 10:25:00 AM,2,0,0,36.078120,-86.656990,OAKWOOD FOREST DR,,,,0.00,,,UNA ANTIOCH PIKE,,,,0.00,Y,T-Intersection,N,Intersection,None,,,         ,Megan,Arnett,Rain,Front to Rear,no,no,no,no,no,False
100835184,METROPOLITAN NASHVILLE POLICE DEPT,20150461109,Davidson,Nashville,5/16/2015 12:16:00 PM,2,2,0,36.083930,-86.727670,US HWY 31 ALT,,,,211.00,Feet,North,WELCH RD,,,,0.00,N,Not at Intersection,N,Non-Junction,None,,,         ,Christopher,Hanor,Cloudy,Angle,no,no,no,no,no,False
100835189,METROPOLITAN NASHVILLE POLICE DEPT,20150444029,Davidson,Nashville,5/11/2015 7:15:00 PM,2,0,0,36.135810,-86.727770,EXIT 52,,,,0.00,Feet,East,I 24,,,,0.00,N,Not at Intersection,N,Non-Junction,None,,,         ,Matthew,Johnson,Clear,Angle,no,no,no,no,no,False
100835199,METROPOLITAN NASHVILLE POLICE DEPT,20150461257,Davidson,Nashville,5/16/2015 2:40:00 PM,2,0,0,36.149250,-86.781720,I 40,,,,0.00,,,,,,,209.70,N,Not at Intersection, ,Non-Junction,None,,,         ,Blaze,Williams,Clear,"Sideswipe, Same Direction",no,no,no,no,no,False
100835200,GOODLETTSVILLE POLICE DEPT,15-18782,Davidson,Goodlettsville,5/16/2015 12:58:00 PM,2,0,0,36.323120,-86.699360,NORTHCREEK BLVD,,,,0.00,,,NORTHGATE CIR,,,,0.00,Y,Four-Way,N,Intersection,None,,,         ,John,Spencer,Rain,Angle,no,no,no,no,no,False
100835211,METROPOLITAN NASHVILLE POLICE DEPT,20150461241,Davidson,Nashville,5/16/2015 2:15:00 PM,2,0,0,36.168810,-86.766130,I 24,,,,0.00,,,,,,,48.80,N,Not at Intersection, ,Non-Junction,None,,,         ,Clinton,Schroeder,Cloudy,"Sideswipe, Same Direction",no,no,no,no,yes,False
100835212,METROPOLITAN NASHVILLE POLICE DEPT,20150461251,Davidson,Nashville,5/16/2015 2:42:00 PM,2,0,0,36.217340,-86.774930,I 65,,,,0.00,,,,,,,88.10,N,Not at Intersection,N,Non-Junction,Construction Zone,Work On Shoulder Or Median,Activity Area,         ,Christopher,Kelly,Clear,Front to Rear,no,no,no,no,yes,False
100835223,METROPOLITAN NASHVILLE POLICE DEPT,20150461260,Davidson,Nashville,5/16/2015 2:28:00 PM,2,1,0,36.111070,-86.747350,STATE HWY 155,,,,0.00,,,LOUISE DR,,,,0.00,Y,T-Intersection,N,Non-Junction,None,,,         ,Nicholas,Smith,Clear,Front to Rear,no,no,no,no,no,False