master_record_number,agency,agency_tracking_number,county,city,collision_date,vehicles_involved,number_injured,number_dead,latitude,longitude,roadway_name,roadway_suffix,roadway_number,roadway_local_id,distance_from_reference,miles-feet_indicator,direction_from_reference,intersection_road_name,intersection_road_name_suffix,intersection_road_number,intersection_local_id,mile_marker,intersection_indicator,intersect_type,interchange_related_indicator,relation_to_junction,work_zone_type,construction_maintenance_zone,construction_maintenance_zone_location,fatal_case_number,officer_first_name,officer_last_name,weather_condition(s),manner_of_crash,pedestrian,bicycle,scooter,parking,hitrun,mou
100836320,METROPOLITAN NASHVILLE POLICE DEPT,20150467414,Davidson,Nashville,5/18/2015 4:44:00 PM,2,0,0,36.150100,-86.748720,I 40,,,,0.00,,,,,,,211.70,N,Not at Intersection, ,Non-Junction,None,,,         ,Michael,Apsey,Clear,"Sideswipe, Same Direction",no,no,no,no,no,False
100836331,METROPOLITAN NASHVILLE POLICE DEPT,20150467413,Davidson,Nashville,5/18/2015 4:15:00 PM,2,3,0,36.127560,-86.843870,US HWY 70S,,,,0.00,,,BOSLEY SPRINGS RD,,,,0.00,Y,Four-Way,N,Intersection,None,,,         ,Brandon,Rardin,Clear,Front to Rear,no,no,no,no,no,False
100836334,METROPOLITAN NASHVILLE POLICE DEPT,20150467362,Davidson,Nashville,5/18/2015 4:20:00 PM,3,1,0,36.099540,-86.871550,STATE HWY 100,,,,0.00,,,US HWY 70S,,,,0.00,Y,Y-Intersection,N,Intersection,None,,,         ,Adam,Reese,Clear,Front to Rear,no,no,no,no,no,False
100836335,METROPOLITAN NASHVILLE POLICE DEPT,20150467146,Davidson,Nashville,5/18/2015 3:12:00 PM,2,0,0,36.046910,-86.654060,HICKORY HOLLOW LN,,,,233.00,Feet,North,HICKORY HOLLOW PKWY,,,,0.00,N,Not at Intersection,N,Non-Junction,None,,,         ,William,Durham,Clear,Angle,no,no,no,no,no,False
100836337,METROPOLITAN NASHVILLE POLICE DEPT,20150467371,Davidson,Nashville,5/18/2015 4:22:00 PM,3,1,0,36.149850,-86.748250,I 40,,,,0.00,,,,,,,211.70,N,Not at Intersection,N,Non-Junction,None,,,         ,James,Tidwell,Clear,Front to Rear,no,no,no,no,no,False
100836338,METROPOLITAN NASHVILLE POLICE DEPT,20150467361,Davidson,Nashville,5/18/2015 4:25:00 PM,3,1,0,36.103590,-86.715130,I 24,,,,0.00,,,,,,,54.30,N,Not at Intersection,N,Non-Junction,None,,,         ,William,Durham,Clear,Front to Rear,no,no,no,no,no,False
100836346,METROPOLITAN NASHVILLE POLICE DEPT,20150467589,Davidson,Nashville,5/18/2015 5:45:00 PM,1,1,0,36.109850,-86.871080,GUN CLUB RD,,,,76.00,Feet,West,SEDBERRY RD,,,,0.00,N,Not at Intersection,N,Non-Junction,None,,,         ,Adam,Reese,Clear,Not Collision with Motor Vehicle in Transport,no,no,no,no,no,False
100836347,METROPOLITAN NASHVILLE POLICE DEPT,20150467508,Davidson,Nashville,5/18/2015 5:15:00 PM,3,0,0,36.045680,-86.855150,STATE HWY 254,,,,0.00,,,CROMWELL DR,,,,0.00,Y,T-Intersection, ,Intersection-Related,None,,,         ,Tien,Nguyen,Clear,"Sideswipe, Same Direction",no,no,no,no,no,False
100836349,METROPOLITAN NASHVILLE POLICE DEPT,20150467327,Davidson,Nashville,5/18/2015 3:48:00 PM,2,0,0,36.149810,-86.666330,STATE HWY 255,,,,300.00,Feet,South,ALLEN RD,,,,0.00,N,Not at Intersection, ,Non-Junction,None,,,         ,Tyler,Conrads,Clear,Angle,no,no,no,no,no,False
100836354,METROPOLITAN NASHVILLE POLICE DEPT,20150467452,Davidson,Nashville,5/18/2015 4:31:00 PM,2,0,0,36.158250,-86.771820,US HWY 70,,,,0.00,,,GATEWAY BLVD,,,,0.00,Y,Four-Way, ,,Construction Zone,,,         ,Aaron,Thomas,,,no,no,no,no,no,False
100836356,METROPOLITAN NASHVILLE POLICE DEPT,2015-0467463,Davidson,Nashville,5/18/2015 4:59:00 PM,2,2,0,36.149910,-86.858920,US HWY 70,,,,154.00,Feet,East,MIDLAND AVE,,,,0.00,N,Not at Intersection,N,Non-Junction,None,,,         ,Christopher,Clark,Clear,Angle,no,no,no,no,no,False
100836368,METROPOLITAN NASHVILLE POLICE DEPT,20150467549,Davidson,Nashville,5/18/2015 5:24:00 PM,2,0,0,36.037580,-86.785030,RAMP,,,,0.00,,,-- UNKNOWN RAMP/ROAD --,,,,0.00,Y,Four-Way, ,Entrance/Exit Ramp Related,None,,,         ,Tien,Nguyen,Clear,"Sideswipe, Same Direction",no,no,no,no,no,False
100836371,METROPOLITAN NASHVILLE POLICE DEPT,20150464222,Davidson,Nashville,5/17/2015 5:00:00 PM,2,1,0,36.151120,-86.862710,I 40,,,,0.00,,,,,,,203.70,N,Not at Intersection,N,Non-Junction,None,,,         ,Torian,Cox,Rain,Other,no,no,no,no,no,False
100836374,METROPOLITAN NASHVILLE POLICE DEPT,20150467609,Davidson,Nashville,5/18/2015 5:52:00 PM,2,1,0,36.142500,-86.681920,I 40,,,,0.00,,,,,,,215.75,N,Not at Intersection,N,Non-Junction,None,,,         ,James,Tidwell,Clear,Front to Rear,no,no,no,no,no,False
100836378,METROPOLITAN NASHVILLE POLICE DEPT,20150467570,Davidson,Nashville,5/18/2015 5:59:00 PM,2,0,0,36.117410,-86.743480,LUTIE ST,,,,36.00,Feet,West,FOSTER AVE,,,,0.00,N,Not at Intersection, ,Non-Junction,None,,,         ,Jessie,Meadows,Clear,Front to Rear,no,no,no,no,no,False
100836380,METROPOLITAN NASHVILLE POLICE DEPT,20150467673,Davidson,Nashville,5/18/2015 5:15:00 PM,2,0,0,36.192670,-86.751870,-- UNKNOWN RAMP/ROAD --,,,,0.00,Feet,East,DOUGLAS AVE,,,,0.00,N,Not at Intersection,N,Entrance/Exit Ramp Related,None,,,         ,Terence,Maahs,Clear,Front to Rear,no,no,no,no,no,False
100836381,METROPOLITAN NASHVILLE POLICE DEPT,20150467409,Davidson,Goodlettsville,5/18/2015 3:25:00 PM,2,0,0,36.302750,-86.691810,US HWY 31E,,,,0.00,,,CONFERENCE DR,,,,0.00,Y,Four-Way, ,Intersection,None,,,         ,Luis,Lopez,Clear,"Sideswipe, Opposite Direction",no,no,no,no,no,False
100836395,METROPOLITAN NASHVILLE POLICE DEPT,20150467382,Davidson,Nashville,5/18/2015 4:20:00 PM,2,0,0,36.104370,-86.796480,MAPLEHURST AVE,,,,0.00,,,GRANNY WHITE PIKE,,,,0.00,Y,T-Intersection, ,,None,,,         ,William,Taylor,,,no,no,no,no,no,False
100836398,METROPOLITAN NASHVILLE POLICE DEPT,20150467086,Davidson,Nashville,5/18/2015 2:21:00 PM,2,1,0,36.050470,-86.876690,STATE HWY 254,,,,0.00,,,CHICKERING RD,,,,0.00,Y,Four-Way,N,Intersection,None,,,         ,Mark,Hatt,Clear,Angle,no,no,no,no,no,False
100836400,METROPOLITAN NASHVILLE POLICE DEPT,20150467066,Davidson,Nashville,5/18/2015 2:53:00 PM,2,0,0,36.103860,-86.875380,HAVERFORD DR,,,,426.00,Feet,East,KEYWAY DR,,,,0.00,N,Not at Intersection, ,,None,,,         ,Adam,Reese,,,no,no,no,no,no,False
100836410,METROPOLITAN NASHVILLE POLICE DEPT,20150467927,Davidson,Nashville,5/18/2015 6:50:00 PM,2,0,0,36.166220,-86.765790,EXIT 49,,,,0.00,,,I 24,,,,0.00,Y,Four-Way, ,Intersection-Related,None,,,         ,Blaze,Williams,Clear,Front to Rear,no,no,no,no,no,False
100836414,METROPOLITAN NASHVILLE POLICE DEPT,20150467914,Davidson,Nashville,5/18/2015 7:31:00 PM,2,0,0,36.090100,-86.733690,US HWY 31 ALT,,,,0.00,,,ZOO RD,,,,0.00,Y,Four-Way, ,Intersection-Related,None,,,         ,Tien,Nguyen,Clear,Front to Rear,no,no,no,no,no,False
100836427,METROPOLITAN NASHVILLE POLICE DEPT,20150467752,Davidson,Nashville,5/18/2015 6:33:00 PM,2,1,0,36.233920,-86.767120,I 65,,,,0.00,,,,,,,89.35,N,Not at Intersection,N,Non-Junction,Work Zone,Work On Shoulder Or Median,Activity Area,         ,Jarred,Ruhlman,Clear,"Sideswipe, Same Direction",no,no,no,no,no,False
100836446,METROPOLITAN NASHVILLE POLICE DEPT,20150468176,Davidson,Nashville,5/18/2015 8:43:00 PM,2,0,0,36.038910,-86.734130,STATE HWY 254,,,,258.00,Feet,West,MONTELLE LN,,,,0.00,N,Not at Intersection,N,Non-Junction,None,,,         ,Tien,Nguyen,Clear,Front to Rear,no,no,no,no,no,False
100836448,METROPOLITAN NASHVILLE POLICE DEPT,20150467869,Davidson,Nashville,5/18/2015 12:00:00 AM,2,1,0,36.103140,-86.815970,WARFIELD DR,,,,0.00,,,,,,,0.00,,,N,Non-Junction,None,,,         ,Peter,Knisley,Clear,Angle,no,no,no,yes,no,False
100836458,METROPOLITAN NASHVILLE POLICE DEPT,20150456230,Davidson,Nashville,5/14/2015 10:36:00 PM,2,0,0,36.161880,-86.779330,COMMERCE ST,,,,0.00,,,5TH AVE N,,,,0.00,Y,Four-Way, ,Non-Junction,None,,,         ,Audrean,Manquero,Clear,"Sideswipe, Same Direction",no,no,no,no,no,False
100836459,METROPOLITAN NASHVILLE POLICE DEPT,20150467679,Davidson,Nashville,5/18/2015 6:19:00 PM,3,1,0,36.040410,-86.712820,US HWY 31 ALT,,,,229.00,Feet,South,CONNECTING ROAD,,,,0.00,N,Not at Intersection,N,Non-Junction,None,,,         ,Megan,Lamon,Clear,Front to Rear,no,no,no,no,no,False
100836461,METROPOLITAN NASHVILLE POLICE DEPT,20150467519,Davidson,Nashville,5/18/2015 5:14:00 PM,2,0,0,36.176900,-86.776130,COWAN ST,,,,0.00,,,SPRING ST,,,,0.00,Y,OTHER, ,Non-Junction,None,,,         ,Ethan,Luffman,Clear,Front to Rear,no,no,no,no,yes,False
100836462,METROPOLITAN NASHVILLE POLICE DEPT,20150468251,Davidson,Nashville,5/18/2015 9:12:00 PM,2,1,0,36.174070,-86.770680,I 24,,,,0.00,,,,,,,48.15,N,Not at Intersection,N,Non-Junction,None,,,         ,Ethan,Luffman,Clear,Front to Rear,no,no,no,no,no,False
100836489,METROPOLITAN NASHVILLE POLICE DEPT,20150468258,Davidson,Nashville,5/18/2015 9:10:00 PM,1,0,0,36.198450,-86.734110,CHASE ST,,,,220.00,Feet,South,OTAY ST,,,,0.00,N,Not at Intersection,N,Non-Junction,None,,,         ,Jonathan,Perez,Clear,Not Collision with Motor Vehicle in Transport,no,no,no,no,yes,False
100836491,METROPOLITAN NASHVILLE POLICE DEPT,2015-0467907,Davidson,Not in City Limit,5/18/2015 7:00:00 PM,2,1,0,36.048360,-86.952900,TEMPLE RD,,,,0.00,,,OLD HARDING PIKE,,,,0.00,Y,T-Intersection,N,Intersection,None,,,         ,Alex,Lampley,Clear,HeadOn,no,no,no,no,no,False
100836497,METROPOLITAN NASHVILLE POLICE DEPT,20150468284,Davidson,Nashville,5/18/2015 9:33:00 PM,2,0,0,36.027920,-86.635760,I 24,,,,0.00,,,,,,,61.20,N,Not at Intersection, ,Non-Junction,None,,,         ,Jessie,Meadows,Clear,"Sideswipe, Same Direction",no,no,no,no,no,False
100836502,METROPOLITAN NASHVILLE POLICE DEPT,20150468383,Davidson,Nashville,5/18/2015 10:01:00 PM,2,0,0,36.116720,-86.923210,US HWY 70,,,,0.00,Feet,,STATE HWY 251,,,,0.00,Y,Four-Way, ,Non-Junction,None,,,         ,Tyler,Reese,Clear,Front to Rear,no,no,no,yes,no,False
100836507,METROPOLITAN NASHVILLE POLICE DEPT,20150467268,Davidson,Nashville,5/18/2015 2:50:00 PM,2,0,0,36.087610,-86.714080,PARAGON MILLS RD,,,,245.00,Feet,East,TAMPA DR,,,,0.00,N,Not at Intersection, ,,None,,,         ,Matthew,Johnson,,,no,no,no,no,no,False
100836526,METROPOLITAN NASHVILLE POLICE DEPT,20150468578,Davidson,Nashville,5/18/2015 11:20:00 PM,3,1,0,36.089590,-86.710420,SCOTWOOD DR,,,,347.00,Feet,East,JASMIN DR,,,,0.00,N,Not at Intersection,N,Non-Junction,None,,,         ,Randy,Heinze,Clear,Front to Rear,no,no,no,no,no,False
100836542,METROPOLITAN NASHVILLE POLICE DEPT,20150468737,Davidson,Nashville,5/19/2015 12:34:00 AM,1,0,0,36.140260,-86.755780,FACTORY ST,,,,0.00,,,GEYSER ST,,,,0.00,Y,T-Intersection,N,Non-Junction,None,,,         ,Brian,Penny,Clear,Not Collision with Motor Vehicle in Transport,no,no,no,no,no,False
100836543,METROPOLITAN NASHVILLE POLICE DEPT,20150468767,Davidson,Nashville,5/19/2015 12:49:00 AM,1,0,0,36.152950,-86.683480,RAMP,,,,0.00,,East,MCGAVOCK PIKE,,,,0.00,N,Not at Intersection,N,Non-Junction,None,,,         ,Curtis,Fisher,Clear,Not Collision with Motor Vehicle in Transport,no,no,no,no,no,False
100836562,METROPOLITAN NASHVILLE POLICE DEPT,20150469054,Davidson,Nashville,5/19/2015 2:00:00 AM,1,0,0,36.167230,-86.779620,3RD AVE N,,,,0.00,,,US HWY 31,,,,0.00,Y,Four-Way, ,,None,,,         ,Brian,Smith,,,no,no,no,no,no,False
100836567,METROPOLITAN NASHVILLE POLICE DEPT,20150468508,Davidson,Nashville,5/19/2015 11:08:00 PM,4,0,0,36.058300,-86.717360,TUSCULUM RD,,,,0.00,,,,,,,0.00,,, ,OtherLocation,None,,,         ,Taylor,Jeansonne,Clear,Rear to Rear,no,no,no,yes,no,False
100836586,METROPOLITAN NASHVILLE POLICE DEPT,2015-0465824,Davidson,Nashville,5/18/2015 7:15:00 AM,2,0,0,36.039740,-86.649160,I 24,,,,0.00,,,,,,,60.05,N,Not at Intersection, ,Non-Junction,None,,,         ,John,Neely,Clear,"Sideswipe, Same Direction",no,no,no,no,no,False
100836608,METROPOLITAN NASHVILLE POLICE DEPT,20150458174,Davidson,Nashville,5/15/2015 12:50:00 PM,1,0,0,36.141250,-86.731660,I 40,,,,0.00,,,,,,,212.95,N,Not at Intersection, ,Non-Junction,None,,,         ,James,Curtis,Clear,Not Collision with Motor Vehicle in Transport,no,no,no,no,no,False
100836618,METROPOLITAN NASHVILLE POLICE DEPT,20150466298,Davidson,Nashville,5/18/2015 9:57:00 AM,2,1,0,36.096970,-86.763080,I 65,,,,0.00,,,,,,,78.80,N,Not at Intersection,N,Non-Junction,None,,,         ,Phillip,Murphy,Clear,Front to Rear,no,no,no,no,no,False
100836629,METROPOLITAN NASHVILLE POLICE DEPT,20150465797,Davidson,Nashville,5/18/2015 6:35:00 AM,2,0,0,36.059100,-86.716170,TUSCULUM RD,,,,0.00,,,US HWY 31 ALT,,,,0.00,Y,Four-Way, ,Intersection,None,,,         ,James,Grady,Cloudy,Angle,no,no,no,no,no,False
100836635,METROPOLITAN NASHVILLE POLICE DEPT,20150429760,Davidson,Nashville,5/7/2015 1:54:00 PM,2,0,0,36.219270,-86.811870,WORK DR,,,,398.00,Feet,West,RINGGOLD DR,,,,0.00,N,Not at Intersection, ,Non-Junction,None,,,         ,Earnest,Fields,Clear,"Sideswipe, Opposite Direction",no,no,no,no,no,False
100836639,METROPOLITAN NASHVILLE POLICE DEPT,2015-0469471,Davidson,Nashville,5/19/2015 6:52:00 AM,2,0,0,36.119540,-86.726290,EXIT 53,,,,0.00,,,I 24,,,,0.00,Y,Y-Intersection, ,Entrance/Exit Ramp Related,None,,,         ,William,Whitworth,Cloudy,Front to Rear,no,no,no,no,no,False
100836646,METROPOLITAN NASHVILLE POLICE DEPT,20150469523,Davidson,Nashville,5/19/2015 7:04:00 AM,2,0,0,36.198020,-86.776320,I 65,,,,0.00,,,,,,,86.75,N,Not at Intersection, ,Non-Junction,None,,,         ,Michael,McCord,Cloudy,Front to Rear,no,no,no,no,no,False
100836650,METROPOLITAN NASHVILLE POLICE DEPT,2015-0466396,Davidson,Nashville,5/18/2015 10:45:00 AM,2,0,0,36.161580,-86.775980,3RD AVE N,,,,0.00,,,US HWY 70,,,,0.00,Y,OTHER, ,"Driveway, Alley Access, etc",None,,,         ,Daniel,Massey,Cloudy,Front to Rear,no,no,no,no,no,False
100836652,METROPOLITAN NASHVILLE POLICE DEPT,20150466763,Davidson,Nashville,5/18/2015 1:03:00 PM,2,1,0,36.147300,-86.757850,US HWY 41,,,,0.00,,,FAIRFIELD AVE,,,,0.00,Y,Four-Way,N,Intersection,None,,,         ,James,Curtis,Clear,Angle,no,no,no,no,no,False
100836657,METROPOLITAN NASHVILLE POLICE DEPT,2015-0466016,Davidson,Nashville,5/18/2015 8:15:00 AM,1,0,0,36.206740,-86.722920,RIVERSIDE DR,,,,272.00,Feet,South,KIRKLAND AVE,,,,0.00,N,Not at Intersection,N,Non-Junction,None,,,         ,Coleman,Womack,Rain,Not Collision with Motor Vehicle in Transport,no,no,no,no,yes,False
100836661,METROPOLITAN NASHVILLE POLICE DEPT,20150469470,Davidson,Nashville,5/19/2015 7:03:00 AM,2,0,0,36.385510,-86.897340,WHITES CREEK,PIKE,US431,,0.03,Miles,North,SYCAMORE CREEK,RD,,,0.00,N,Not at Intersection, ,Non-Junction,None,,,         ,Michael,Parman,Cloudy,Front to Rear,no,no,no,no,no,False
100836663,VANDERBILT UNIVERSITY POLICE,15-0469574,Davidson,Nashville,5/18/2015 6:30:00 AM,2,0,0,36.139440,-86.803480,PIERCE AVE,,,,0.00,,,,,,,0.00,,, ,OtherLocation,None,,,         ,Jason,Bates,Unknown,"Sideswipe, Opposite Direction",no,no,no,yes,yes,Campus
100836667,GOODLETTSVILLE POLICE DEPT,15-19117,Davidson,Goodlettsville,5/19/2015 7:48:00 AM,2,0,0,36.310200,-86.687320,STATE HWY 386,,,,255.00,Feet,East,EXIT 1,,,,0.00,N,Not at Intersection,Y,Non-Junction,None,,,         ,Benny,Alexander,Cloudy,Front to Rear,no,no,no,no,no,False
100836688,METROPOLITAN NASHVILLE POLICE DEPT,2015-0466096,Davidson,Nashville,5/18/2015 9:00:00 AM,3,1,0,36.167220,-86.759690,S 6TH ST,,,,0.00,,,SYLVAN ST,,,,0.00,Y,Four-Way,N,Intersection,None,,,         ,Coleman,Womack,Rain,Angle,no,no,no,no,no,False
100836709,METROPOLITAN NASHVILLE POLICE DEPT,2015-0469630,Davidson,Nashville,5/19/2015 7:45:00 AM,2,0,0,36.069130,-86.693970,APACHE TRL,,,,160.00,Feet,South,EZELL RD,,,,0.00,N,Not at Intersection,N,Non-Junction,None,,,         ,William,Whitworth,Cloudy,Front to Rear,no,no,no,no,yes,False
100836710,METROPOLITAN NASHVILLE POLICE DEPT,2015-0469960,Davidson,Not in City Limit,5/19/2015 10:09:00 AM,2,0,0,36.022540,-86.629460,I 24,,,,0.00,,,,,,,61.80,N,Not at Intersection, ,Non-Junction,None,,,         ,William,Whitworth,Cloudy,"Sideswipe, Same Direction",no,no,no,no,no,False
100836716,METROPOLITAN NASHVILLE POLICE DEPT,2015-0466958,Davidson,Nashville,5/18/2015 2:15:00 PM,2,0,0,36.107680,-86.812740,US HWY 431,,,,50.00,Feet,South,GREEN HILLS VILLAGE DR,,,,0.00,N,Not at Intersection, ,Non-Junction,None,,,         ,Walter,Gray II,Cloudy,Front to Rear,no,no,no,no,no,False
100836720,METROPOLITAN NASHVILLE POLICE DEPT,2015-0466258,Davidson,Nashville,5/18/2015 9:55:00 AM,2,1,0,36.174170,-86.751980,S 10TH ST,,,,0.00,,,FATHERLAND ST,,,,0.00,Y,Four-Way,N,Intersection,None,,,         ,Coleman,Womack,Cloudy,Angle,no,no,no,no,no,False
100836727,METROPOLITAN NASHVILLE POLICE DEPT,20150469809,Davidson,Nashville,5/19/2015 8:56:00 AM,2,0,0,36.164180,-86.793950,I 40,,,,0.00,,,,,,,208.50,N,Not at Intersection, ,Non-Junction,None,,,         ,Phillip,Murphy,Clear,Front to Rear,no,no,no,no,no,False
100836728,METROPOLITAN NASHVILLE POLICE DEPT,20150469911,Davidson,Nashville,5/19/2015 9:34:00 AM,2,0,0,36.164140,-86.786740,JAMES ROBERTSON PKWY,,,,100.00,Feet,North,US HWY 31,,,,0.00,N,Not at Intersection, ,,None,,,         ,Nathan,Kemp,,,no,no,no,no,no,False
100836738,METROPOLITAN NASHVILLE POLICE DEPT,20150453438,Davidson,Nashville,5/14/2015 7:28:00 AM,2,0,0,36.143770,-86.814090,US HWY 70S,,,,45.00,Feet,North,30TH AVE N,,,,0.00,N,Not at Intersection, ,"Driveway, Alley Access, etc",None,,,         ,Erik,Wagner,Cloudy,Angle,no,no,no,no,no,Campus
100836740,METROPOLITAN NASHVILLE POLICE DEPT,2015-0467595,Davidson,Nashville,5/19/2015 5:30:00 PM,2,0,0,36.117140,-86.922560,US HWY 70,,,,136.00,Feet,East,RAMP,,,,0.00,N,Not at Intersection, ,Non-Junction,None,,,         ,Alex,Lampley,Clear,Angle,no,no,no,no,no,False
100836742,METROPOLITAN NASHVILLE POLICE DEPT,2015-0466395,Davidson,Nashville,5/18/2015 10:50:00 AM,2,1,0,36.220010,-86.774290,I 65,,,,0.00,,,,,,,88.30,N,Not at Intersection,Y,Entrance/Exit Ramp Related,Construction Zone,Lane Shift-Crossover,Activity Area,         ,Coleman,Womack,Cloudy,Front to Rear,no,no,no,no,no,False
100836749,BERRY HILL POLICE DEPT,15-1986,Davidson,Berry Hill,5/19/2015 10:35:00 AM,2,0,0,36.121380,-86.768270,FESSEY CT,,,,398.00,Feet,North,BERRY RD,,,,0.00,N,Not at Intersection, ,,None,,,         ,John,Gleixner,,,no,no,no,yes,no,False
100836751,METROPOLITAN NASHVILLE POLICE DEPT,2015-0458350,Davidson,Nashville,5/15/2015 1:45:00 PM,2,1,0,36.228230,-86.759470,US HWY 31W,,,,418.00,Feet,South,BROADMOOR DR,,,,0.00,N,Not at Intersection,N,"Driveway, Alley Access, etc",None,,,         ,Coleman,Womack,Cloudy,Angle,no,no,no,no,no,False
100836758,METROPOLITAN NASHVILLE POLICE DEPT,20150470140,Davidson,Nashville,5/19/2015 12:00:00 AM,1,0,0,36.127110,-86.698320,KIPLING DR,,,,557.00,Feet,North,KERMIT DR,,,,0.00,N,Not at Intersection,N,Non-Junction,None,,,         ,Jacob,Halouska,Clear,Not Collision with Motor Vehicle in Transport,no,no,no,no,yes,False
100836780,METROPOLITAN NASHVILLE POLICE DEPT,2015-0469772,Davidson,Nashville,5/19/2015 8:45:00 AM,2,0,0,36.205950,-86.768540,E TRINITY LN,,,,0.00,,,US HWY 31W,,,,0.00,Y,Four-Way, ,Intersection,None,,,         ,Coleman,Womack,Cloudy,Angle,no,no,no,no,no,False
100836782,METROPOLITAN NASHVILLE POLICE DEPT,20150470366,Davidson,Nashville,5/19/2015 12:17:00 PM,2,0,0,36.193350,-86.617140,STATE HWY 45,,,,436.00,Feet,North,JUAREZ DR,,,,0.00,N,Not at Intersection, ,"Driveway, Alley Access, etc",None,,,         ,Craig,Carlson,Cloudy,Front to Rear,no,no,no,yes,no,False
100836785,METROPOLITAN NASHVILLE POLICE DEPT,20150470435,Davidson,Not in City Limit,5/19/2015 12:40:00 PM,1,0,0,36.264570,-86.737310,-- UNKNOWN RAMP/ROAD --,,,,0.00,Feet,East,I 65,,,,0.00,N,Not at Intersection, ,Non-Junction,None,,,         ,Landon,Bagwell,Cloudy,Not Collision with Motor Vehicle in Transport,no,no,no,no,no,False
100836798,METROPOLITAN NASHVILLE POLICE DEPT,20150470437,Davidson,Nashville,5/19/2015 12:42:00 PM,2,0,0,36.082820,-86.757960,TROUSDALE DR,,,,361.00,Feet,South,TIMBERHILL DR,,,,0.00,N,Not at Intersection, ,,None,,,         ,James,Smith,,,no,no,no,no,no,False
100836799,METROPOLITAN NASHVILLE POLICE DEPT,2015-0470088,Davidson,Nashville,5/19/2015 10:40:00 AM,2,1,0,36.178140,-86.751650,S 10TH ST,,,,0.00,,,N 10TH ST,,,,0.00,Y,Four-Way,N,Intersection,None,,,         ,Coleman,Womack,Cloudy,Angle,no,no,no,no,no,False
100836801,METROPOLITAN NASHVILLE POLICE DEPT,20150470522,Davidson,Nashville,5/19/2015 1:00:00 PM,2,0,0,36.204030,-86.840630,US HWY 41 ALT,,,,310.00,Feet,North,ABERNATHY RD,,,,0.00,N,Not at Intersection, ,Non-Junction,None,,,         ,Michael,Parman,Cloudy,Angle,no,no,no,no,no,False
100836803,METROPOLITAN NASHVILLE POLICE DEPT,20150470149,Davidson,Nashville,5/19/2015 11:00:00 AM,2,2,0,36.237950,-86.786370,STATE HWY 155,,,,0.00,,,-- UNKNOWN RAMP/ROAD --,,,,0.00,Y,Traffic Circle,Y,Entrance/Exit Ramp Related,None,,,         ,Andrew,Ivey,Cloudy,Front to Rear,no,no,no,no,no,False
100836812,METROPOLITAN NASHVILLE POLICE DEPT,2015-0470578,Davidson,Nashville,5/17/2015 8:13:00 PM,2,0,0,36.129550,-86.901360,US HWY 70,,,,0.00,,,,,,,0.00,,, ,Non-Junction,None,,,         ,Curtis,Rich,Sleet/Hail,Other,no,no,no,yes,yes,False
100836823,METROPOLITAN NASHVILLE POLICE DEPT,2015-0470428,Davidson,Nashville,5/19/2015 12:35:00 PM,2,0,0,36.203580,-86.738480,GALLATIN PIKE,,,,0.00,,,E TRINITY LN,,,,0.00,Y,T-Intersection, ,Intersection,None,,,         ,Coleman,Womack,Cloudy,"Sideswipe, Opposite Direction",no,no,no,no,no,False
100836826,METROPOLITAN NASHVILLE POLICE DEPT,2015-0469898,Davidson,Nashville,5/19/2015 9:25:00 AM,2,0,0,36.149230,-86.774890,I 40,,,,0.00,,,,,,,210.15,N,Not at Intersection, ,OtherLocation,None,,,         ,Daniel,Massey,Clear,"Sideswipe, Same Direction",no,no,no,no,no,False
100836832,METROPOLITAN NASHVILLE POLICE DEPT,20150470527,Davidson,Nashville,5/19/2015 11:30:00 AM,2,0,0,36.046580,-86.859570,STATE HWY 254,,,,974.00,Feet,East,US HWY 431,,,,0.00,N,Not at Intersection,N,Non-Junction,None,,,         ,Reuben,Hewit,Clear,"Sideswipe, Opposite Direction",no,no,no,no,yes,False
100836849,VANDERBILT UNIVERSITY POLICE,15-0470727,Davidson,Nashville,5/19/2015 1:50:00 PM,2,0,0,36.141560,-86.805870,25TH AVE S,,,,0.00,,,,,,,0.00,,, ,,None,,,         ,Jason,Bates,,,no,no,no,yes,no,Campus
100836866,METROPOLITAN NASHVILLE POLICE DEPT,20150454110,Davidson,Nashville,5/14/2015 11:15:00 AM,1,8,0,36.206210,-86.612510,US HWY 70,,,,220.00,Feet,East,MCKENDREE CIR,,,,0.00,N,Not at Intersection,N,OtherLocation,None,,,         ,James,Curtis,Clear,Not Collision with Motor Vehicle in Transport,no,no,no,yes,no,False
100836880,METROPOLITAN NASHVILLE POLICE DEPT,2015-0470357,Davidson,Nashville,5/19/2015 12:15:00 PM,2,1,0,36.134780,-86.746870,POLK AVE,,,,0.00,,,FESSLERS LN,,,,0.00,Y,Four-Way,N,Intersection,None,,,         ,William,Whitworth,Cloudy,Angle,no,no,no,no,no,False
100836881,METROPOLITAN NASHVILLE POLICE DEPT,2015-0470766,Davidson,Nashville,5/19/2015 2:04:00 PM,1,0,0,36.064350,-86.620250,HAMILTON GLEN DR,,,,77.00,Feet,South,HAMILTON CHURCH RD,,,,0.00,N,Not at Intersection, ,Non-Junction,None,,,         ,William,Whitworth,Clear,Not Collision with Motor Vehicle in Transport,no,no,no,no,no,False
100836888,METROPOLITAN NASHVILLE POLICE DEPT,20150470972,Davidson,Antioch,5/19/2015 3:48:00 PM,2,0,0,36.075840,-86.598650,COUNTRY RIDGE DR,,,,0.00,Feet,East,ARCADIA CT,,,,0.00,N,Not at Intersection,N,Non-Junction,None,,,         ,Jessie,Meadows,Clear,Front to Rear,no,no,no,no,no,False