master_record_number,agency,agency_tracking_number,county,city,collision_date,vehicles_involved,number_injured,number_dead,latitude,longitude,roadway_name,roadway_suffix,roadway_number,roadway_local_id,distance_from_reference,miles-feet_indicator,direction_from_reference,intersection_road_name,intersection_road_name_suffix,intersection_road_number,intersection_local_id,mile_marker,intersection_indicator,intersect_type,interchange_related_indicator,relation_to_junction,work_zone_type,construction_maintenance_zone,construction_maintenance_zone_location,fatal_case_number,officer_first_name,officer_last_name,weather_condition(s),manner_of_crash,pedestrian,bicycle,scooter,parking,hitrun,mou
100847698,METROPOLITAN NASHVILLE POLICE DEPT,20150475323,Davidson,Nashville,5/20/2015 6:36:00 PM,2,0,0,36.114660,-86.747140,US HWY 31 ALT,,,,20.00,Feet,North,CENTRAL AVE,,,,0.00,N,Not at Intersection, ,Non-Junction,None,,,         ,Jessie,Meadows,Clear,Angle,no,no,no,no,no,False
100847699,METROPOLITAN NASHVILLE POLICE DEPT,20150475297,Davidson,Nashville,5/20/2015 7:16:00 PM,3,0,0,36.105710,-86.673350,STATE HWY 255,,,,60.00,Feet,North,RAMP,,,,0.00,N,Not at Intersection, ,Non-Junction,None,,,         ,Jessie,Meadows,Clear,Front to Rear,no,no,no,no,yes,False
100847700,METROPOLITAN NASHVILLE POLICE DEPT,20150475721,Davidson,Nashville,5/20/2015 8:52:00 PM,2,0,0,36.062010,-86.681970,I 24,,,,0.00,,,,,,,57.65,N,Not at Intersection,N,Non-Junction,None,,,         ,Jessie,Meadows,Rain,Angle,no,no,no,no,no,False
100847716,METROPOLITAN NASHVILLE POLICE DEPT,20150476230,Davidson,Nashville,5/20/2015 11:45:00 PM,1,1,0,36.206720,-86.780100,US HWY 431,,,,500.00,Feet,West,HAMPTON ST,,,,0.00,N,Not at Intersection,N,Non-Junction,None,,,         ,Matthew,Lachance,Clear,Not Collision with Motor Vehicle in Transport,yes,no,no,no,yes,False
100847719,METROPOLITAN NASHVILLE POLICE DEPT,20150476420,Davidson,Nashville,5/21/2015 1:00:00 AM,1,0,0,36.117930,-86.703350,WINTHORNE DR,,,,40.00,Feet,North,MCDONALD DR,,,,0.00,N,Not at Intersection,N,Non-Junction,None,,,         ,James,Jensen,Cloudy,Not Collision with Motor Vehicle in Transport,no,no,no,yes,no,False
100847726,METROPOLITAN NASHVILLE POLICE DEPT,20150476544,Davidson,Nashville,5/21/2015 2:01:00 AM,1,0,0,36.152890,-86.783720,PINE ST,,,,0.00,,,11TH AVE S,,,,0.00,Y,Four-Way,N,Non-Junction,None,,,         ,William,Thorowgood,Clear,Not Collision with Motor Vehicle in Transport,no,no,no,no,no,False
100847731,METROPOLITAN NASHVILLE POLICE DEPT,20150476716,Davidson,Nashville,5/21/2015 3:30:00 AM,2,0,0,36.226520,-86.774000,I 65,,,,0.00,,,,,,,88.70,N,Not at Intersection,N,Non-Junction,Construction Zone,Work On Shoulder Or Median,Activity Area,         ,Matthew,Lachance,Clear,"Sideswipe, Same Direction",no,no,no,no,yes,False
100847733,METROPOLITAN NASHVILLE POLICE DEPT,20150476444,Davidson,Nashville,5/21/2015 12:00:00 AM,1,1,0,36.238060,-86.786130,STATE HWY 155,,,,100.00,Feet,East,EXIT 18B,,,,0.00,N,Not at Intersection,Y,Entrance/Exit Ramp Related,None,,,         ,David,Moser,Clear,Not Collision with Motor Vehicle in Transport,no,no,no,no,no,False
100847766,METROPOLITAN NASHVILLE POLICE DEPT,20150463669,Davidson,Nashville,5/17/2015 1:20:00 PM,2,0,0,36.131880,-86.726970,-- UNKNOWN RAMP/ROAD --,,,,0.00,,,I 24,,,,0.00,Y,OTHER,N,Entrance/Exit Ramp Related,None,,,         ,Ian,Hammond,Clear,Front to Rear,no,no,no,no,no,False
100847770,VANDERBILT UNIVERSITY POLICE,15-474592,Davidson,Nashville,5/20/2015 2:15:00 PM,3,0,0,36.142120,-86.800670,US HWY 431,,,,0.00,,,,,,,0.00,,, ,OtherLocation,None,,,         ,Jason,Bates,Clear,Front to Rear,no,no,no,yes,no,Campus
100847771,METROPOLITAN NASHVILLE POLICE DEPT,20150477064,Davidson,Nashville,5/21/2015 6:54:00 AM,2,0,0,36.187420,-86.773350,CLEVELAND ST,,,,0.00,,,US HWY 31W,,,,0.00,Y,OTHER, ,Non-Junction,None,,,         ,Martin,Gonzalez,Cloudy,HeadOn,no,no,no,no,no,False
100847777,METROPOLITAN NASHVILLE POLICE DEPT,20150477085,Davidson,Nashville,5/21/2015 7:05:00 AM,2,0,0,36.165540,-86.764020,-- UNKNOWN RAMP/ROAD --,,,,0.00,,,I 24,,,,0.00,Y,Four-Way, ,Intersection-Related,None,,,         ,Joshua,Hollins,Cloudy,Front to Rear,no,no,no,no,no,False
100847778,METROPOLITAN NASHVILLE POLICE DEPT,20150477116,Davidson,Nashville,5/21/2015 7:34:00 AM,2,0,0,36.144270,-86.691110,EXIT 215B,,,,0.00,Feet,East,I 40,,,,0.00,N,Not at Intersection, ,Non-Junction,None,,,         ,Mitchell,McClay,Rain,Front to Rear,no,no,no,no,no,False
100847785,METROPOLITAN NASHVILLE POLICE DEPT,2015-0447069,Davidson,Nashville,5/21/2015 7:00:00 AM,2,0,0,36.153260,-86.787520,I 40,,,,0.00,,,,,,,209.35,N,Not at Intersection, ,Entrance/Exit Ramp Related,Construction Zone,,,         ,Paul,Sorace,Cloudy,"Sideswipe, Same Direction",no,no,no,no,yes,False
100847786,METROPOLITAN NASHVILLE POLICE DEPT,20150477134,Davidson,Nashville,5/21/2015 7:32:00 AM,2,0,0,36.141040,-86.659500,EXIT 216,,,,0.00,Feet,East,I 40,,,,0.00,N,Not at Intersection, ,Non-Junction,None,,,         ,Larry,Benz,Rain,Front to Rear,no,no,no,no,no,False
100847788,METROPOLITAN NASHVILLE POLICE DEPT,2015-0477147,Davidson,Nashville,5/21/2015 7:45:00 AM,2,0,0,36.140230,-86.879160,US HWY 70,,,,31.00,Feet,North,RUSSLEO DR,,,,0.00,N,Not at Intersection, ,Non-Junction,None,,,         ,Curtis,Rich,Cloudy,Angle,no,no,no,no,no,False
100847794,METROPOLITAN NASHVILLE POLICE DEPT,20150477176,Davidson,Nashville,5/21/2015 7:45:00 AM,2,0,0,36.186940,-86.860760,COUNTY HOSPITAL RD,,,,0.00,Feet,,-- UNKNOWN RAMP/ROAD --,,,,0.00,Y,Y-Intersection, ,Entrance/Exit Ramp Related,None,,,         ,Clint,Gilleland,Cloudy,Front to Rear,no,no,no,no,no,False
100847795,METROPOLITAN NASHVILLE POLICE DEPT,20150474536,Davidson,Not in City Limit,5/20/2015 1:58:00 PM,2,2,0,36.357870,-86.882880,US HWY 431,,,,0.00,,,JACKMAN RD,,,,0.00,Y,T-Intersection,N,Intersection,None,,,         ,Rodney,Clark,Clear,Front to Rear,no,no,no,no,no,False
100847797,Nashville Airport Police,2015-01097,Davidson,Nashville,5/21/2015 12:00:00 AM,2,0,0,0.000000,0.000000,TERMINAL,DR,,,100.00,Feet,South,DISCREET ACESS,,,,0.00,N,Not at Intersection,N,Non-Junction,None,,,         ,William,Hodge,Clear,"Sideswipe, Same Direction",no,no,no,no,no,False
100847799,METROPOLITAN NASHVILLE POLICE DEPT,20150477119,Davidson,Nashville,5/21/2015 7:24:00 AM,2,0,0,36.207910,-86.839720,US HWY 41 ALT,,,,152.00,Feet,South,W HAMILTON RD,,,,0.00,N,Not at Intersection, ,Non-Junction,None,,,         ,Michael,McCord,Cloudy,"Sideswipe, Opposite Direction",no,no,no,no,no,False
100847802,METROPOLITAN NASHVILLE POLICE DEPT,20150477180,Davidson,Nashville,5/21/2015 7:50:00 AM,2,0,0,36.150190,-86.664440,PATRIOT WAY,,,,100.00,Feet,South,ALLEN RD,,,,0.00,N,Not at Intersection, ,Non-Junction,None,,,         ,Daniel,Crockett,Cloudy,"Sideswipe, Same Direction",no,no,no,no,no,False
100847809,METROPOLITAN NASHVILLE POLICE DEPT,20150477179,Davidson,Nashville,5/21/2015 7:47:00 AM,2,0,0,36.105890,-86.672280,US HWY 41,,,,0.00,,,RAMP,,,,0.00,Y,Four-Way, ,Intersection,None,,,         ,Bryan,Byrnes,Rain,Front to Rear,no,no,no,no,no,False
100847810,METROPOLITAN NASHVILLE POLICE DEPT,20150477078,Davidson,Nashville,5/21/2015 7:15:00 AM,2,0,0,36.051600,-86.647490,HICKORY HOLLOW TER,,,,341.00,Feet,North,STATE HWY 254,,,,0.00,N,Not at Intersection, ,"Driveway, Alley Access, etc",None,,,         ,Todd,Watson,Cloudy,Angle,no,no,no,no,no,False
100847813,METROPOLITAN NASHVILLE POLICE DEPT,20150477100,Davidson,Nashville,5/21/2015 7:30:00 AM,2,1,0,36.176460,-86.759220,RAMSEY ST,,,,66.00,Feet,East,N 8TH ST,,,,0.00,N,Not at Intersection,N,Non-Junction,None,,,         ,Aaron,Wigginton,Cloudy,Front to Rear,no,no,no,no,no,False
100847819,METROPOLITAN NASHVILLE POLICE DEPT,2015-0477123,Davidson,Nashville,5/21/2015 7:25:00 AM,2,2,0,36.010390,-86.615890,I 24,,,,0.00,,,,,,,62.90,N,Not at Intersection,N,Non-Junction,None,,,         ,William,Whitworth,Cloudy,Front to Rear,no,no,no,no,no,False
100847827,METROPOLITAN NASHVILLE POLICE DEPT,2015-0477290,Davidson,Nashville,5/21/2015 12:00:00 AM,2,0,0,36.159920,-86.846910,KENTUCKY AVE,,,,149.00,Feet,West,49TH AVE N,,,,0.00,N,Not at Intersection, ,Non-Junction,None,,,         ,Curtis,Rich,Unknown,Angle,no,no,no,no,yes,False
100847830,METROPOLITAN NASHVILLE POLICE DEPT,20150477089,Davidson,Antioch,5/21/2015 6:45:00 AM,2,0,0,36.048780,-86.613020,MURFREESBOR PIKE,HWY,SR3626,,2.00,Feet,South,PIN OAK RD,,SR,,0.00,N,Not at Intersection, ,Non-Junction,None,,,         ,Julius,Gallon,Cloudy,Front to Rear,no,no,no,no,no,False
100847831,METROPOLITAN NASHVILLE POLICE DEPT,20150477053,Davidson,Nashville,5/21/2015 6:50:00 AM,2,0,0,36.146210,-86.742080,I 40,,,,0.00,,,,,,,212.15,N,Not at Intersection, ,Non-Junction,None,,,         ,Carey,Steel,Cloudy,Front to Rear,no,no,no,no,no,False
100847842,METROPOLITAN NASHVILLE POLICE DEPT,20150477259,Davidson,Nashville,5/21/2015 8:26:00 AM,2,0,0,36.112380,-86.767000,STATE HWY 155,,,,0.00,,,BRANSFORD AVE,,,,0.00,Y,Four-Way, ,Intersection,None,,,         ,Nathan,Kemp,Cloudy,Angle,no,no,no,no,no,False
100847849,METROPOLITAN NASHVILLE POLICE DEPT,20150477401,Davidson,Nashville,5/21/2015 7:45:00 AM,2,0,0,36.087840,-86.692520,ANTIOCH PIKE,,,,181.00,Feet,North,STATE HWY 255,,,,0.00,N,Not at Intersection, ,Non-Junction,None,,,         ,Todd,Watson,Cloudy,"Sideswipe, Same Direction",no,no,no,no,no,False
100847853,METROPOLITAN NASHVILLE POLICE DEPT,2015-0477091,Davidson,Nashville,5/21/2015 7:08:00 AM,2,1,0,36.186790,-86.860360,COUNTY HOSPITAL RD,,,,100.00,Feet,East,STEWARTS LN,,,,0.00,N,Not at Intersection,N,Entrance/Exit Ramp Related,None,,,         ,William,Caillouette,Cloudy,Angle,no,no,no,no,no,False
100847859,METROPOLITAN NASHVILLE POLICE DEPT,2015-0477354,Davidson,Nashville,5/21/2015 9:00:00 AM,2,0,0,36.151290,-86.857710,STATE HWY 155,,,,24.00,Feet,South,-- UNKNOWN RAMP/ROAD --,,,,0.00,N,Not at Intersection, ,Non-Junction,None,,,         ,George,Spencer,Cloudy,Angle,no,no,no,no,no,False
100847864,METROPOLITAN NASHVILLE POLICE DEPT,20150473539,Davidson,Nashville,5/20/2015 7:50:00 AM,6,1,0,36.169710,-86.809860,I 40,,,,0.00,,,,,,,207.10,N,Not at Intersection,N,Non-Junction,None,,,         ,Joseph,Cadden,Clear,Front to Rear,no,no,no,no,yes,False
100847870,Nashville Airport Police,2015-01054,Davidson,Nashville,5/17/2015 1:19:00 PM,2,0,0,36.140390,-86.666350,EXIT 216C,,,,0.00,,,STATE HWY 255,,,,0.00,Y,OTHER, ,Entrance/Exit Ramp Related,None,,,         ,Steve,Wright,Clear,"Sideswipe, Same Direction",no,no,no,no,no,False
100847872,METROPOLITAN NASHVILLE POLICE DEPT,20150477331,Davidson,Nashville,5/21/2015 8:45:00 AM,3,0,0,36.131740,-86.726970,-- UNKNOWN RAMP/ROAD --,,,,0.00,,,I 24,,,,0.00,Y,OTHER,N,Entrance/Exit Ramp Related,None,,,         ,Ian,Hammond,Cloudy,Front to Rear,no,no,no,no,no,False
100847880,METROPOLITAN NASHVILLE POLICE DEPT,2015-0477217,Davidson,Nashville,5/21/2015 8:11:00 AM,2,0,0,36.215460,-86.837810,US HWY 41 ALT,,,,404.00,Feet,North,CEDAR CIR,,,,0.00,N,Not at Intersection,N,Non-Junction,None,,,         ,William,Caillouette,Cloudy,Front to Rear,no,no,no,no,no,False
100847892,METROPOLITAN NASHVILLE POLICE DEPT,2015-0477596,Davidson,Nashville,5/21/2015 10:20:00 AM,2,0,0,36.075400,-86.920930,STATE HWY 251,,,,340.00,Feet,North,US HWY 70S,,,,0.00,N,Not at Intersection, ,Non-Junction,None,,,         ,Benjamin,Cantrell,Rain,"Sideswipe, Same Direction",no,no,no,no,no,False
100847910,METROPOLITAN NASHVILLE POLICE DEPT,20150477303,Davidson,Nashville,5/21/2015 8:36:00 AM,2,0,0,36.046050,-86.743880,EDMONDSON PIKE,,,,851.00,Feet,South,BRIGHTON VILLAGE DR,,,,0.00,N,Not at Intersection,N,Non-Junction,None,,,         ,Phillip,Murphy,Cloudy,Angle,no,no,no,no,no,False
100847911,METROPOLITAN NASHVILLE POLICE DEPT,20150477440,Davidson,Nashville,5/21/2015 9:15:00 AM,2,0,0,36.182500,-86.765180,LISCHEY AVE,,,,51.00,Feet,North,GRACE ST,,,,0.00,N,Not at Intersection, ,Non-Junction,None,,,         ,Aaron,Wigginton,Clear,"Sideswipe, Same Direction",no,no,no,no,no,False
100847914,METROPOLITAN NASHVILLE POLICE DEPT,20150477900,Davidson,Nashville,5/21/2015 11:41:00 AM,2,0,0,36.104700,-86.813460,RICHARD JONES RD,,,,333.00,Feet,East,US HWY 431,,,,0.00,N,Not at Intersection, ,,None,,,         ,Nathan,Kemp,,,no,no,no,no,no,False
100847929,METROPOLITAN NASHVILLE POLICE DEPT,20150477874,Davidson,Nashville,5/21/2015 11:30:00 AM,2,1,0,36.052350,-86.670890,I 24,,,,0.00,,,,,,,58.60,N,Not at Intersection,N,Non-Junction,None,,,         ,Todd,Watson,Cloudy,"Sideswipe, Same Direction",no,no,no,no,no,False
100847935,METROPOLITAN NASHVILLE POLICE DEPT,2015-0477686,Davidson,Nashville,5/21/2015 10:44:00 AM,2,0,0,36.066860,-86.718060,US HWY 31 ALT,,,,73.00,Feet,North,NORTHCREST DR,,,,0.00,N,Not at Intersection, ,Non-Junction,None,,,         ,William,Whitworth,Cloudy,Angle,no,no,no,no,no,False
100847946,METROPOLITAN NASHVILLE POLICE DEPT,20150478016,Davidson,Nashville,5/21/2015 12:00:00 PM,2,0,0,36.207400,-86.784200,US HWY 431,,,,86.00,Feet,West,MONTICELLO DR,,,,0.00,N,Not at Intersection, ,Non-Junction,None,,,         ,Clint,Gilleland,Cloudy,Front to Rear,no,no,no,no,no,False
100847948,Nashville Airport Police,2015-1098,Davidson,Nashville,5/21/2015 7:37:00 AM,2,1,0,36.136100,-86.663710,STATE HWY 255,,,,46.00,Feet,North,RAMP,,,,0.00,N,Not at Intersection,N,Non-Junction,None,,,         ,George,Rusho,Cloudy,Not Collision with Motor Vehicle in Transport,no,no,no,no,no,False
100847955,METROPOLITAN NASHVILLE POLICE DEPT,20150477530,Davidson,Nashville,5/21/2015 12:00:00 AM,2,0,0,36.164100,-86.750620,GLENVIEW DR,,,,246.00,Feet,West,S 12TH ST,,,,0.00,N,Not at Intersection,N,Non-Junction,None,,,         ,Steven,Carrick,Unknown,Angle,no,no,no,no,yes,False
100847957,METROPOLITAN NASHVILLE POLICE DEPT,20150475925,Davidson,Nashville,5/20/2015 9:38:00 PM,2,0,0,36.130480,-86.767990,BRANSFORD AVE,,,,417.00,Feet,East,BENTON AVE,,,,0.00,N,Not at Intersection,N,Non-Junction,None,,,         ,Tien,Nguyen,Clear,Angle,no,no,no,yes,no,False
100847962,METROPOLITAN NASHVILLE POLICE DEPT,20150477255,Davidson,Nashville,5/21/2015 8:00:00 AM,1,1,0,36.089970,-86.694480,ANTIOCH PIKE,,,,310.00,Feet,North,CANDY LN,,,,0.00,N,Not at Intersection,N,Non-Junction,None,,,         ,James,Grady,Cloudy,Not Collision with Motor Vehicle in Transport,no,no,no,no,no,False
100847966,METROPOLITAN NASHVILLE POLICE DEPT,2015-0475255,Davidson,Nashville,5/20/2015 5:55:00 PM,2,1,0,36.118730,-86.913420,I 40,,,,0.00,,,,,,,199.95,N,Not at Intersection,N,Non-Junction,None,,,         ,Walter,Gray II,Cloudy,Front to Rear,no,no,no,no,no,False
100847967,METROPOLITAN NASHVILLE POLICE DEPT,2015-0478071,Davidson,Nashville,5/21/2015 12:23:00 PM,2,0,0,36.130300,-86.900240,EXIT 201A,,,,50.00,Feet,West,US HWY 70,,,,0.00,N,Not at Intersection, ,Entrance/Exit Ramp Related,None,,,         ,Walter,Gray II,Cloudy,Front to Rear,no,no,no,no,no,False
100847969,METROPOLITAN NASHVILLE POLICE DEPT,20150478100,Davidson,Nashville,5/21/2015 12:27:00 PM,2,0,0,36.198280,-86.620330,STATE HWY 45,,,,0.00,,,US HWY 70,,,,0.00,Y,Four-Way, ,Intersection,None,,,         ,Wesley,Young,Clear,Front to Rear,no,no,no,no,no,False
100847970,METROPOLITAN NASHVILLE POLICE DEPT,20150478114,Davidson,Nashville,5/21/2015 12:30:00 PM,2,0,0,36.038920,-86.712900,US HWY 31 ALT,,,,1226.00,Feet,North,BRENTWOOD HIGHLANDS DR,,,,0.00,N,Not at Intersection, ,Non-Junction,None,,,         ,Reuben,Hewit,Cloudy,Angle,no,no,no,no,no,False
100847971,METROPOLITAN NASHVILLE POLICE DEPT,2015-0477346,Davidson,Nashville,5/21/2015 8:54:00 AM,2,0,0,36.151180,-86.774220,6TH AVE S,,,,0.00,,,ASH ST,,,,0.00,Y,Four-Way, ,Intersection-Related,None,,,         ,Allen,Bates,Clear,Angle,no,no,no,no,no,False
100847976,METROPOLITAN NASHVILLE POLICE DEPT,20150477777,Davidson,Nashville,5/21/2015 11:08:00 AM,3,1,0,36.133560,-86.726740,I 24,,,,0.00,,,,,,,52.05,N,Not at Intersection,N,Non-Junction,None,,,         ,Megan,Arnett,Cloudy,Front to Rear,no,no,no,no,no,False
100847977,METROPOLITAN NASHVILLE POLICE DEPT,20150478215,Davidson,Nashville,5/21/2015 12:50:00 PM,2,0,0,36.232840,-86.724650,-- UNKNOWN RAMP/ROAD --,,,,0.00,,,GALLATIN PIKE,,,,0.00,Y,OTHER, ,Entrance/Exit Ramp Related,None,,,         ,William,Crowe,Cloudy,Front to Rear,no,no,no,no,no,False
100847978,METROPOLITAN NASHVILLE POLICE DEPT,20150478450,Davidson,Nashville,5/21/2015 2:02:00 PM,1,0,0,36.155050,-86.676150,EMERY DR,,,,124.00,Feet,North,LAKELAND DR,,,,0.00,N,Not at Intersection,N,Non-Junction,None,,,         ,Mitchell,McClay,Clear,Not Collision with Motor Vehicle in Transport,no,no,no,no,no,False
100847979,METROPOLITAN NASHVILLE POLICE DEPT,20150478429,Davidson,Nashville,5/21/2015 1:58:00 PM,2,0,0,36.151580,-86.798860,US HWY 70S,,,,156.00,Feet,East,20TH AVE N,,,,0.00,N,Not at Intersection,N,Non-Junction,None,,,         ,Nathan,Kemp,Clear,Angle,no,no,no,no,no,False
100847986,METROPOLITAN NASHVILLE POLICE DEPT,20150478346,Davidson,Not in City Limit,5/21/2015 1:30:00 PM,2,0,0,36.276960,-86.796100,STATE HWY 45,,,,19.00,Feet,East,HICKORY HILLS BLVD,,,,0.00,N,Not at Intersection, ,Non-Junction,None,,,         ,Landon,Bagwell,Cloudy,"Sideswipe, Same Direction",no,no,no,no,no,False
100848029,METROPOLITAN NASHVILLE POLICE DEPT,20150478424,Davidson,Nashville,5/21/2015 1:55:00 PM,2,1,0,36.200380,-86.776400,I 65,,,,0.00,,,,,,,86.90,N,Not at Intersection,N,Non-Junction,Construction Zone,Unknown,Advanced Warning Area,         ,Michael,Watkins,Cloudy,Angle,no,no,no,no,no,False
100848033,METROPOLITAN NASHVILLE POLICE DEPT,20150478533,Davidson,Nashville,5/21/2015 2:20:00 PM,1,0,0,36.144270,-86.695220,I 40,,,,0.00,,,,,,,215.00,N,Not at Intersection,N,Non-Junction,None,,,         ,Tyler,Conrads,Clear,Not Collision with Motor Vehicle in Transport,no,no,no,no,no,False
100848041,METROPOLITAN NASHVILLE POLICE DEPT,20150478572,Davidson,Nashville,5/21/2015 2:41:00 PM,2,1,0,36.142930,-86.683770,I 40,,,,0.00,,,,,,,215.65,N,Not at Intersection,N,Non-Junction,None,,,         ,Leslie,Hale,Cloudy,Front to Rear,no,no,no,no,no,False
100848042,METROPOLITAN NASHVILLE POLICE DEPT,2015-0475117,Davidson,Nashville,5/20/2015 4:53:00 PM,4,0,0,36.134340,-86.780900,WEDGEWOOD AVE,,,,82.00,Feet,East,ACKLEN AVE,,,,0.00,N,Not at Intersection,N,Non-Junction,None,,,         ,Clyde,Stambaugh,Clear,Front to Rear,no,no,no,no,yes,False
100848059,METROPOLITAN NASHVILLE POLICE DEPT,20150478754,Davidson,Nashville,5/21/2015 3:33:00 PM,2,0,0,36.151800,-86.635420,I 40,,,,0.00,,,,,,,218.50,N,Not at Intersection,N,Non-Junction,None,,,         ,Michael,Apsey,Cloudy,"Sideswipe, Same Direction",no,no,no,no,no,False
100848065,METROPOLITAN NASHVILLE POLICE DEPT,20150478587,Davidson,Nashville,5/21/2015 2:42:00 PM,2,1,0,36.171490,-86.769070,INTERSTATE DR,,,,0.00,,,US HWY 31,,,,0.00,Y,Four-Way,N,Non-Junction,None,,,         ,Aaron,Thomas,Cloudy,"Sideswipe, Opposite Direction",no,no,no,no,no,False
100848067,METROPOLITAN NASHVILLE POLICE DEPT,20150478635,Davidson,Nashville,5/21/2015 3:07:00 PM,2,0,0,36.097660,-86.765690,I 65,,,,0.00,,,,,,,78.90,N,Not at Intersection,N,Non-Junction,None,,,         ,Mekisha,Page,Clear,Not Collision with Motor Vehicle in Transport,no,no,no,no,yes,False
100848070,METROPOLITAN NASHVILLE POLICE DEPT,20150475555,Davidson,Nashville,5/20/2015 7:20:00 PM,1,2,0,36.229060,-86.834200,STATE HWY 155,,,,0.00,,,US HWY 41 ALT,,,,0.00,Y,OTHER,N,OtherLocation,None,,,         ,Kenneth,Oneal,Rain,Not Collision with Motor Vehicle in Transport,no,no,no,no,no,False
100848076,METROPOLITAN NASHVILLE POLICE DEPT,20150478791,Davidson,Nashville,5/21/2015 3:45:00 PM,2,0,0,36.142350,-86.815290,31ST AVE S,,,,100.00,Feet,South,US HWY 70S,,,,0.00,N,Not at Intersection,N,Non-Junction,None,,,         ,Peter,Knisley,Cloudy,Angle,no,no,no,no,no,Campus
100848095,Nashville Airport Police,15-01088,Davidson,Nashville,5/20/2015 3:55:00 PM,2,0,0,36.135530,-86.667710,TERMINAL DR,,,,0.00,,,RAMP,,,,0.00,Y,Roundabout,N,Non-Junction,None,,,         ,Mark,Lawrence,Clear,"Sideswipe, Same Direction",no,no,no,no,no,False
100848096,Nashville Airport Police,15-01103,Davidson,Nashville,5/21/2015 2:30:00 PM,2,0,0,36.117060,-86.668050,HANGAR LN,,,,0.00,,,STATE HWY 255,,,,0.00,Y,T-Intersection, ,Non-Junction,None,,,         ,Mark,Lawrence,Clear,"Sideswipe, Same Direction",no,no,no,no,no,False
100848103,METROPOLITAN NASHVILLE POLICE DEPT,20150478981,Davidson,Nashville,5/21/2015 4:31:00 PM,3,0,0,36.172390,-86.765060,S 5TH ST,,,,181.00,Feet,South,US HWY 31,,,,0.00,N,Not at Intersection, ,Non-Junction,None,,,         ,Kimberly,Brown,Cloudy,Angle,no,no,no,no,no,False
100848105,METROPOLITAN NASHVILLE POLICE DEPT,2015-0478679,Davidson,Nashville,5/21/2015 3:41:00 PM,1,1,0,36.152590,-86.848590,51ST AVE N,,,,171.00,Feet,South,ALABAMA AVE,,,,0.00,N,Not at Intersection,N,Non-Junction,None,,,         ,Walter,Gray II,Cloudy,Not Collision with Motor Vehicle in Transport,yes,no,no,yes,no,False
100848106,METROPOLITAN NASHVILLE POLICE DEPT,2015-0479080,Davidson,Nashville,5/21/2015 4:49:00 PM,2,1,0,36.151540,-86.857390,-- UNKNOWN RAMP/ROAD --,,,,0.00,Feet,East,STATE HWY 155,,,,0.00,N,Not at Intersection,Y,Entrance/Exit Ramp Related,None,,,         ,Walter,Gray II,Cloudy,Front to Rear,no,no,no,no,no,False
100848108,METROPOLITAN NASHVILLE POLICE DEPT,20150479309,Davidson,Nashville,5/21/2015 4:40:00 PM,2,0,0,36.092590,-86.652110,US HWY 41,,,,524.00,Feet,South,OLD MURFREESBORO PIKE,,,,0.00,N,Not at Intersection, ,,None,,,         ,Brandon,Vance,,,no,no,no,no,no,False
100848109,METROPOLITAN NASHVILLE POLICE DEPT,20150479017,Davidson,Nashville,5/21/2015 4:20:00 PM,1,0,0,36.142520,-86.631670,ELM HILL PIKE,,,,0.00,,,NOBLE VALLEY DR,,,,0.00,Y,T-Intersection,N,"Driveway, Alley Access, etc",None,,,         ,Timothy,Mead,Cloudy,Not Collision with Motor Vehicle in Transport,no,no,no,no,no,False
100848110,METROPOLITAN NASHVILLE POLICE DEPT,20150467373,Davidson,Nashville,5/21/2015 3:30:00 PM,2,0,0,36.151620,-86.851110,53RD AVE N,,,,85.00,Feet,South,US HWY 70,,,,0.00,N,Not at Intersection, ,Non-Junction,None,,,         ,Torian,Cox,Clear,Rear to Rear,no,no,no,no,no,False
100848111,METROPOLITAN NASHVILLE POLICE DEPT,20150479004,Davidson,Nashville,5/21/2015 4:33:00 PM,2,1,0,36.131210,-86.773780,I 65,,,,0.00,,,,,,,81.15,N,Not at Intersection,N,Non-Junction,None,,,         ,Nicholas,Smith,Cloudy,Front to Rear,no,no,no,no,no,False
100848115,METROPOLITAN NASHVILLE POLICE DEPT,20150479368,Davidson,Nashville,5/21/2015 5:54:00 PM,2,0,0,36.080650,-86.805420,TYNE BLVD,,,,0.00,,,GRANNY WHITE PIKE,,,,0.00,Y,Four-Way,N,Intersection-Related,None,,,         ,Tien,Nguyen,Clear,Angle,no,no,no,no,no,False
100848116,METROPOLITAN NASHVILLE POLICE DEPT,20150479048,Davidson,Nashville,5/21/2015 4:42:00 PM,2,0,0,36.155840,-86.789400,I 40,,,,0.00,,,,,,,209.15,N,Not at Intersection,Y,Entrance/Exit Ramp Related,None,,,         ,Maria,Cortez,Clear,Angle,no,no,no,no,no,False
100848122,METROPOLITAN NASHVILLE POLICE DEPT,20150479325,Davidson,Nashville,5/21/2015 6:24:00 PM,2,0,0,36.148660,-86.781670,I 40,,,,0.00,,,,,,,209.75,N,Not at Intersection, ,Non-Junction,None,,,         ,Mekisha,Page,Clear,Front to Rear,no,no,no,no,no,False
100848126,METROPOLITAN NASHVILLE POLICE DEPT,20150479220,Davidson,Nashville,5/21/2015 5:21:00 PM,2,2,0,36.193270,-86.830610,US HWY 41 ALT,,,,0.00,,,RAMP,,,,0.00,Y,OTHER,N,Intersection-Related,None,,,         ,Kenneth,Oneal,Clear,Front to Rear,no,no,no,no,no,False