master_record_number,agency,agency_tracking_number,county,city,collision_date,vehicles_involved,number_injured,number_dead,latitude,longitude,roadway_name,roadway_suffix,roadway_number,roadway_local_id,distance_from_reference,miles-feet_indicator,direction_from_reference,intersection_road_name,intersection_road_name_suffix,intersection_road_number,intersection_local_id,mile_marker,intersection_indicator,intersect_type,interchange_related_indicator,relation_to_junction,work_zone_type,construction_maintenance_zone,construction_maintenance_zone_location,fatal_case_number,officer_first_name,officer_last_name,weather_condition(s),manner_of_crash,pedestrian,bicycle,scooter,parking,hitrun,mou
100849725,METROPOLITAN NASHVILLE POLICE DEPT,20150488344,Davidson,Nashville,5/24/2015 8:20:00 PM,2,0,0,36.198440,-86.620240,US HWY 70,,,,0.00,,,STATE HWY 45,,,,0.00,Y,Four-Way, ,Intersection,None,,,         ,Tyler,Conrads,Clear,HeadOn,no,no,no,no,no,False
100849731,METROPOLITAN NASHVILLE POLICE DEPT,20150488366,Davidson,Nashville,5/24/2015 7:18:00 PM,2,0,0,36.118350,-86.700260,US HWY 41,,,,0.00,,,STATE HWY 155,,,,0.00,Y,OTHER, ,Non-Junction,None,,,         ,James,Tidwell,Cloudy,"Sideswipe, Same Direction",no,no,no,no,no,False
100849737,METROPOLITAN NASHVILLE POLICE DEPT,20150487664,Davidson,Nashville,5/24/2015 2:10:00 PM,2,0,0,35.990810,-86.683140,US HWY 31 ALT,,,,174.00,Feet,South,BURKITT RD,,,,0.00,N,Not at Intersection,N,Non-Junction,None,,,         ,Thomas,Odom,Clear,Front to Rear,no,no,no,no,no,False
100849741,METROPOLITAN NASHVILLE POLICE DEPT,20150488564,Davidson,Nashville,5/24/2015 11:04:00 PM,2,2,0,36.192890,-86.623790,JUAREZ DR,,,,0.00,,,US HWY 70,,,,0.00,Y,Four-Way,N,Intersection,None,,,         ,Bo,Branum,Clear,Angle,no,no,no,no,no,False
100849758,METROPOLITAN NASHVILLE POLICE DEPT,20150488615,Davidson,Nashville,5/24/2015 11:20:00 PM,1,1,0,36.204490,-86.796190,YOUNGS LN,,,,463.00,Feet,East,FREE SILVER RD,,,,0.00,N,Not at Intersection,N,Non-Junction,None,,,         ,Joshua,Hausman,Clear,Not Collision with Motor Vehicle in Transport,no,no,no,no,no,False
100849760,METROPOLITAN NASHVILLE POLICE DEPT,20150488737,Davidson,Nashville,5/25/2015 12:01:00 AM,2,0,0,36.030700,-86.638550,I 24,,,,0.00,,,,,,,61.00,N,Not at Intersection,N,Non-Junction,None,,,         ,Wallis,Massey,Clear,Front to Rear,no,no,no,no,yes,False
100849763,METROPOLITAN NASHVILLE POLICE DEPT,20150486903,Davidson,Nashville,5/24/2015 12:00:00 AM,2,0,0,36.051850,-86.644430,EAGLE VIEW BLVD,,,,0.00,,,,,,,0.00,,Not at Intersection,N,Non-Junction,None,,,         ,David,Moser,Clear,Front to Rear,no,no,no,yes,yes,False
100849765,METROPOLITAN NASHVILLE POLICE DEPT,20150487103,Davidson,Not in City Limit,5/25/2015 6:00:00 AM,1,0,0,36.295960,-86.811230,I 24,,,,0.00,,,,,,,39.10,N,Not at Intersection, ,Non-Junction,None,,,         ,Chad,Brown,Clear,Not Collision with Motor Vehicle in Transport,no,no,no,no,no,False
100849767,METROPOLITAN NASHVILLE POLICE DEPT,20150488686,Davidson,Nashville,5/24/2015 11:30:00 PM,2,0,0,36.189120,-86.593220,TULIP GROVE RD,,,,0.00,,,OLD LEBANON DIRT RD,,,,0.00,Y,Four-Way,Y,Intersection,None,,,         ,Raymond,Heymann,Clear,Front to Rear,no,no,no,no,yes,False
100849776,METROPOLITAN NASHVILLE POLICE DEPT,20150488540,Davidson,Not in City Limit,5/24/2015 10:30:00 PM,1,1,0,36.280310,-86.933500,RIDGE RD,,,,2281.00,Feet,West,GRAYS POINT RD,,,,0.00,N,Not at Intersection,N,Non-Junction,None,,,         ,Geoffrey,Daugherty,Clear,Not Collision with Motor Vehicle in Transport,no,no,no,no,no,False
100849780,METROPOLITAN NASHVILLE POLICE DEPT,20150486984,Davidson,Nashville,5/24/2015 12:00:00 AM,1,0,0,36.041490,-86.669350,ARBOR KNOLL BLVD,,,,201.00,Feet,West,ARBOR CREST BLVD,,,,0.00,N,Not at Intersection,N,Non-Junction,None,,,         ,David,Moser,Clear,Not Collision with Motor Vehicle in Transport,no,no,no,no,yes,False
100849781,METROPOLITAN NASHVILLE POLICE DEPT,2015-0488810,Davidson,Nashville,5/25/2015 1:05:00 AM,1,0,0,36.200210,-86.725130,BRANCH ST,,,,44.00,Feet,South,LITTON AVE,,,,0.00,N,Not at Intersection,N,Non-Junction,None,,,         ,Scott,Toney,Cloudy,Not Collision with Motor Vehicle in Transport,no,no,no,no,no,False
100849784,METROPOLITAN NASHVILLE POLICE DEPT,20150488853,Davidson,Nashville,5/25/2015 1:26:00 AM,1,1,0,36.142570,-86.701590,ENVIOUS LN,,,,310.00,Feet,North,DABBS AVE,,,,0.00,N,Not at Intersection,N,Non-Junction,None,,,         ,Chad,Mahoney,Clear,Not Collision with Motor Vehicle in Transport,no,no,no,yes,no,False
100849794,METROPOLITAN NASHVILLE POLICE DEPT,2015-0856595,Davidson,Nashville,5/14/2015 12:55:00 AM,2,0,0,36.158050,-86.799950,US HWY 70,,,,0.00,,,18TH AVE N,,,,0.00,Y,Four-Way,Y,Intersection,None,,,         ,Matthew,Moses,Clear,Angle,no,no,no,no,no,False
100849797,METROPOLITAN NASHVILLE POLICE DEPT,20150489138,Davidson,Not in City Limit,5/25/2015 4:39:00 AM,1,0,0,36.077980,-86.995560,I 40,,,,0.00,,,,,,,193.90,N,Not at Intersection, ,Non-Junction,None,,,         ,Jackson,Smythe,Cloudy,Not Collision with Motor Vehicle in Transport,no,no,no,no,no,False
100849807,GOODLETTSVILLE POLICE DEPT,15-19431,Davidson,Goodlettsville,5/21/2015 2:50:00 PM,2,0,0,36.325290,-86.707130,S CARTWRIGHT ST,,,,0.00,,,E CEDAR ST,,,,0.00,Y,Four-Way, ,Intersection,None,,,         ,John,Spencer,Cloudy,Angle,no,no,no,no,no,False
100849821,METROPOLITAN NASHVILLE POLICE DEPT,20150487550,Davidson,Nashville,5/24/2015 12:40:00 PM,2,2,0,36.115980,-86.696210,US HWY 41,,,,377.00,Feet,East,RAMP,,,,0.00,N,Not at Intersection,N,Non-Junction,None,,,         ,James,Smith,Clear,Front to Rear,no,no,no,no,no,False
100849830,METROPOLITAN NASHVILLE POLICE DEPT,20150470006,Davidson,Nashville,5/19/2015 10:04:00 AM,1,1,0,36.140000,-86.727980,I 24,,,,0.00,,,,,,,51.50,N,Not at Intersection,N,Non-Junction,None,,,         ,James,Curtis,Clear,Not Collision with Motor Vehicle in Transport,no,no,no,no,no,False
100849833,METROPOLITAN NASHVILLE POLICE DEPT,20150487455,Davidson,Not in City Limit,5/24/2015 11:27:00 AM,1,1,0,36.034600,-86.973060,STATE HWY 100,,,,13.00,Feet,West,RAMP,,,,0.00,N,Not at Intersection,N,"Driveway, Alley Access, etc",None,,,         ,Jack,Crouch,Clear,Not Collision with Motor Vehicle in Transport,no,yes,no,no,no,False
100849837,METROPOLITAN NASHVILLE POLICE DEPT,2015-0482162,Davidson,Nashville,5/22/2015 1:20:00 PM,2,0,0,36.174190,-86.770590,I 24,,,,0.00,,,,,,,48.15,N,Not at Intersection, ,Non-Junction,None,,,         ,Coleman,Womack,Clear,Front to Rear,no,no,no,no,no,False
100849840,METROPOLITAN NASHVILLE POLICE DEPT,20150489405,Davidson,Nashville,5/25/2015 7:43:00 AM,2,0,0,36.194060,-86.776390,I 65,,,,0.00,,,,,,,86.45,N,Not at Intersection, ,Non-Junction,None,,,         ,Ryan,Caulfield,Rain,"Sideswipe, Same Direction",no,no,no,no,no,False
100849856,METROPOLITAN NASHVILLE POLICE DEPT,2015-0487593,Davidson,Nashville,5/24/2015 1:25:00 PM,2,1,0,36.190180,-86.767620,MERIDIAN ST,,,,0.00,,,EVANSTON AVE,,,,0.00,Y,T-Intersection,N,Intersection,None,,,         ,Kenneth,Bray,Clear,Angle,no,no,no,no,no,False
100849860,METROPOLITAN NASHVILLE POLICE DEPT,20150489581,Davidson,Madison,5/25/2015 8:45:00 AM,2,0,0,36.253530,-86.716550,US HWY 31E,,,,119.00,Feet,North,EMMITT AVE,,,,0.00,N,Not at Intersection, ,Non-Junction,None,,,         ,Brian,Otto,Rain,Angle,no,no,no,no,no,False
100849862,METROPOLITAN NASHVILLE POLICE DEPT,20150489599,Davidson,Nashville,5/25/2015 8:48:00 AM,1,0,0,36.150830,-86.770030,I 40,,,,0.00,,,,,,,210.40,N,Not at Intersection, ,Non-Junction,None,,,         ,James,Curtis,Rain,Not Collision with Motor Vehicle in Transport,no,no,no,no,no,False
100849885,METROPOLITAN NASHVILLE POLICE DEPT,20150489736,Davidson,Madison,5/25/2015 9:40:00 AM,1,0,0,36.261460,-86.677850,SANHURST DR,,,,67.00,Feet,South,E OLD HICKORY BLVD,,,,0.00,N,Not at Intersection,N,Non-Junction,None,,,         ,Brian,Otto,Rain,Not Collision with Motor Vehicle in Transport,no,no,no,no,yes,False
100849886,METROPOLITAN NASHVILLE POLICE DEPT,20150489676,Davidson,Nashville,5/25/2015 9:20:00 AM,1,1,0,36.072840,-86.691810,I 24,,,,0.00,,,,,,,56.75,N,Not at Intersection,N,Non-Junction,None,,,         ,Ian,Hammond,Rain,Not Collision with Motor Vehicle in Transport,no,no,no,no,no,False
100849896,METROPOLITAN NASHVILLE POLICE DEPT,20150489686,Davidson,Nashville,5/25/2015 9:23:00 AM,2,1,0,36.070750,-86.730440,WHISPERING HILLS DR,,,,0.00,,,ADAMWOOD DR,,,,0.00,Y,Four-Way,N,Intersection,None,,,         ,Gary,Sneed,Rain,Angle,no,no,no,no,no,False
100849902,METROPOLITAN NASHVILLE POLICE DEPT,2015-0482221,Davidson,Nashville,5/22/2015 1:40:00 PM,2,0,0,36.194750,-86.743240,GALLATIN AVE,,,,158.00,Feet,South,CHESTER AVE,,,,0.00,N,Not at Intersection, ,,None,,,         ,Coleman,Womack,,,no,no,no,yes,no,False
100849903,METROPOLITAN NASHVILLE POLICE DEPT,20150490003,Davidson,Nashville,5/25/2015 11:15:00 AM,2,0,0,36.211110,-86.686860,MCGAVOCK PIKE,,,,0.00,,,BROWNWOOD DR,,,,0.00,Y,T-Intersection, ,Intersection,None,,,         ,Daniel,Crockett,Rain,Front to Rear,no,no,no,no,no,False
100849908,METROPOLITAN NASHVILLE POLICE DEPT,20150489859,Davidson,Nashville,5/25/2015 10:16:00 AM,2,2,0,36.217800,-86.623850,STATE HWY 45,,,,384.00,Feet,North,GRANWOOD BLVD,,,,0.00,N,Not at Intersection,N,Non-Junction,None,,,         ,James,Curtis,Rain,Angle,no,no,no,no,no,False
100849909,METROPOLITAN NASHVILLE POLICE DEPT,20150490033,Davidson,Nashville,5/25/2015 11:25:00 AM,1,0,0,36.125860,-86.752590,GLENROSE AVE,,,,0.00,,,US HWY 31 ALT,,,,0.00,Y,OTHER,N,Intersection,None,,,         ,Justin,Pinkelton,Rain,Not Collision with Motor Vehicle in Transport,no,no,no,no,no,False
100849914,METROPOLITAN NASHVILLE POLICE DEPT,2015-0489979,Davidson,Nashville,5/25/2015 10:58:00 AM,2,0,0,36.044980,-86.665610,STATE HWY 254,,,,457.00,Feet,East,CEDAR POINTE PKWY,,,,0.00,N,Not at Intersection,N,Non-Junction,None,,,         ,Stanley,Collins,Rain,Front to Rear,no,no,no,no,yes,False
100849931,METROPOLITAN NASHVILLE POLICE DEPT,2015-0490046,Davidson,Nashville,5/25/2015 11:34:00 AM,2,0,0,36.134060,-86.722500,US HWY 41,,,,0.00,Feet,,PLUS PARK BLVD,,,,0.00,Y,T-Intersection,N,Intersection,None,,,         ,Terry,Miller,Rain,Angle,no,no,no,no,no,False
100849933,METROPOLITAN NASHVILLE POLICE DEPT,20150490002,Davidson,Nashville,5/25/2015 11:14:00 AM,4,1,0,36.220510,-86.774070,I 65,,,,0.00,,,,,,,88.30,N,Not at Intersection,N,Entrance/Exit Ramp Related,Construction Zone,Unknown,Activity Area,         ,Eric,Westbrook,Rain,Front to Rear,no,no,no,no,yes,False
100849944,METROPOLITAN NASHVILLE POLICE DEPT,15-0489910,Davidson,Nashville,5/25/2015 10:43:00 AM,2,3,0,36.166170,-86.765860,-- UNKNOWN RAMP/ROAD --,,,,0.00,,,I 24,,,,0.00,Y,Four-Way,N,Entrance/Exit Ramp Related,None,,,         ,Frank,Campbell,Rain,HeadOn,no,no,no,no,no,False
100849946,METROPOLITAN NASHVILLE POLICE DEPT,20150490083,Davidson,Nashville,5/25/2015 11:45:00 AM,2,0,0,36.121950,-86.879380,GREELEY DR,,,,262.00,Feet,North,GEORGETOWN DR,,,,0.00,N,Not at Intersection, ,Non-Junction,None,,,         ,Charles,Boles,Rain,Angle,no,no,no,no,no,False
100849948,METROPOLITAN NASHVILLE POLICE DEPT,20150490179,Davidson,Nashville,5/25/2015 12:47:00 PM,1,0,0,36.229590,-86.603400,SHUTE LN,,,,1184.00,Feet,North,DUNEDIN CV,,,,0.00,N,Not at Intersection,N,Non-Junction,None,,,         ,James,Curtis,Rain,Not Collision with Motor Vehicle in Transport,no,no,no,no,no,False
100849949,METROPOLITAN NASHVILLE POLICE DEPT,20150490172,Davidson,Nashville,5/25/2015 12:42:00 PM,1,0,0,36.040400,-86.782600,I 65,,,,0.00,,,,,,,74.70,N,Not at Intersection,N,Non-Junction,None,,,         ,Tony,Folad,Rain,Not Collision with Motor Vehicle in Transport,no,no,no,no,no,False
100849954,METROPOLITAN NASHVILLE POLICE DEPT,20150490282,Davidson,Nashville,5/25/2015 1:30:00 PM,1,0,0,36.179130,-86.695540,STATE HWY 155,,,,861.00,Feet,West,RUSTIC CT,,,,0.00,N,Not at Intersection,N,Non-Junction,None,,,         ,Daniel,Crockett,Rain,Not Collision with Motor Vehicle in Transport,no,no,no,no,no,False
100849956,METROPOLITAN NASHVILLE POLICE DEPT,20150490228,Davidson,Nashville,5/25/2015 12:00:00 AM,2,0,0,0.000000,0.000000,HOLDER CT,,,,0.10,Miles,North,WESLEYVILLE ST,,,,0.00,N,Not at Intersection,N,Non-Junction,None,,,         ,Caleb,Jernigan,Unknown,Unknown,no,no,no,no,yes,False
100849961,METROPOLITAN NASHVILLE POLICE DEPT,20150490200,Davidson,Nashville,5/25/2015 12:50:00 PM,2,1,0,36.042390,-86.782230,I 65,,,,0.00,,,,,,,74.80,N,Not at Intersection,N,Non-Junction,None,,,         ,Joshua,Dickall,Rain,"Sideswipe, Same Direction",no,no,no,no,no,False
100849962,METROPOLITAN NASHVILLE POLICE DEPT,20150490257,Davidson,Nashville,5/25/2015 1:20:00 PM,2,0,0,36.053150,-86.775540,I 65,,,,0.00,,,,,,,74.75,N,Not at Intersection,N,Non-Junction,None,,,         ,Justin,Pinkelton,Rain,"Sideswipe, Opposite Direction",no,no,no,no,no,False
100849979,METROPOLITAN NASHVILLE POLICE DEPT,2015-0481456,Davidson,Nashville,5/22/2015 8:58:00 AM,2,2,0,36.045540,-86.658380,STATE HWY 254,,,,0.00,,,EXIT 59,,,,0.00,Y,Four-Way,Y,Intersection,None,,,         ,William,Whitworth,Clear,Angle,no,no,no,no,no,False
100849980,METROPOLITAN NASHVILLE POLICE DEPT,2015-0482190,Davidson,Nashville,5/22/2015 1:35:00 PM,2,0,0,36.091710,-86.704660,I 24,,,,0.00,,,,,,,55.25,N,Not at Intersection,N,Non-Junction,None,,,         ,William,Whitworth,Clear,Front to Rear,no,no,no,no,yes,False
100849981,METROPOLITAN NASHVILLE POLICE DEPT,2015-0489386,Davidson,Nashville,5/25/2015 7:19:00 AM,2,0,0,36.053920,-86.673180,I 24,,,,0.00,,,,,,,58.40,N,Not at Intersection,N,Non-Junction,Work Zone,Work On Shoulder Or Median,Before First Warning Area,         ,William,Whitworth,Rain,Not Collision with Motor Vehicle in Transport,no,no,no,no,yes,False
100849982,METROPOLITAN NASHVILLE POLICE DEPT,2015-0489598,Davidson,Nashville,5/25/2015 8:50:00 AM,3,1,0,36.078730,-86.695670,I 24,,,,0.00,,,,,,,56.30,N,Not at Intersection,N,Non-Junction,None,,,         ,William,Whitworth,Rain,Angle,no,no,no,no,yes,False
100849983,METROPOLITAN NASHVILLE POLICE DEPT,2015-0489728,Davidson,Nashville,5/25/2015 9:29:00 AM,2,0,0,36.044630,-86.659500,RAMP,,,,0.00,Feet,East,STATE HWY 254,,,,0.00,N,Not at Intersection,Y,Entrance/Exit Ramp Related,None,,,         ,William,Whitworth,Rain,"Sideswipe, Same Direction",no,no,no,no,no,False
100849984,METROPOLITAN NASHVILLE POLICE DEPT,2015-0490136,Davidson,Nashville,5/25/2015 10:30:00 AM,1,0,0,36.120710,-86.727790,DODGE DR,,,,279.00,Feet,South,STIRTON RD,,,,0.00,N,Not at Intersection,N,Non-Junction,None,,,         ,William,Whitworth,Rain,Not Collision with Motor Vehicle in Transport,no,no,no,no,no,False
100849985,METROPOLITAN NASHVILLE POLICE DEPT,2015-0490298,Davidson,Nashville,5/25/2015 1:47:00 PM,2,0,0,36.077110,-86.641390,US HWY 41,,,,0.00,,,LAKEVILLA DR,,,,0.00,Y,Four-Way, ,Intersection,None,,,         ,Stanley,Collins,Rain,Front to Rear,no,no,no,no,no,False
100850029,METROPOLITAN NASHVILLE POLICE DEPT,20150483452,Davidson,Madison,5/22/2015 9:00:00 PM,2,0,0,36.258120,-86.685100,MANZANO RD,,,,0.00,Feet,,LARKIN SPRINGS RD,,,,0.00,Y,T-Intersection, ,,None,,,         ,Nathan,Dungan,,,no,no,no,no,no,False
100850032,METROPOLITAN NASHVILLE POLICE DEPT,20150490443,Davidson,Nashville,5/25/2015 3:17:00 PM,1,1,0,36.038690,-86.644880,CROSSINGS BLVD,,,,323.00,Feet,South,CONNECTING ROAD,,,,0.00,N,Not at Intersection,N,Non-Junction,None,,,         ,Joseph,Progar,Cloudy,Not Collision with Motor Vehicle in Transport,no,no,no,no,no,False
100850035,METROPOLITAN NASHVILLE POLICE DEPT,20150488240,Davidson,Antioch,5/24/2015 7:15:00 PM,2,0,0,36.065960,-86.601450,MOUNT VIEW RD,,,,554.00,Feet,West,BELLE OAKS DR,,,,0.00,N,Not at Intersection,N,Non-Junction,None,,,         ,Joseph,Progar,Cloudy,Rear to Side,no,no,no,no,yes,False
100850049,METROPOLITAN NASHVILLE POLICE DEPT,20150490515,Davidson,Nashville,5/25/2015 3:55:00 PM,3,0,0,36.193640,-86.623160,US HWY 70,,,,300.00,Feet,North,JUAREZ DR,,,,0.00,N,Not at Intersection, ,Non-Junction,None,,,         ,Tyler,Conrads,Clear,Front to Rear,no,no,no,no,no,False
100850051,METROPOLITAN NASHVILLE POLICE DEPT,20150475433,Davidson,Old Hickory,5/20/2015 6:50:00 PM,2,1,0,36.267140,-86.668710,STATE HWY 45,,,,0.00,,,BRIDGEWAY AVE,,,,0.00,Y,Four-Way,N,Non-Junction,None,,,         ,James,DeSantis,Cloudy,Angle,no,no,no,no,yes,False
100850055,METROPOLITAN NASHVILLE POLICE DEPT,20150490380,Davidson,Not in City Limit,5/25/2015 2:39:00 PM,2,3,0,36.112050,-86.929480,SAWYER BROWN RD,,,,117.00,Feet,South,US HWY 70,,,,0.00,N,Not at Intersection,N,Non-Junction,None,,,         ,Jeremy,Huffine,Cloudy,Front to Rear,no,no,no,no,no,False
100850064,METROPOLITAN NASHVILLE POLICE DEPT,20150490491,Davidson,Nashville,5/25/2015 3:56:00 PM,2,0,0,36.062700,-86.630730,HAMILTON CHURCH RD,,,,11.00,Feet,North,HAMILTON XIN,,,,0.00,N,Not at Intersection,N,Non-Junction,None,,,         ,Jessie,Meadows,Clear,Front to Rear,no,no,no,yes,no,False
100850065,METROPOLITAN NASHVILLE POLICE DEPT,20150490533,Davidson,Antioch,5/25/2015 4:10:00 PM,3,1,0,36.058680,-86.597990,HAMILTON CHURCH RD,,,,87.00,Feet,West,STATE HWY 171,,,,0.00,N,Not at Intersection,N,Non-Junction,None,,,         ,Jessie,Meadows,Clear,Front to Rear,no,no,no,no,yes,False
100850071,METROPOLITAN NASHVILLE POLICE DEPT,20150490603,Davidson,Nashville,5/25/2015 4:30:00 PM,2,0,0,36.111070,-86.747350,STATE HWY 155,,,,0.00,,,LOUISE DR,,,,0.00,Y,T-Intersection, ,Intersection-Related,None,,,         ,Tien,Nguyen,Cloudy,"Sideswipe, Same Direction",no,no,no,no,no,False
100850072,METROPOLITAN NASHVILLE POLICE DEPT,2015-0488264,Davidson,Nashville,5/24/2015 5:45:00 PM,2,0,0,0.000000,0.000000,2ND AVE N,,,,120.00,Feet,South,2ND AVE N,AVE,USCOMMER,,0.00,N,Not at Intersection, ,Non-Junction,None,,,         ,Dejuan,Daniels,Clear,"Sideswipe, Same Direction",no,no,no,no,no,False
100850073,METROPOLITAN NASHVILLE POLICE DEPT,20150490535,Davidson,Not in City Limit,5/25/2015 3:58:00 PM,1,0,0,36.134670,-86.930150,STATE HWY 251,,,,87.00,Feet,East,RIVER RD,,,,0.00,N,Not at Intersection, ,Non-Junction,None,,,         ,Jeremy,Huffine,Cloudy,Not Collision with Motor Vehicle in Transport,no,no,no,no,no,False
100850075,METROPOLITAN NASHVILLE POLICE DEPT,20150490638,Davidson,Nashville,5/25/2015 4:25:00 PM,2,0,0,36.208870,-86.853780,HYDESDALE LN,,,,233.00,Feet,East,SETTERS RD,,,,0.00,N,Not at Intersection, ,,,,,         ,Brandon,Evans,,,no,no,no,no,no,False
100850083,METROPOLITAN NASHVILLE POLICE DEPT,20150490447,Davidson,Nashville,5/25/2015 2:30:00 PM,1,0,0,36.238150,-86.782780,-- UNKNOWN RAMP/ROAD --,,,,0.00,Feet,East,I 24,,,,0.00,N,Not at Intersection,N,Entrance/Exit Ramp Related,None,,,         ,Nathan,Dungan,Rain,Not Collision with Motor Vehicle in Transport,no,no,no,no,no,False
100850088,METROPOLITAN NASHVILLE POLICE DEPT,20150490791,Davidson,Nashville,5/25/2015 5:18:00 PM,2,0,0,36.149660,-86.668970,ELM HILL PIKE,,,,450.00,Feet,West,NELSON PL,,,,0.00,N,Not at Intersection, ,Non-Junction,None,,,         ,Leslie,Hale,Clear,"Sideswipe, Same Direction",no,no,no,no,no,False
100850100,METROPOLITAN NASHVILLE POLICE DEPT,20150490419,Davidson,Nashville,5/25/2015 3:03:00 PM,2,3,0,36.206410,-86.690260,STATE HWY 155,,,,536.00,Feet,North,BRILEY PKWY,,,,0.00,N,Not at Intersection,N,Non-Junction,None,,,         ,Austin,Childress,Cloudy,"Sideswipe, Same Direction",no,no,no,no,no,False
100850104,METROPOLITAN NASHVILLE POLICE DEPT,20150478660,Davidson,Madison,5/21/2015 3:14:00 PM,3,1,0,36.258480,-86.713520,US HWY 31E,,,,0.00,,,MADISON ST,,,,0.00,Y,Four-Way,N,Intersection-Related,None,,,         ,Nathan,Dungan,Clear,Front to Rear,no,no,no,no,no,False
100850107,METROPOLITAN NASHVILLE POLICE DEPT,20150490420,Davidson,Nashville,5/25/2015 2:57:00 PM,2,0,0,36.079710,-86.644830,US HWY 41,,,,97.00,Feet,North,EDGE O LAKE DR,,,,0.00,N,Not at Intersection, ,,None,,,         ,Timothy,Mead,,,no,no,no,no,no,False
100850108,METROPOLITAN NASHVILLE POLICE DEPT,20150490361,Davidson,Nashville,5/25/2015 12:00:00 AM,1,1,0,36.169100,-86.606640,-- UNKNOWN RAMP/ROAD --,,,,0.00,,,I 40,,,,0.00,Y,OTHER,N,Entrance/Exit Ramp Related,None,,,         ,Felipe,Pereira,Rain,Not Collision with Motor Vehicle in Transport,no,no,no,no,yes,False
100850126,METROPOLITAN NASHVILLE POLICE DEPT,20150479361,Davidson,Goodlettsville,5/21/2015 5:20:00 PM,2,0,0,36.294480,-86.697090,MYATT DR,,,,300.00,Feet,North,SPRING BRANCH DR,,,,0.00,N,Not at Intersection,N,"Driveway, Alley Access, etc",None,,,         ,Nathan,Dungan,Clear,Angle,no,no,no,no,no,False
100850131,METROPOLITAN NASHVILLE POLICE DEPT,20150490408,Davidson,Nashville,5/25/2015 2:55:00 PM,1,0,0,36.153180,-86.622810,BELL RD,,,,681.00,Feet,East,STEWARTS FERRY PIKE,,,,0.00,N,Not at Intersection,N,Non-Junction,None,,,         ,Sarah,Hartman,Cloudy,Not Collision with Motor Vehicle in Transport,no,no,no,no,no,False
100850134,GOODLETTSVILLE POLICE DEPT,15-19959,Davidson,Goodlettsville,5/25/2015 4:46:00 PM,2,2,0,36.315520,-86.713460,RIVERGATE PKWY,,,,0.00,,,US HWY 31W,,,,0.00,Y,T-Intersection,N,Intersection-Related,None,,,         ,Matt,Shoesmith,Cloudy,"Sideswipe, Opposite Direction",no,no,no,no,yes,False
100850137,METROPOLITAN NASHVILLE POLICE DEPT,20150490517,Davidson,Nashville,5/25/2015 1:40:00 PM,2,0,0,36.163800,-86.776380,2ND AVE N,,,,209.00,Feet,North,COMMERCE ST,,,,0.00,N,Not at Intersection, ,Non-Junction,None,,,         ,Ethan,Luffman,Rain,Front to Rear,no,no,no,no,no,False
100850140,METROPOLITAN NASHVILLE POLICE DEPT,20150490489,Davidson,Nashville,5/25/2015 3:40:00 PM,2,4,0,36.209790,-86.789290,OLD MATTHEWS RD,,,,559.00,Feet,North,US HWY 431,,,,0.00,N,Not at Intersection,N,Non-Junction,None,,,         ,Victor,Alexander,Cloudy,HeadOn,no,no,no,no,no,False
100850156,METROPOLITAN NASHVILLE POLICE DEPT,20150490648,Davidson,Nashville,5/25/2015 9:24:00 PM,2,0,0,36.198280,-86.620330,STATE HWY 45,,,,0.00,,,US HWY 70,,,,0.00,Y,Four-Way, ,,None,,,         ,Thomas,Barnes,,,no,no,no,no,no,False
100850157,METROPOLITAN NASHVILLE POLICE DEPT,20150482847,Davidson,Whites Creek,5/22/2015 5:45:00 PM,2,0,0,36.282660,-86.795920,HICKORY HILLS BLVD,,,,1760.00,Feet,North,HICKORY HILLS CT,,,,0.00,N,Not at Intersection,N,"Driveway, Alley Access, etc",None,,,         ,Nathan,Dungan,Clear,Angle,no,no,no,yes,yes,False
100850161,METROPOLITAN NASHVILLE POLICE DEPT,2015-0491091,Davidson,Nashville,5/25/2015 8:14:00 PM,2,0,0,36.131840,-86.795190,BERNARD AVE,,,,85.00,Feet,East,BELMONT BLVD,,,,0.00,N,Not at Intersection, ,Non-Junction,None,,,         ,Austin,Kendrick,Clear,Front to Rear,no,no,no,no,no,False
100850162,METROPOLITAN NASHVILLE POLICE DEPT,20150491280,Davidson,Not in City Limit,5/25/2015 9:22:00 PM,1,0,0,36.322540,-86.858950,I 24,,,,0.00,,,,,,,35.50,N,Not at Intersection,N,Non-Junction,None,,,         ,Ryan,Caulfield,Cloudy,Not Collision with Motor Vehicle in Transport,no,no,no,no,no,False
100850167,METROPOLITAN NASHVILLE POLICE DEPT,20150491307,Davidson,Nashville,5/25/2015 9:30:00 PM,2,0,0,36.154630,-86.825930,TREVOR ST,,,,200.00,Feet,East,35TH AVE N,,,,0.00,N,Not at Intersection, ,Non-Junction,None,,,         ,Mark,Hatt,Cloudy,Front to Rear,no,no,no,no,no,False
100850169,METROPOLITAN NASHVILLE POLICE DEPT,2015-0488063,Davidson,Nashville,5/24/2015 5:35:00 PM,2,0,0,36.071510,-86.635870,RAMP,,,,0.00,Feet,East,US HWY 41,,,,0.00,N,Not at Intersection,N,Non-Junction,None,,,         ,Jacob,Miller,Clear,Front to Rear,no,no,no,no,no,False