master_record_number,agency,agency_tracking_number,county,city,collision_date,vehicles_involved,number_injured,number_dead,latitude,longitude,roadway_name,roadway_suffix,roadway_number,roadway_local_id,distance_from_reference,miles-feet_indicator,direction_from_reference,intersection_road_name,intersection_road_name_suffix,intersection_road_number,intersection_local_id,mile_marker,intersection_indicator,intersect_type,interchange_related_indicator,relation_to_junction,work_zone_type,construction_maintenance_zone,construction_maintenance_zone_location,fatal_case_number,officer_first_name,officer_last_name,weather_condition(s),manner_of_crash,pedestrian,bicycle,scooter,parking,hitrun,mou
100850598,METROPOLITAN NASHVILLE POLICE DEPT,20150493102,Davidson,Nashville,5/26/2015 12:00:00 AM,2,0,0,36.160750,-86.813620,BOOKER ST,,,,158.00,Feet,East,25TH AVE N,,,,0.00,N,Not at Intersection,N,Non-Junction,None,,,         ,Ashton,Hill,Unknown,"Sideswipe, Opposite Direction",no,no,no,no,yes,False
100850599,METROPOLITAN NASHVILLE POLICE DEPT,20150493988,Davidson,Nashville,5/26/2015 3:50:00 PM,2,1,0,36.171160,-86.770480,MAIN ST,,,,0.00,,,N 2ND ST,,,,0.00,Y,OTHER,N,Non-Junction,None,,,         ,Aaron,Thomas,Clear,Front to Rear,no,no,no,no,no,False
100850606,METROPOLITAN NASHVILLE POLICE DEPT,20150494301,Davidson,Nashville,5/26/2015 4:51:00 PM,2,0,0,36.202870,-86.776620,I 65,,,,0.00,,,,,,,87.05,N,Not at Intersection, ,Non-Junction,None,,,         ,Joshua,Reece,Cloudy,Front to Rear,no,no,no,no,no,False
100850612,BELLE MEADE POLICE DEPT,15-0133,Davidson,Belle Meade,5/26/2015 3:55:00 PM,1,0,0,36.120050,-86.849880,LYNNWOOD TER,,,,0.00,,,LYNNWOOD BLVD,,,,0.00,Y,Four-Way, ,Intersection,None,,,         ,Dale,Corter,Clear,Not Collision with Motor Vehicle in Transport,no,no,no,no,no,False
100850613,METROPOLITAN NASHVILLE POLICE DEPT,20150494392,Davidson,Madison,5/26/2015 5:20:00 PM,2,0,0,36.235070,-86.670370,NEELYS BEND RD,,,,0.00,,,NAWAKWA TRL,,,,0.00,Y,T-Intersection, ,Intersection,None,,,         ,Nathan,Dungan,Cloudy,Angle,no,no,no,no,no,False
100850614,METROPOLITAN NASHVILLE POLICE DEPT,20150494245,Davidson,Nashville,5/26/2015 5:06:00 PM,2,0,0,36.147870,-86.744930,I 40,,,,0.00,,,,,,,212.00,N,Not at Intersection, ,Non-Junction,None,,,         ,Austin,Childress,Cloudy,Front to Rear,no,no,no,no,yes,False
100850616,METROPOLITAN NASHVILLE POLICE DEPT,20150493998,Davidson,Nashville,5/26/2015 3:49:00 PM,2,0,0,36.042800,-86.654450,I 24,,,,0.00,,,,,,,59.70,N,Not at Intersection, ,Non-Junction,None,,,         ,William,Durham,Rain,Front to Rear,no,no,no,no,no,False
100850617,METROPOLITAN NASHVILLE POLICE DEPT,20150494147,Davidson,Nashville,5/26/2015 4:27:00 PM,1,0,0,36.049820,-86.649220,MOUNT VIEW RD,,,,48.00,Feet,East,RAMP,,,,0.00,N,Not at Intersection, ,Non-Junction,None,,,         ,William,Durham,Clear,Not Collision with Motor Vehicle in Transport,no,no,no,no,no,False
100850627,METROPOLITAN NASHVILLE POLICE DEPT,20150494176,Davidson,Nashville,5/26/2015 4:30:00 PM,2,1,0,36.115850,-86.782810,I 440,,,,0.00,,,,,,,4.40,N,Not at Intersection,N,Non-Junction,None,,,         ,William,Taylor,Clear,Front to Rear,no,no,no,no,no,False
100850628,METROPOLITAN NASHVILLE POLICE DEPT,2015-0493818,Davidson,Nashville,5/26/2015 2:40:00 PM,1,0,0,36.246570,-86.719160,BERKLEY DR,,,,32.00,Feet,East,CORELAND DR,,,,0.00,N,Not at Intersection,N,Non-Junction,None,,,         ,Sandra,Talavera,Rain,Not Collision with Motor Vehicle in Transport,no,no,no,no,no,False
100850629,METROPOLITAN NASHVILLE POLICE DEPT,20150494572,Davidson,Nashville,5/26/2015 5:46:00 PM,2,0,0,36.184880,-86.797510,I 65,,,,0.00,,,,,,,85.40,N,Not at Intersection,N,Non-Junction,None,,,         ,Joshua,Reece,Cloudy,Front to Rear,no,no,no,no,yes,False
100850631,METROPOLITAN NASHVILLE POLICE DEPT,20150494373,Davidson,Nashville,5/26/2015 5:19:00 PM,4,2,0,36.185640,-86.635090,US HWY 70,,,,276.00,Feet,West,KOHLS PVT DR,,,,0.00,N,Not at Intersection,N,Non-Junction,None,,,         ,Shawn,Taylor,Cloudy,Front to Rear,no,no,no,no,no,False
100850639,METROPOLITAN NASHVILLE POLICE DEPT,20150494579,Davidson,Nashville,5/26/2015 6:32:00 PM,1,0,0,36.089080,-86.649980,US HWY 41,,,,8.00,Feet,South,RANSOM PL,,,,0.00,N,Not at Intersection, ,Non-Junction,None,,,         ,Jessie,Meadows,Clear,Not Collision with Motor Vehicle in Transport,no,no,no,no,no,False
100850642,METROPOLITAN NASHVILLE POLICE DEPT,20150494630,Davidson,Nashville,5/26/2015 6:29:00 PM,2,0,0,36.119660,-86.808710,STOKES LN,,,,0.00,,,US HWY 431,,,,0.00,Y,T-Intersection,N,Intersection-Related,None,,,         ,Tien,Nguyen,Clear,Front to Rear,no,no,no,no,no,False
100850643,GOODLETTSVILLE POLICE DEPT,15-20075,Davidson,Goodlettsville,5/26/2015 5:12:00 PM,2,0,0,36.326280,-86.700490,STATE HWY 174,,,,0.00,,,NORTHCREEK BLVD,,,,0.00,Y,T-Intersection,N,Intersection,None,,,         ,Brian,Hajdu,Clear,Angle,no,no,no,no,no,False
100850644,METROPOLITAN NASHVILLE POLICE DEPT,20150494559,Davidson,Nashville,5/26/2015 6:10:00 PM,2,0,0,36.126260,-86.845790,US HWY 70S,,,,274.00,Feet,East,KENNER AVE N,,,,0.00,N,Not at Intersection, ,Non-Junction,None,,,         ,Michael,Hunnicutt,Clear,"Sideswipe, Same Direction",no,no,no,no,no,False
100850645,METROPOLITAN NASHVILLE POLICE DEPT,20150493981,Davidson,Nashville,5/26/2015 3:35:00 PM,2,0,0,36.145560,-86.822300,I 440,,,,0.00,,,,,,,1.15,N,Not at Intersection,N,Non-Junction,None,,,         ,Mark,Hatt,Cloudy,Front to Rear,no,no,no,no,no,False
100850657,METROPOLITAN NASHVILLE POLICE DEPT,20150494759,Davidson,Nashville,5/26/2015 7:10:00 PM,2,0,0,36.111180,-86.755230,SIDCO DR,,,,0.00,,,STATE HWY 155,,,,0.00,Y,Four-Way, ,Intersection-Related,None,,,         ,Tien,Nguyen,Clear,Front to Rear,no,no,no,no,no,False
100850662,METROPOLITAN NASHVILLE POLICE DEPT,20150494648,Davidson,Nashville,5/26/2015 6:30:00 PM,2,0,0,36.143720,-86.780570,9TH AVE S,,,,0.00,,,OLYMPIC ST,,,,0.00,Y,Four-Way, ,Non-Junction,None,,,         ,Eric,Burford,Clear,Angle,no,no,no,no,no,False
100850663,METROPOLITAN NASHVILLE POLICE DEPT,20150494404,Davidson,Nashville,5/26/2015 4:47:00 PM,3,0,0,36.038050,-86.784010,-- UNKNOWN RAMP/ROAD --,,,,0.00,Feet,East,I 65,,,,0.00,N,Not at Intersection, ,Non-Junction,None,,,         ,Miguel,Garcia,Clear,Front to Rear,no,no,no,no,no,False
100850666,METROPOLITAN NASHVILLE POLICE DEPT,2015-0494512,Davidson,Nashville,5/26/2015 5:57:00 PM,1,1,0,36.123860,-86.707560,US HWY 41,,,,0.00,,,MURFREESBORO PIKE,,,,0.00,Y,OTHER,N,Non-Junction,None,,,         ,James,Tidwell,Clear,Not Collision with Motor Vehicle in Transport,no,no,no,no,yes,False
100850670,METROPOLITAN NASHVILLE POLICE DEPT,20150494189,Davidson,Nashville,5/26/2015 4:55:00 PM,2,0,0,36.179790,-86.613390,DODSON CHAPEL RD,,,,0.00,,,MAGNUM DR,,,,0.00,Y,T-Intersection, ,Intersection,None,,,         ,Stephen,Soule,Cloudy,Front to Rear,no,no,no,no,no,False
100850671,METROPOLITAN NASHVILLE POLICE DEPT,20150494934,Davidson,Nashville,5/26/2015 8:11:00 PM,1,0,0,36.203740,-86.722910,RIVERSIDE DR,,,,175.00,Feet,East,OAKHURST DR,,,,0.00,N,Not at Intersection,N,Non-Junction,None,,,         ,Cressie,Prill,Clear,Not Collision with Motor Vehicle in Transport,no,no,no,no,no,False
100850681,METROPOLITAN NASHVILLE POLICE DEPT,20150494928,Davidson,Nashville,5/26/2015 8:09:00 PM,2,0,0,36.072390,-86.920670,STATE HWY 251,,,,757.00,Feet,South,BELLE FOREST CIR,,,,0.00,N,Not at Intersection, ,,None,,,         ,Tyler,Reese,,,no,no,no,no,no,False
100850715,METROPOLITAN NASHVILLE POLICE DEPT,2015-0482864,Davidson,Nashville,5/22/2015 4:25:00 PM,2,0,0,36.205950,-86.768570,US HWY 431,,,,11.00,Feet,West,E TRINITY LN,,,,0.00,N,Not at Intersection,N,Non-Junction,None,,,         ,Anthony,Cavis,Clear,Front to Rear,no,no,no,no,yes,False
100850723,METROPOLITAN NASHVILLE POLICE DEPT,20150495211,Davidson,Nashville,5/26/2015 9:24:00 PM,2,1,0,36.198440,-86.620240,US HWY 70,,,,0.00,,,STATE HWY 45,,,,0.00,Y,Four-Way,N,Intersection,None,,,         ,Stephen,Soule,Clear,Front to Rear,no,no,no,no,no,False
100850726,METROPOLITAN NASHVILLE POLICE DEPT,20150492243,Davidson,Madison,5/26/2015 5:55:00 AM,1,2,0,36.264230,-86.733730,STATE HWY 45,,,,29.00,Feet,East,HEAD DR,,,,0.00,N,Not at Intersection,N,Non-Junction,None,,,         ,Peter,Lynch,Clear,Not Collision with Motor Vehicle in Transport,no,no,no,no,no,False
100850739,METROPOLITAN NASHVILLE POLICE DEPT,20150495500,Davidson,Nashville,5/26/2015 11:00:00 PM,2,0,0,36.136350,-86.771260,SOUTHGATE AVE,,,,0.00,,,STEWART PL,,,,0.00,Y,OTHER, ,Non-Junction,None,,,         ,Conner,Harris,Clear,Rear to Side,no,no,no,no,no,False
100850743,METROPOLITAN NASHVILLE POLICE DEPT,2015-0491940,Davidson,Nashville,5/26/2015 3:21:00 AM,2,3,0,36.161350,-86.760620,I 24,,,,0.00,,,,,,,49.40,N,Not at Intersection,N,Non-Junction,None,,,         ,Michael,Willis Jr.,Cloudy,HeadOn,no,no,no,no,no,False
100850749,METROPOLITAN NASHVILLE POLICE DEPT,15-0468826,Davidson,Nashville,5/19/2015 12:00:00 AM,1,1,0,36.098750,-86.772050,US HWY 31,,,,0.00,,,NORWOOD DR,,,,0.00,Y,OTHER,N,Non-Junction,None,,,         ,Frank,Walker,Clear,Not Collision with Motor Vehicle in Transport,no,no,no,no,no,False
100850764,METROPOLITAN NASHVILLE POLICE DEPT,20150485903,Davidson,Madison,5/23/2015 6:43:00 PM,2,1,0,36.263670,-86.704460,STATE HWY 45,,,,0.00,,,DELAWARE AVE,,,,0.00,Y,Four-Way,N,Intersection-Related,None,,,         ,Carlos,Urrutia,Clear,Front to Rear,no,no,no,no,no,False
100850768,METROPOLITAN NASHVILLE POLICE DEPT,20150486940,Davidson,Nashville,5/24/2015 3:32:00 AM,2,0,0,36.044770,-86.661510,STATE HWY 254,,,,0.00,,,CANE RIDGE RD,,,,0.00,Y,Four-Way,N,Intersection-Related,None,,,         ,Wallis,Massey,Clear,Front to Rear,no,no,no,no,yes,False
100850776,METROPOLITAN NASHVILLE POLICE DEPT,20150495648,Davidson,Nashville,5/26/2015 11:52:00 PM,1,0,0,36.138040,-86.729230,-- UNKNOWN RAMP/ROAD --,,,,0.00,,East,I 24,,,,0.00,N,Not at Intersection,Y,Entrance/Exit Ramp Related,None,,,         ,Chad,Mahoney,Clear,Not Collision with Motor Vehicle in Transport,no,no,no,no,no,False
100850809,METROPOLITAN NASHVILLE POLICE DEPT,20150493537,Davidson,Not in City Limit,5/26/2015 1:25:00 PM,1,0,0,36.325160,-86.768710,DRY CREEK RD,,,,0.00,,,BRICK CHURCH PIKE,,,,0.00,Y,OTHER,N,Non-Junction,None,,,         ,Jeffery,Burnette,Rain,Not Collision with Motor Vehicle in Transport,no,no,no,no,yes,False
100850819,METROPOLITAN NASHVILLE POLICE DEPT,2015-0493612,Davidson,Nashville,5/26/2015 1:49:00 PM,2,0,0,36.232240,-86.783860,I 24,,,,0.00,,,,,,,44.00,N,Not at Intersection,N,Non-Junction,None,,,         ,John,Joyce,Rain,Front to Rear,no,no,no,no,no,False
100850836,METROPOLITAN NASHVILLE POLICE DEPT,2015-0489756,Davidson,Nashville,5/25/2015 9:50:00 AM,2,1,0,36.080690,-86.641210,EDGE O LAKE DR,,,,12.00,Feet,West,RYCHEN DR,,,,0.00,N,Not at Intersection,N,Non-Junction,None,,,         ,Jeb,Johnston,Rain,"Sideswipe, Same Direction",no,no,no,no,yes,False
100850837,METROPOLITAN NASHVILLE POLICE DEPT,2015-0493455,Davidson,Nashville,5/26/2015 12:55:00 PM,2,0,0,36.204480,-86.747450,E TRINITY LN,,,,0.00,,,DOCTOR RICHARD G ADAMS DR,,,,0.00,Y,OTHER, ,OtherLocation,None,,,         ,Kenneth,Bray,Rain,Angle,no,no,no,no,no,False
100850850,METROPOLITAN NASHVILLE POLICE DEPT,20150493628,Davidson,Nashville,5/26/2015 1:45:00 PM,2,0,0,36.157450,-86.770520,PEABODY ST,,,,0.00,,,US HWY 70,,,,0.00,Y,Four-Way,N,Intersection-Related,None,,,         ,Catherine,Poole,Rain,Front to Rear,no,no,no,no,no,False
100850854,METROPOLITAN NASHVILLE POLICE DEPT,2015-0490267,Davidson,Nashville,5/25/2015 1:32:00 PM,1,3,0,36.135070,-86.726930,-- UNKNOWN RAMP/ROAD --,,,,0.00,Feet,East,I 24,,,,0.00,N,Not at Intersection,N,Non-Junction,None,,,         ,Jeb,Johnston,Cloudy,Not Collision with Motor Vehicle in Transport,no,no,no,no,no,False
100850858,METROPOLITAN NASHVILLE POLICE DEPT,2015-0492913,Davidson,Nashville,5/26/2015 10:06:00 AM,1,1,0,36.153280,-86.589390,JOHN HAGAR RD,,,,398.00,Feet,North,PENINSULA POINT DR,,,,0.00,N,Not at Intersection,N,Non-Junction,None,,,         ,Jeb,Johnston,Cloudy,Not Collision with Motor Vehicle in Transport,no,no,no,no,no,False
100850869,METROPOLITAN NASHVILLE POLICE DEPT,20150493741,Davidson,Nashville,5/26/2015 3:00:00 PM,2,0,0,36.125110,-86.733710,I 440,,,,0.00,,,,,,,7.20,N,Not at Intersection, ,Non-Junction,None,,,         ,Michael,Brickman,Rain,Front to Rear,no,no,no,no,no,False
100850918,VANDERBILT UNIVERSITY POLICE,15-0493610,Davidson,Nashville,5/26/2015 1:25:00 PM,2,0,0,36.108120,-86.762610,POWELL AVE,,,,0.00,,,,,,,0.00,,,N,Non-Junction,None,,,         ,Linda,Jennings,Cloudy,Rear to Rear,no,no,no,yes,no,OHO
100850922,METROPOLITAN NASHVILLE POLICE DEPT,2015-0493638,Davidson,Nashville,5/26/2015 2:10:00 PM,2,1,0,36.176380,-86.759430,RAMSEY ST,,,,0.00,,,N 8TH ST,,,,0.00,Y,Four-Way,N,Intersection,None,,,         ,Coleman,Womack,Rain,Angle,no,no,no,no,no,False
100850925,METROPOLITAN NASHVILLE POLICE DEPT,2015-0493531,Davidson,Nashville,5/26/2015 1:07:00 PM,2,0,0,36.049320,-86.599990,PIN HOOK RD,,,,0.00,,,STATE HWY 171,,,,0.00,Y,Four-Way,N,Intersection,None,,,         ,William,Whitworth,Cloudy,Angle,no,no,no,no,yes,False
100850940,METROPOLITAN NASHVILLE POLICE DEPT,2015-0494450,Davidson,Nashville,5/26/2015 5:39:00 PM,2,0,0,36.074600,-86.920930,STATE HWY 251,,,,50.00,Feet,North,US HWY 70S,,,,0.00,N,Not at Intersection, ,Non-Junction,None,,,         ,Walter,Gray II,Clear,Front to Rear,no,no,no,no,no,False
100850956,METROPOLITAN NASHVILLE POLICE DEPT,20150466307,Davidson,Nashville,5/18/2015 9:15:00 AM,2,0,0,36.115480,-86.773090,I 65,,,,0.00,,,,,,,80.15,N,Not at Intersection, ,Non-Junction,None,,,         ,Erik,Wagner,Cloudy,Front to Rear,no,no,no,no,yes,False
100850957,METROPOLITAN NASHVILLE POLICE DEPT,20150469740,Davidson,Nashville,5/19/2015 8:39:00 AM,2,0,0,36.097920,-86.763340,I 65,,,,0.00,,,,,,,78.90,N,Not at Intersection, ,Non-Junction,None,,,         ,Erik,Wagner,Cloudy,Front to Rear,no,no,no,no,no,False
100850958,METROPOLITAN NASHVILLE POLICE DEPT,20150492410,Davidson,Nashville,5/26/2015 7:29:00 AM,2,0,0,36.041160,-86.778980,STATE HWY 254,,,,144.00,Feet,East,FRANKLIN PIKE CIR,,,,0.00,N,Not at Intersection, ,Non-Junction,None,,,         ,Erik,Wagner,Cloudy,Front to Rear,no,no,no,no,no,False
100850978,METROPOLITAN NASHVILLE POLICE DEPT,20150469559,Davidson,Nashville,5/19/2015 7:45:00 AM,2,0,0,36.087560,-86.771840,US HWY 31,,,,173.00,Feet,North,RAMP,,,,0.00,N,Not at Intersection, ,Non-Junction,None,,,         ,Erik,Wagner,Cloudy,Angle,no,no,no,no,no,False
100850996,METROPOLITAN NASHVILLE POLICE DEPT,20150488370,Davidson,Nashville,5/24/2015 8:45:00 PM,2,0,0,36.241320,-86.757220,STATE HWY 155,,,,0.52,Miles,East,OAKVIEW DR,,,,0.00,N,Not at Intersection,N,Non-Junction,None,,,         ,Ryan,Sabel,Clear,Front to Rear,no,no,no,no,no,False
100850999,METROPOLITAN NASHVILLE POLICE DEPT,20150493016,Davidson,Nashville,5/26/2015 10:05:00 AM,2,2,0,36.173660,-86.602200,STATE HWY 45,,,,0.00,,,STATE HWY 265,,,,0.00,Y,Four-Way,N,Intersection,None,,,         ,James,Curtis,Cloudy,Front to Rear,no,no,no,no,no,False
100851001,METROPOLITAN NASHVILLE POLICE DEPT,20150493451,Davidson,Nashville,5/26/2015 12:54:00 PM,2,0,0,36.145900,-86.666100,ROYAL PKWY,,,,123.00,Feet,East,STATE HWY 255,,,,0.00,N,Not at Intersection,N,Non-Junction,None,,,         ,James,Curtis,Cloudy,Angle,no,no,no,no,no,False
100851006,METROPOLITAN NASHVILLE POLICE DEPT,20150493329,Davidson,Nashville,5/26/2015 12:01:00 PM,2,0,0,36.072100,-86.732910,WHISPERING HILLS DR,,,,0.00,Feet,,EDMONDSON PIKE,,,,0.00,Y,Four-Way,N,Intersection,None,,,         ,Erik,Wagner,Rain,Front to Rear,no,no,no,no,no,False
100851066,METROPOLITAN NASHVILLE POLICE DEPT,20150485292,Davidson,Nashville,5/23/2015 2:29:00 PM,1,0,0,36.102260,-86.713200,I 24,,,,0.00,,,,,,,54.40,N,Not at Intersection,N,Non-Junction,None,,,         ,Michael,Moss,Clear,Not Collision with Motor Vehicle in Transport,no,no,no,no,yes,False
100851069,METROPOLITAN NASHVILLE POLICE DEPT,2015-0488143,Davidson,Nashville,5/25/2015 5:00:00 PM,2,0,0,0.000000,0.000000,PRIVATE CIRLE,,,,40.00,Feet,East,,,US1ST AV,,1.00,N,Not at Intersection, ,Non-Junction,None,,,         ,Dejuan,Daniels,Clear,"Sideswipe, Same Direction",no,no,no,yes,no,False
100851088,METROPOLITAN NASHVILLE POLICE DEPT,20150482865,Davidson,Nashville,5/22/2015 5:20:00 PM,2,1,0,36.039860,-86.781340,STATE HWY 254,,,,0.00,,,-- UNKNOWN RAMP/ROAD --,,,,0.00,Y,T-Intersection,Y,Entrance/Exit Ramp Related,None,,,         ,Johnny,Cantrell,Clear,Front to Rear,no,no,no,no,no,False
100851101,METROPOLITAN NASHVILLE POLICE DEPT,20150495206,Davidson,Nashville,5/26/2015 9:20:00 PM,2,0,0,36.242630,-86.757020,DOVERSIDE DR,,,,0.00,,,US HWY 31W,,,,0.00,Y,T-Intersection, ,Intersection,None,,,         ,Broderick,Jones,Clear,Front to Rear,no,no,no,no,no,False
100851830,METROPOLITAN NASHVILLE POLICE DEPT,20150464281,Davidson,Nashville,5/17/2015 5:45:00 PM,1,1,0,36.082540,-86.763670,I 65,,,,0.00,,,,,,,77.85,N,Not at Intersection,N,Non-Junction,None,,,         ,Johnny,Cantrell,Rain,Not Collision with Motor Vehicle in Transport,no,no,no,no,no,False
100851869,METROPOLITAN NASHVILLE POLICE DEPT,20150494406,Davidson,Nashville,5/26/2015 5:28:00 PM,2,0,0,36.158370,-86.771900,US HWY 70,,,,0.00,,,GATEWAY BLVD,,,,0.00,Y,Four-Way, ,Intersection-Related,None,,,         ,Jacob,Paul,Clear,Front to Rear,no,no,no,no,no,False
100851888,METROPOLITAN NASHVILLE POLICE DEPT,2015-0376826,Davidson,Nashville,5/19/2015 6:29:00 AM,3,0,0,36.042170,-86.653350,I 24,,,,0.00,,,,,,,59.80,N,Not at Intersection, ,Non-Junction,None,,,         ,Eric,Dandy,Clear,Front to Rear,no,no,no,no,no,False
100851897,METROPOLITAN NASHVILLE POLICE DEPT,20150473282,Davidson,Antioch,5/20/2015 5:26:00 AM,2,2,0,36.042850,-86.606540,US HWY 41,,,,0.00,,,STATE HWY 171,,,,0.00,Y,Four-Way,Y,Intersection,None,,,         ,Dezmond,Hughes,Clear,Angle,no,no,no,no,no,False
100851922,METROPOLITAN NASHVILLE POLICE DEPT,2015-0491733,Davidson,Antioch,5/25/2015 10:25:00 PM,2,0,0,36.002860,-86.630130,OLD HICKORY BLVD,,,,0.00,,,RED APPLE RD,,,,0.00,Y,OTHER,N,Non-Junction,None,,,         ,Eric,Dandy,Clear,"Sideswipe, Opposite Direction",no,no,no,no,yes,False
100852203,METROPOLITAN NASHVILLE POLICE DEPT,20150488449,Davidson,Nashville,5/24/2015 9:40:00 PM,2,1,0,36.152500,-86.623720,BELL RD,,,,374.00,Feet,East,STEWARTS FERRY PIKE,,,,0.00,N,Not at Intersection,N,Non-Junction,None,,,         ,John,Kelley,Rain,Angle,no,no,no,no,no,False
100852369,METROPOLITAN NASHVILLE POLICE DEPT,20150491516,Davidson,Nashville,5/26/2015 11:20:00 PM,1,0,0,36.165030,-86.779820,4TH AVE N,,,,0.00,,,UNION ST,,,,0.00,Y,Four-Way, ,Non-Junction,None,,,         ,Audrean,Manquero,Clear,Not Collision with Motor Vehicle in Transport,no,no,no,no,no,False
100852481,METROPOLITAN NASHVILLE POLICE DEPT,2015-0492642,Davidson,Nashville,5/26/2015 8:27:00 AM,3,0,0,36.107560,-86.676250,US HWY 41,,,,163.00,Feet,East,DELL PKWY,,,,0.00,N,Not at Intersection,N,Non-Junction,None,,,         ,Jeb,Johnston,Cloudy,Front to Rear,no,no,no,no,no,False
100852490,METROPOLITAN NASHVILLE POLICE DEPT,20150460841,Davidson,Nashville,5/16/2015 7:30:00 AM,1,0,0,36.202460,-86.820480,BUENA VISTA PIKE,,,,81.00,Feet,South,W TRINITY LN,,,,0.00,N,Not at Intersection,N,Non-Junction,None,,,         ,Earnest,Fields,Cloudy,Not Collision with Motor Vehicle in Transport,no,no,no,no,no,False
100852653,METROPOLITAN NASHVILLE POLICE DEPT,20150494519,Davidson,Nashville,5/26/2015 6:00:00 PM,2,1,0,36.142060,-86.711320,I 40,,,,0.00,,,,,,,214.15,N,Not at Intersection,N,Non-Junction,None,,,         ,Sarah,Hartman,Clear,Front to Rear,no,no,no,no,no,False
100852654,METROPOLITAN NASHVILLE POLICE DEPT,20150494783,Davidson,Nashville,5/26/2015 7:20:00 PM,3,0,0,36.142790,-86.622650,LINCOYA BAY DR,,,,0.00,Feet,East,PARKING LOT,,,,0.00,N,Not at Intersection,N,Non-Junction,None,,,         ,Sarah,Hartman,Clear,Angle,no,no,no,no,yes,False
100852842,METROPOLITAN NASHVILLE POLICE DEPT,20150482233,Davidson,Nashville,5/22/2015 2:14:00 PM,2,0,0,36.155450,-86.760090,I 24,,,,0.00,,,,,,,49.75,N,Not at Intersection, ,Non-Junction,None,,,         ,Joshua,Hollins,Clear,Front to Rear,no,no,no,no,no,False
100852905,GOODLETTSVILLE POLICE DEPT,15-20061,Davidson,Goodlettsville,5/26/2015 2:20:00 PM,2,1,0,36.315070,-86.701310,I 65,,,,0.00,,,,,,,96.40,N,Not at Intersection,N,Non-Junction,None,,,         ,John,Spencer,Rain,"Sideswipe, Same Direction",no,no,no,no,no,False
100852941,METROPOLITAN NASHVILLE POLICE DEPT,20150475661,Davidson,Nashville,5/20/2015 8:14:00 PM,2,0,0,36.226340,-86.603180,SHUTE LN,,,,0.00,,,SAUNDERSVILLE RD,,,,0.00,Y,T-Intersection, ,Intersection,None,,,         ,James,DeSantis,Rain,Front to Rear,no,no,no,no,no,False
100853214,METROPOLITAN NASHVILLE POLICE DEPT,20150483811,Davidson,Not in City Limit,5/23/2015 10:05:00 PM,2,0,0,36.009370,-86.684390,SANTEELAH WAY,,,,601.00,Feet,West,CHEOAH CT,,,,0.00,N,Not at Intersection, ,Non-Junction,None,,,         ,Jarred,Frazier,Clear,Angle,no,no,no,no,no,False
100853908,Nashville Airport Police,2015-00988,Davidson,Nashville,5/11/2015 12:24:00 PM,2,0,0,0.000000,0.000000,TERMINAL DRIVE,DR,SR1,,0.10,Miles,East,DONELSON PIKE,PIKE,SR,,0.00,N,Not at Intersection, ,,None,,,         ,Hardini,Carter,,,no,no,no,yes,no,False
100853974,METROPOLITAN NASHVILLE POLICE DEPT,20150459362,Davidson,Nashville,5/15/2015 6:25:00 PM,2,0,0,36.209720,-86.733370,SHELTON AVE,,,,330.00,Feet,East,KIRKLAND AVE,,,,0.00,N,Not at Intersection, ,OtherLocation,None,,,         ,Whitney,Arnold,Clear,Angle,no,no,no,yes,yes,False
100854754,METROPOLITAN NASHVILLE POLICE DEPT,20150429228,Davidson,Nashville,5/7/2015 10:58:00 AM,2,1,0,36.079420,-86.726290,US HWY 31 ALT,,,,59.00,Feet,South,STATE HWY 255,,,,0.00,N,Not at Intersection,N,Non-Junction,None,,,         ,Michael,Russell,Clear,Front to Rear,no,no,no,no,no,False
100854937,METROPOLITAN NASHVILLE POLICE DEPT,20150430442,Davidson,Nashville,5/7/2015 5:13:00 PM,3,0,0,36.157640,-86.790740,I 40,,,,0.00,,,,,,,209.00,N,Not at Intersection, ,Non-Junction,None,,,         ,Erik,Dabbs,Clear,Front to Rear,no,no,no,no,no,False
100855005,METROPOLITAN NASHVILLE POLICE DEPT,20150488920,Davidson,Nashville,5/25/2015 12:00:00 AM,2,0,0,36.010370,-86.625520,BANNING CIR,,,,290.00,Feet,West,CRAFTWOOD DR,,,,0.00,N,Not at Intersection,N,Non-Junction,None,,,         ,Jarred,Frazier,Clear,"Sideswipe, Opposite Direction",no,no,no,no,yes,False
100855108,METROPOLITAN NASHVILLE POLICE DEPT,20150481637,Davidson,Not in City Limit,5/22/2015 9:18:00 AM,2,1,0,36.264950,-86.711240,US HWY 31E,,,,336.00,Feet,South,DULING AVE,,,,0.00,N,Not at Intersection,N,Non-Junction,None,,,         ,Richard,Olive,Clear,Angle,no,no,no,no,no,False
100857693,METROPOLITAN NASHVILLE POLICE DEPT,20150460299,Davidson,Nashville,5/16/2015 2:12:00 AM,3,1,2,36.115410,-86.917410,I 40,,,,0.00,,,,,,,199.60,N,Not at Intersection,N,Non-Junction,None,,,15-0290  ,Kevin,Coleman,Clear,HeadOn,no,no,no,no,no,False
100872435,METROPOLITAN NASHVILLE POLICE DEPT,20150491634,Davidson,Bellevue,5/26/2015 12:27:00 AM,1,0,1,36.026830,-87.017370,STATE HWY 100,,,,1774.00,Feet,West,OLD HARDING LN,,,,0.00,N,Not at Intersection,N,Non-Junction,None,,,15-0319  ,Christopher,Augustin,Clear,Not Collision with Motor Vehicle in Transport,no,no,no,no,no,False