master_record_number,agency,agency_tracking_number,county,city,collision_date,vehicles_involved,number_injured,number_dead,latitude,longitude,roadway_name,roadway_suffix,roadway_number,roadway_local_id,distance_from_reference,miles-feet_indicator,direction_from_reference,intersection_road_name,intersection_road_name_suffix,intersection_road_number,intersection_local_id,mile_marker,intersection_indicator,intersect_type,interchange_related_indicator,relation_to_junction,work_zone_type,construction_maintenance_zone,construction_maintenance_zone_location,fatal_case_number,officer_first_name,officer_last_name,weather_condition(s),manner_of_crash,pedestrian,bicycle,scooter,parking,hitrun,mou
100852519,METROPOLITAN NASHVILLE POLICE DEPT,20150509241,Davidson,Nashville,5/30/2015 10:00:00 AM,2,0,0,36.172150,-86.804300,HEIMAN ST,,,,168.00,Feet,East,17TH AVE N,,,,0.00,N,Not at Intersection,N,Non-Junction,None,,,         ,Joseph,Cadden,Clear,Unknown,no,no,no,no,yes,False
100852524,METROPOLITAN NASHVILLE POLICE DEPT,20150509308,Davidson,Nashville,5/30/2015 11:05:00 AM,2,1,0,36.166220,-86.765790,EXIT 49,,,,0.00,,,I 24,,,,0.00,Y,Four-Way,Y,Intersection-Related,None,,,         ,Michael,Johnson,Cloudy,Front to Rear,no,no,no,no,no,False
100852526,METROPOLITAN NASHVILLE POLICE DEPT,20150509351,Davidson,Nashville,5/30/2015 11:25:00 AM,2,3,0,36.170960,-86.800690,JEFFERSON ST,,,,0.00,,,14TH AVE N,,,,0.00,Y,OTHER,N,Non-Junction,None,,,         ,Joseph,Cadden,Clear,Angle,no,no,no,no,no,False
100852527,METROPOLITAN NASHVILLE POLICE DEPT,20150509264,Davidson,Nashville,5/30/2015 10:44:00 AM,2,0,0,36.129480,-86.903300,DAVIDSON DR,,,,0.00,,,US HWY 70,,,,0.00,Y,T-Intersection,N,Intersection-Related,None,,,         ,Ryan,Burger,Cloudy,Front to Rear,no,no,no,no,no,False
100852529,METROPOLITAN NASHVILLE POLICE DEPT,20150509364,Davidson,Nashville,5/30/2015 11:20:00 AM,2,0,0,36.187530,-86.772700,CLEVELAND ST,,,,0.00,,,,,,,0.00,,,N,Non-Junction,None,,,         ,Colby,Mathis,Cloudy,Front to Rear,no,no,no,yes,yes,False
100852534,METROPOLITAN NASHVILLE POLICE DEPT,2015-0509108,Davidson,Nashville,5/30/2015 8:50:00 AM,2,0,0,36.109530,-86.821360,CROSS CREEK RD,,,,279.00,Feet,South,VALLEY BROOK RD,,,,0.00,N,Not at Intersection,N,Non-Junction,None,,,         ,Paul,Junkmann,Clear,Angle,no,no,no,no,yes,False
100852536,METROPOLITAN NASHVILLE POLICE DEPT,20150509249,Davidson,Nashville,5/30/2015 10:29:00 AM,2,0,0,36.059830,-86.633850,HAMILTON CHURCH RD,,,,843.00,Feet,South,BELL RIDGE TRCE,,,,0.00,N,Not at Intersection,N,Non-Junction,None,,,         ,Steven,Snitzer,Clear,Front to Rear,no,no,no,no,no,False
100852549,METROPOLITAN NASHVILLE POLICE DEPT,20150509371,Davidson,Nashville,5/30/2015 11:21:00 AM,2,0,0,36.171340,-86.790180,LOCKLAYER ST,,,,0.00,,,US HWY 41 ALT,,,,0.00,Y,OTHER,N,OtherLocation,None,,,         ,Bryan,Birdwell,Cloudy,"Sideswipe, Same Direction",no,no,no,yes,yes,False
100852553,BELLE MEADE POLICE DEPT,15-0137,Davidson,Belle Meade,5/30/2015 12:13:00 PM,2,0,0,36.095800,-86.856690,BELLE MEADE BLVD,,,,0.00,,,HARDING PL,,,,0.00,Y,Four-Way, ,Intersection,None,,,         ,Doris,Howell,Rain,Front to Rear,no,no,no,no,no,False
100852557,METROPOLITAN NASHVILLE POLICE DEPT,20150509462,Davidson,Nashville,5/30/2015 12:52:00 PM,2,0,0,36.173280,-86.791380,JEFFERSON ST,,,,0.00,,,US HWY 41 ALT,,,,0.00,Y,T-Intersection, ,Intersection-Related,None,,,         ,Bryan,Birdwell,Cloudy,Angle,no,no,no,no,no,False
100852558,METROPOLITAN NASHVILLE POLICE DEPT,20150509456,Davidson,Nashville,5/30/2015 12:48:00 PM,2,0,0,36.125100,-86.847460,US HWY 70S,,,,61.00,Feet,East,STATE HWY 155,,,,0.00,N,Not at Intersection, ,,None,,,         ,Corteze,Armstrong,,,no,no,no,no,no,False
100852560,METROPOLITAN NASHVILLE POLICE DEPT,20150509519,Davidson,Nashville,5/30/2015 1:08:00 PM,2,0,0,36.145950,-86.666510,ROYAL PKWY,,,,0.00,,,STATE HWY 255,,,,0.00,Y,Four-Way, ,Intersection-Related,None,,,         ,William,Mckay,Clear,Angle,no,no,no,no,no,False
100852564,METROPOLITAN NASHVILLE POLICE DEPT,2015-0509498,Davidson,Nashville,5/30/2015 10:00:00 AM,2,0,0,36.106030,-86.814630,ABBOTT MARTIN RD,,,,240.00,Feet,West,US HWY 431,,,,0.00,N,Not at Intersection, ,Non-Junction,None,,,         ,Paul,Junkmann,Clear,Unknown,no,no,no,yes,yes,False
100852565,METROPOLITAN NASHVILLE POLICE DEPT,20150509545,Davidson,Not in City Limit,5/30/2015 1:30:00 PM,1,0,0,36.336550,-86.870030,US HWY 431,,,,0.00,,,MORGAN RD,,,,0.00,Y,T-Intersection, ,Non-Junction,None,,,         ,Michael,Parman,Cloudy,Not Collision with Motor Vehicle in Transport,no,no,no,no,no,False
100852569,METROPOLITAN NASHVILLE POLICE DEPT,20150509551,Davidson,Nashville,5/30/2015 12:50:00 PM,2,0,0,36.172120,-86.794590,10TH AVE N,,,,122.00,Feet,South,JEFFERSON ST,,,,0.00,N,Not at Intersection, ,,None,,,         ,Joseph,Cadden,,,no,no,no,no,no,False
100852570,METROPOLITAN NASHVILLE POLICE DEPT,20150509275,Davidson,Nashville,5/30/2015 10:48:00 AM,2,0,0,36.151710,-86.676950,ROYAL PKWY,,,,0.00,,,ELM HILL PIKE,,,,0.00,Y,Four-Way, ,Intersection,None,,,         ,Johnathan,Carlisle,Clear,HeadOn,no,no,no,no,no,False
100852572,METROPOLITAN NASHVILLE POLICE DEPT,20150509512,Davidson,Nashville,5/30/2015 12:08:00 PM,2,0,0,36.170530,-86.798660,12TH AVE N,,,,94.00,Feet,South,MEHARRY BLVD,,,,0.00,N,Not at Intersection, ,,None,,,         ,Nathan,Mayo,,,no,no,no,no,no,False
100852575,METROPOLITAN NASHVILLE POLICE DEPT,20150509490,Davidson,Nashville,5/30/2015 1:00:00 PM,2,0,0,36.077090,-86.725550,US HWY 31 ALT,,,,0.00,,,EDMONDSON PIKE,,,,0.00,Y,Four-Way, ,Intersection,None,,,         ,Brian,Murphy,Rain,"Sideswipe, Same Direction",no,no,no,no,no,False
100852588,METROPOLITAN NASHVILLE POLICE DEPT,2015-0507593,Davidson,Nashville,5/29/2015 9:44:00 PM,1,2,0,36.108550,-86.892040,BRESSLYN RD,,,,747.00,Feet,East,CURRYWOOD DR,,,,0.00,N,Not at Intersection,N,Non-Junction,None,,,         ,Michael,Rogers,Clear,Not Collision with Motor Vehicle in Transport,no,no,no,yes,no,False
100852593,METROPOLITAN NASHVILLE POLICE DEPT,20150505835,Davidson,Nashville,5/30/2015 2:13:00 PM,2,0,0,36.189110,-86.614600,STATE HWY 45,,,,0.00,,,CONNECTING ROAD,,,,0.00,,, ,Non-Junction,None,,,         ,Cassandra,Del Bosco,Clear,Front to Rear,no,no,no,no,no,False
100852595,METROPOLITAN NASHVILLE POLICE DEPT,20150509604,Davidson,Nashville,5/30/2015 2:52:00 PM,2,0,0,36.133390,-86.789940,CALDWELL AVE,,,,346.00,Feet,West,12TH AVE S,,,,0.00,N,Not at Intersection, ,Non-Junction,None,,,         ,Mekisha,Page,Unknown,Angle,no,no,no,no,yes,False
100852596,METROPOLITAN NASHVILLE POLICE DEPT,20150509481,Davidson,Nashville,5/30/2015 12:50:00 PM,2,2,0,36.196150,-86.737050,CAHAL AVE,,,,0.00,,,N 16TH ST,,,,0.00,Y,T-Intersection,N,Intersection,None,,,         ,George,Krukowski,Cloudy,Front to Rear,no,no,no,no,yes,False
100852597,METROPOLITAN NASHVILLE POLICE DEPT,20150509603,Davidson,Nashville,5/30/2015 2:30:00 PM,2,0,0,36.152060,-86.836410,US HWY 70,,,,0.00,,,,,,,0.00,,,N,OtherLocation,None,,,         ,Brandon,Rardin,Cloudy,Rear to Side,no,no,no,yes,yes,False
100852606,METROPOLITAN NASHVILLE POLICE DEPT,20150509656,Davidson,Nashville,5/30/2015 1:50:00 PM,2,0,0,36.046670,-86.709300,COUNTRY DR,,,,1130.00,Feet,South,ASH GROVE DR,,,,0.00,N,Not at Intersection,N,Non-Junction,None,,,         ,Jason,Door,Cloudy,Angle,no,no,no,yes,yes,False
100852607,VANDERBILT UNIVERSITY POLICE,15-0527577,Davidson,Nashville,5/30/2015 2:15:00 PM,2,0,0,36.110610,-86.765360,POWELL AVE,,,,0.00,,,,,,,0.00,,, ,Non-Junction,None,,,         ,Robert,Skucy,Cloudy,Front to Rear,no,no,no,yes,no,OHO
100852609,METROPOLITAN NASHVILLE POLICE DEPT,2015-0509643,Davidson,Nashville,5/30/2015 3:00:00 PM,1,0,0,36.041310,-86.782490,I 65,,,,0.00,,,,,,,74.75,N,Not at Intersection,N,Non-Junction,None,,,         ,William,King,Cloudy,Not Collision with Motor Vehicle in Transport,no,no,no,no,no,False
100852614,METROPOLITAN NASHVILLE POLICE DEPT,20150509625,Davidson,Nashville,5/30/2015 2:29:00 PM,2,0,0,36.176010,-86.769810,-- UNKNOWN RAMP/ROAD --,,,,0.00,Feet,East,US HWY 31W,,,,0.00,N,Not at Intersection, ,Entrance/Exit Ramp Related,None,,,         ,Paul,Stein,Cloudy,Front to Rear,no,no,no,no,no,False
100852618,METROPOLITAN NASHVILLE POLICE DEPT,20150509627,Davidson,Nashville,5/30/2015 4:15:00 PM,2,0,0,36.046170,-86.715130,STATE HWY 254,,,,0.00,,,,,,,0.00,,OTHER, ,OtherLocation,None,,,         ,Mekisha,Page,Clear,"Sideswipe, Same Direction",no,no,no,yes,yes,False
100852630,METROPOLITAN NASHVILLE POLICE DEPT,20150509822,Davidson,Nashville,5/30/2015 4:20:00 PM,2,0,0,36.153280,-86.772180,4TH AVE S,,,,0.00,,,ELM ST,,,,0.00,Y,Four-Way, ,Non-Junction,None,,,         ,Blaze,Williams,Clear,"Sideswipe, Same Direction",no,no,no,no,no,False
100852633,METROPOLITAN NASHVILLE POLICE DEPT,20150509714,Davidson,Nashville,5/30/2015 3:36:00 PM,2,0,0,36.133440,-86.770410,WEDGEWOOD AVE,,,,0.00,,,MARTIN ST,,,,0.00,Y,T-Intersection, ,Intersection-Related,None,,,         ,Nicholas,Smith,Cloudy,Other,no,no,no,no,no,False
100852646,METROPOLITAN NASHVILLE POLICE DEPT,20150509820,Davidson,Nashville,5/30/2015 2:55:00 PM,2,0,0,36.075000,-86.662540,UNA ANTIOCH PIKE,,,,10.00,Feet,South,BILLINGSGATE RD,,,,0.00,N,Not at Intersection,N,Non-Junction,None,,,         ,Jared,Jenkins,Clear,Angle,no,no,no,no,yes,False
100852650,METROPOLITAN NASHVILLE POLICE DEPT,20150509764,Davidson,Antioch,5/30/2015 3:15:00 PM,2,0,0,0.000000,0.000000,BELL,RD,,,0.00,,,EAGLE VIEW,RD,,,0.00,Y,T-Intersection, ,Non-Junction,None,,,         ,David,Collins,Clear,"Sideswipe, Same Direction",no,no,no,no,no,False
100852655,METROPOLITAN NASHVILLE POLICE DEPT,20150506826,Davidson,Nashville,5/29/2015 6:19:00 PM,1,0,0,36.122680,-86.629890,WOODLAND POINT DR,,,,176.00,Feet,East,BELL RD,,,,0.00,N,Not at Intersection,N,Non-Junction,None,,,         ,Sarah,Hartman,Clear,Not Collision with Motor Vehicle in Transport,no,no,no,no,yes,False
100852672,METROPOLITAN NASHVILLE POLICE DEPT,20150509889,Davidson,Nashville,5/30/2015 4:25:00 PM,2,1,0,36.071210,-86.684210,ANTIOCH PIKE,,,,0.00,,,HAYSTACK LN,,,,0.00,Y,T-Intersection,N,Intersection,None,,,         ,Brent,Hedgcoth,Cloudy,HeadOn,no,no,no,no,yes,False
100852674,METROPOLITAN NASHVILLE POLICE DEPT,2015-0509837,Davidson,Nashville,5/30/2015 4:20:00 PM,2,0,0,36.149840,-86.791930,MUSIC SQ E,,,,153.00,Feet,North,MUSIC CIR S,,,,0.00,N,Not at Intersection, ,Non-Junction,None,,,         ,Austin,Kendrick,Clear,Angle,no,no,no,no,no,False
100852675,METROPOLITAN NASHVILLE POLICE DEPT,20150509866,Davidson,Nashville,5/30/2015 5:19:00 PM,2,0,0,36.112500,-86.757510,STATE HWY 155,,,,0.00,,,,,,,0.00,,, ,Non-Junction,None,,,         ,Mekisha,Page,Cloudy,Angle,no,no,no,yes,yes,False
100852685,METROPOLITAN NASHVILLE POLICE DEPT,20150510067,Davidson,Nashville,5/30/2015 6:02:00 PM,2,1,0,36.079310,-86.727130,US HWY 31 ALT,,,,0.00,,,STATE HWY 255,,,,0.00,Y,Four-Way,N,Intersection,None,,,         ,Mekisha,Page,Cloudy,Front to Rear,no,no,no,no,no,False
100852686,METROPOLITAN NASHVILLE POLICE DEPT,20150510105,Davidson,Nashville,5/30/2015 6:19:00 PM,2,0,0,36.175760,-86.757740,MAIN ST,,,,50.00,Feet,West,NEILL AVE,,,,0.00,N,Not at Intersection,N,Non-Junction,None,,,         ,Joshua,Murray,Clear,Front to Rear,no,no,no,no,no,False
100852688,METROPOLITAN NASHVILLE POLICE DEPT,20150510079,Davidson,Not in City Limit,5/30/2015 5:56:00 PM,2,0,0,35.989900,-86.635320,BURKITT RD,,,,0.51,Miles,West,BATTLE RD,,,,0.00,N,Not at Intersection,N,Non-Junction,None,,,         ,Jason,Door,Cloudy,Not Collision with Motor Vehicle in Transport,no,no,no,no,no,False
100852690,METROPOLITAN NASHVILLE POLICE DEPT,20150510248,Davidson,Nashville,5/30/2015 6:15:00 PM,2,0,0,36.074140,-86.718990,LANE WOOD CT,,,,0.00,,,HOPEWOOD DR,,,,0.00,Y,OTHER, ,,None,,,         ,Brent,Hedgcoth,,,no,no,no,no,no,False
100852691,METROPOLITAN NASHVILLE POLICE DEPT,20150509705,Davidson,Nashville,5/30/2015 3:09:00 PM,2,2,0,36.202670,-86.634460,JACKSONIAN DR,,,,0.00,,,BONNAFAIR DR,,,,0.00,Y,T-Intersection,Y,Intersection,None,,,         ,Tyler,Conrads,Clear,Angle,no,no,no,no,yes,False
100852692,METROPOLITAN NASHVILLE POLICE DEPT,20150510003,Davidson,Nashville,5/30/2015 5:21:00 PM,2,0,0,36.173660,-86.602200,STATE HWY 265,,,,0.00,,,STATE HWY 45,,,,0.00,Y,OTHER,N,Non-Junction,None,,,         ,Tyler,Conrads,Clear,Angle,no,no,no,yes,yes,False
100852693,METROPOLITAN NASHVILLE POLICE DEPT,20150497815,Davidson,Nashville,5/27/2015 2:30:00 PM,2,0,0,36.151350,-86.768330,-- UNKNOWN RAMP/ROAD --,,,,0.00,,,I 40,,,,0.00,Y,Four-Way,N,Intersection,None,,,         ,Jason,Smith,Clear,Angle,no,no,no,no,no,False
100852694,METROPOLITAN NASHVILLE POLICE DEPT,20150510145,Davidson,Nashville,5/30/2015 5:32:00 PM,2,0,0,36.039380,-86.672600,HICKORY PARK DR,,,,98.00,Feet,South,HICKORY PARK CT W,,,,0.00,N,Not at Intersection,N,Non-Junction,None,,,         ,Thomas,Odom,Rain,Angle,no,no,no,no,no,False
100852697,METROPOLITAN NASHVILLE POLICE DEPT,20150510050,Davidson,Nashville,5/30/2015 4:35:00 PM,2,0,0,36.184090,-86.748210,GALLATIN AVE,,,,110.00,Feet,North,EASTLAND AVE,,,,0.00,N,Not at Intersection,N,Non-Junction,None,,,         ,Kelly,Cantrell,Clear,Front to Rear,no,no,no,no,no,False
100852706,METROPOLITAN NASHVILLE POLICE DEPT,20150510451,Davidson,Nashville,5/30/2015 3:45:00 PM,1,0,0,36.031250,-86.588400,E GLEN CT,,,,0.00,,,LAVERGNE COUCHVILLE PIKE,,,,0.00,Y,OTHER, ,,None,,,         ,Brent,Hedgcoth,,,no,no,no,no,no,False
100852711,METROPOLITAN NASHVILLE POLICE DEPT,20150510416,Davidson,Nashville,5/30/2015 8:10:00 PM,1,1,0,36.150680,-86.767890,US HWY 31 ALT,,,,0.00,,,2ND AVE S,,,,0.00,Y,Five Point Or More,Y,Intersection,None,,,         ,Dale,Dameron,Clear,Not Collision with Motor Vehicle in Transport,yes,no,no,no,yes,False
100852720,METROPOLITAN NASHVILLE POLICE DEPT,20150510300,Davidson,Nashville,5/30/2015 5:36:00 PM,2,0,0,36.196270,-86.835470,US HWY 41 ALT,,,,120.00,Feet,West,ASHTON AVE,,,,0.00,N,Not at Intersection, ,Non-Junction,None,,,         ,Christopher,Mackey,Rain,Angle,no,no,no,no,no,False
100852727,METROPOLITAN NASHVILLE POLICE DEPT,20150510199,Davidson,Antioch,5/30/2015 6:55:00 PM,2,1,0,0.000000,0.000000,BURKITT,RD,,6417 BURKITT RD,0.50,Miles,West,BATTLE,RD,,,0.00,N,Not at Intersection,N,Non-Junction,None,,,         ,David,Collins,Clear,Front to Rear,no,no,no,no,no,False
100852735,METROPOLITAN NASHVILLE POLICE DEPT,2015-0509595,Davidson,Nashville,5/30/2015 2:46:00 PM,1,1,0,36.060010,-86.653920,ROCKRIDGE CT,,,,257.00,Feet,North,HIGHLANDER DR,,,,0.00,N,Not at Intersection,N,Non-Junction,None,,,         ,Matthew,Johnson,Clear,Not Collision with Motor Vehicle in Transport,yes,no,no,no,yes,False
100852736,METROPOLITAN NASHVILLE POLICE DEPT,20150506743,Davidson,Nashville,5/29/2015 5:50:00 PM,2,3,0,36.182280,-86.608000,FRIST BLVD,,,,0.00,,,ANDREW JACKSON WAY,,,,0.00,Y,Four-Way,N,Intersection,None,,,         ,Stephen,Soule,Clear,Front to Rear,no,no,no,no,no,False
100852739,METROPOLITAN NASHVILLE POLICE DEPT,20150505871,Davidson,Nashville,5/29/2015 2:37:00 PM,2,0,0,36.176900,-86.793760,US HWY 41 ALT,,,,0.00,,,TAYLOR ST,,,,0.00,Y,Four-Way, ,Intersection,None,,,         ,Michael,Brooks,Cloudy,Angle,no,no,no,no,no,False
100852740,METROPOLITAN NASHVILLE POLICE DEPT,20150506084,Davidson,Nashville,5/29/2015 3:37:00 PM,3,1,0,36.217520,-86.837290,US HWY 41 ALT,,,,363.00,Feet,South,KINGS LN,,,,0.00,N,Not at Intersection,N,Non-Junction,None,,,         ,Michael,Brooks,Cloudy,Front to Rear,no,no,no,no,no,False
100852741,METROPOLITAN NASHVILLE POLICE DEPT,20150506526,Davidson,Nashville,5/29/2015 5:11:00 PM,2,0,0,36.180340,-86.804480,BUCHANAN ST,,,,0.00,,,11TH AVE N,,,,0.00,Y,T-Intersection,Y,Intersection-Related,None,,,         ,Michael,Brooks,Rain,Front to Rear,no,no,no,no,no,False
100852742,METROPOLITAN NASHVILLE POLICE DEPT,20150507167,Davidson,Nashville,5/29/2015 8:00:00 PM,2,0,0,36.196070,-86.835150,US HWY 41 ALT,,,,0.00,,,ASHTON AVE,,,,0.00,Y,T-Intersection,Y,Intersection-Related,None,,,         ,Michael,Brooks,Cloudy,Angle,no,no,no,no,no,False
100852743,METROPOLITAN NASHVILLE POLICE DEPT,20150509734,Davidson,Nashville,5/30/2015 3:28:00 PM,2,0,0,36.167100,-86.816380,I 40,,,,0.00,,,,,,,206.70,N,Not at Intersection,N,Non-Junction,None,,,         ,Michael,Brooks,Cloudy,"Sideswipe, Same Direction",no,no,no,no,yes,False
100852751,METROPOLITAN NASHVILLE POLICE DEPT,20150510420,Davidson,Nashville,5/30/2015 8:08:00 PM,2,0,0,36.206490,-86.776240,I 65,,,,0.00,,,,,,,87.30,N,Not at Intersection,Y,Entrance/Exit Ramp Related,Construction Zone,Work On Shoulder Or Median,Unknown,         ,Joshua,Murray,Clear,"Sideswipe, Same Direction",no,no,no,no,yes,False
100852759,METROPOLITAN NASHVILLE POLICE DEPT,20150510751,Davidson,Nashville,5/30/2015 10:00:00 PM,2,0,0,36.068250,-86.697130,CREEKSIDE DR,,,,245.00,Feet,West,KEELEY DR,,,,0.00,N,Not at Intersection, ,Non-Junction,None,,,         ,Jonathan,Frith,Clear,"Sideswipe, Same Direction",no,no,no,no,yes,False
100852760,METROPOLITAN NASHVILLE POLICE DEPT,20150510878,Davidson,Nashville,5/30/2015 11:25:00 PM,1,0,0,36.068310,-86.697990,CREEKSIDE DR,,,,245.00,Feet,East,EAST RIDGE DR,,,,0.00,N,Not at Intersection, ,,None,,,         ,Jonathan,Frith,,,no,no,no,no,no,False
100852763,GOODLETTSVILLE POLICE DEPT,15-20602,Davidson,Goodlettsville,5/30/2015 7:56:00 PM,2,0,0,36.315430,-86.713440,RIVERGATE PKWY,,,,0.00,,,US HWY 31W,,,,0.00,Y,T-Intersection, ,Intersection-Related,None,,,         ,Ashley,Akers,Clear,Front to Rear,no,no,no,no,no,False
100852766,METROPOLITAN NASHVILLE POLICE DEPT,20150510738,Davidson,Nashville,5/30/2015 10:14:00 PM,2,0,0,36.095750,-86.603990,ANDERSON RD,,,,179.00,Feet,South,TIMBER RIDGE DR,,,,0.00,N,Not at Intersection,N,Non-Junction,None,,,         ,Thomas,Barnes,Clear,"Sideswipe, Opposite Direction",no,no,no,no,yes,False
100852779,METROPOLITAN NASHVILLE POLICE DEPT,20150510179,Davidson,Nashville,5/30/2015 7:01:00 PM,2,0,0,36.083810,-86.647260,US HWY 41,,,,55.00,Feet,North,BROOKSBORO TER,,,,0.00,N,Not at Intersection, ,Non-Junction,None,,,         ,Jared,Jenkins,Clear,Front to Rear,no,no,no,no,no,False
100852780,METROPOLITAN NASHVILLE POLICE DEPT,20150510794,Davidson,Nashville,5/30/2015 10:40:00 PM,2,1,0,36.109710,-86.671490,COUCHVILLE PIKE,,,,0.00,,,KNAPP BLVD,,,,0.00,Y,Four-Way,N,Intersection,None,,,         ,Bo,Branum,Clear,Front to Rear,no,no,no,no,no,False
100852782,METROPOLITAN NASHVILLE POLICE DEPT,20150510940,Davidson,Nashville,5/30/2015 10:56:00 PM,2,0,0,36.195490,-86.775110,WHITES CREEK PIKE,,,,0.00,,,FERN AVE,,,,0.00,Y,T-Intersection,N,Intersection,None,,,         ,Ashley,Arnold,Clear,Front to Rear,no,no,no,no,yes,False
100852783,METROPOLITAN NASHVILLE POLICE DEPT,2015-0511071,Davidson,Nashville,5/31/2015 12:25:00 AM,2,2,0,36.228420,-86.740180,MAPLEWOOD LN,,,,601.00,Feet,West,GRAYCROFT AVE,,,,0.00,N,Not at Intersection,N,Non-Junction,None,,,         ,Robert,Crow,Clear,Front to Rear,no,no,no,yes,no,False
100852806,METROPOLITAN NASHVILLE POLICE DEPT,20150510788,Davidson,Nashville,5/30/2015 11:32:00 PM,2,0,0,36.154770,-86.779420,US HWY 41,,,,0.00,,,US HWY 31,,,,0.00,Y,Roundabout,N,Intersection-Related,None,,,         ,Brandon,Hicks,Clear,Angle,no,no,no,no,no,False
100852807,METROPOLITAN NASHVILLE POLICE DEPT,20150511088,Davidson,Nashville,5/31/2015 12:05:00 AM,3,1,0,36.157210,-86.774680,4TH AVE S,,,,0.00,,,GATEWAY BLVD,,,,0.00,Y,Four-Way,Y,Intersection,None,,,         ,Adam,Crutcher,Clear,Angle,no,no,no,no,yes,False
100852808,METROPOLITAN NASHVILLE POLICE DEPT,20150511113,Davidson,Not in City Limit,5/31/2015 12:00:00 AM,2,1,0,36.078180,-87.035150,I 40,,,,0.00,,,,,,,191.70,N,Not at Intersection,N,Non-Junction,None,,,         ,Tyler,Bryson,Clear,"Sideswipe, Same Direction",no,no,no,no,no,False
100852809,METROPOLITAN NASHVILLE POLICE DEPT,20150510371,Davidson,Nashville,5/30/2015 7:50:00 PM,1,0,0,36.053180,-86.899390,VAUGHN RD,,,,340.00,Feet,South,STATE HWY 254,,,,0.00,N,Not at Intersection,N,Non-Junction,None,,,         ,Michael,Hunnicutt,Clear,Not Collision with Motor Vehicle in Transport,no,no,no,no,no,False
100852817,METROPOLITAN NASHVILLE POLICE DEPT,20150511635,Davidson,Nashville,5/31/2015 5:49:00 AM,2,2,0,36.135790,-86.724960,US HWY 41,,,,0.00,,,SPENCE LN,,,,0.00,Y,Four-Way,N,Intersection,None,,,         ,Bo,Branum,Clear,Front to Rear,no,no,no,no,yes,False
100852820,METROPOLITAN NASHVILLE POLICE DEPT,2015051184,Davidson,Nashville,5/31/2015 4:45:00 AM,1,0,0,36.179140,-86.745470,GARTLAND AVE,,,,0.00,,,N 14TH ST,,,,0.00,Y,Four-Way,N,Intersection,None,,,         ,Brian,Smith,Clear,Not Collision with Motor Vehicle in Transport,no,no,no,no,yes,False
100852826,METROPOLITAN NASHVILLE POLICE DEPT,20150509529,Davidson,Nashville,5/30/2015 1:26:00 PM,2,0,0,36.062500,-86.625970,US HWY 41,,,,1099.00,Feet,South,HAMILTON CHURCH RD,,,,0.00,N,Not at Intersection,N,Non-Junction,None,,,         ,Megan,Arnett,Rain,Front to Rear,no,no,no,no,no,False
100852838,METROPOLITAN NASHVILLE POLICE DEPT,20150509376,Davidson,Nashville,5/30/2015 11:44:00 AM,3,3,0,36.124100,-86.848820,US HWY 70S,,,,309.00,Feet,West,RAMP,,,,0.00,N,Not at Intersection,Y,OtherLocation,None,,,         ,Christopher,Taylor,Cloudy,Front to Rear,no,no,no,no,no,False
100852840,METROPOLITAN NASHVILLE POLICE DEPT,20150511419,Davidson,Nashville,5/31/2015 2:28:00 AM,1,0,0,36.217330,-86.808920,MOORMANS ARM RD,,,,344.00,Feet,East,WALKER LN,,,,0.00,N,Not at Intersection,N,Non-Junction,None,,,         ,Alex,Marchak,Clear,Not Collision with Motor Vehicle in Transport,no,no,no,no,yes,False
100852844,METROPOLITAN NASHVILLE POLICE DEPT,20150511700,Davidson,Nashville,5/31/2015 6:48:00 AM,1,1,0,0.000000,0.000000,PETTUS,RD,,,100.00,Feet,East,NOLENSVILLE,PIKE,,,0.00,N,Not at Intersection,N,Non-Junction,None,,,         ,Randall,Combs,Clear,Not Collision with Motor Vehicle in Transport,no,no,no,no,no,False
100852846,METROPOLITAN NASHVILLE POLICE DEPT,20150509485,Davidson,Nashville,5/30/2015 1:06:00 PM,3,2,0,36.088220,-86.787600,BATTERY LN,,,,0.00,,,SOPER AVE,,,,0.00,Y,T-Intersection,N,Non-Junction,None,,,         ,Marc,Haugen,Cloudy,HeadOn,no,no,no,no,no,False
100852847,METROPOLITAN NASHVILLE POLICE DEPT,2015-0505832,Davidson,Nashville,5/29/2015 1:30:00 PM,2,0,0,36.141250,-86.817930,ACKLEN PARK DR,,,,0.00,,,PARK DR,,,,0.00,Y,Four-Way,N,Non-Junction,None,,,         ,David,Anderson,Cloudy,Angle,no,no,no,no,no,False
100852854,METROPOLITAN NASHVILLE POLICE DEPT,20150511687,Davidson,Nashville,5/31/2015 6:26:00 AM,2,0,0,36.156010,-86.788830,13TH AVE S,,,,0.00,,,US HWY 70,,,,0.00,Y,Four-Way,Y,Intersection,None,,,         ,Johnny,Crumby Jr.,Clear,Angle,no,no,no,no,no,False
100852855,METROPOLITAN NASHVILLE POLICE DEPT,20150506587,Davidson,Nashville,5/29/2015 4:54:00 PM,2,0,0,36.111130,-86.788840,STATE HWY 155,,,,396.00,Feet,West,LEALAND LN,,,,0.00,N,Not at Intersection,N,Non-Junction,None,,,         ,Thomas,West,Cloudy,Front to Rear,no,no,no,no,no,False
100852866,METROPOLITAN NASHVILLE POLICE DEPT,20150511711,Davidson,Nashville,5/31/2015 6:15:00 AM,1,0,0,36.183790,-86.744820,N 14TH ST,,,,126.00,Feet,North,EASTLAND AVE,,,,0.00,N,Not at Intersection,N,OtherLocation,None,,,         ,Steven,Carrick,Clear,Not Collision with Motor Vehicle in Transport,no,no,no,no,no,False
100852879,METROPOLITAN NASHVILLE POLICE DEPT,2015-0505784,Davidson,Nashville,5/29/2015 1:54:00 PM,3,1,0,36.142260,-86.680210,I 40,,,,0.00,,,,,,,215.85,N,Not at Intersection,N,Non-Junction,None,,,         ,Jeb,Johnston,Cloudy,Angle,no,no,no,no,no,False