master_record_number,agency,agency_tracking_number,county,city,collision_date,vehicles_involved,number_injured,number_dead,latitude,longitude,roadway_name,roadway_suffix,roadway_number,roadway_local_id,distance_from_reference,miles-feet_indicator,direction_from_reference,intersection_road_name,intersection_road_name_suffix,intersection_road_number,intersection_local_id,mile_marker,intersection_indicator,intersect_type,interchange_related_indicator,relation_to_junction,work_zone_type,construction_maintenance_zone,construction_maintenance_zone_location,fatal_case_number,officer_first_name,officer_last_name,weather_condition(s),manner_of_crash,pedestrian,bicycle,scooter,parking,hitrun,mou
100853408,METROPOLITAN NASHVILLE POLICE DEPT,2015-0514558,Davidson,Nashville,6/1/2015 8:05:00 AM,2,1,0,36.133410,-86.726950,,,I24,,260.00,Feet,North,,,,,52.00,N,Not at Intersection,N,Non-Junction,None,,,         ,William,Whitworth,Rain,Front to Rear,no,no,no,no,no,False
100853411,METROPOLITAN NASHVILLE POLICE DEPT,20150514891,Davidson,Nashville,6/1/2015 12:00:00 AM,2,0,0,36.044400,-86.647150,CROSSINGS BLVD,,,,0.00,,,CROSSINGS PL,,,,0.00,Y,T-Intersection, ,Non-Junction,None,,,         ,Kenneth,Alexandrow,Unknown,Unknown,no,no,no,yes,yes,False
100853417,METROPOLITAN NASHVILLE POLICE DEPT,20150514534,Davidson,Nashville,6/1/2015 7:59:00 AM,2,0,0,36.202860,-86.776870,I 65,,,,0.00,,,,,,,87.05,N,Not at Intersection, ,Non-Junction,Construction Zone,,,         ,Randy,Kroll,Rain,"Sideswipe, Same Direction",no,no,no,no,no,False
100853420,METROPOLITAN NASHVILLE POLICE DEPT,20150514792,Davidson,Nashville,6/1/2015 9:18:00 AM,2,1,0,36.154870,-86.763350,US HWY 70,,,,0.00,,,LINDSLEY AVE,,,,0.00,Y,Y-Intersection,Y,Intersection,None,,,         ,Johnny,Crumby Jr.,Rain,Front to Rear,no,no,no,no,no,False
100853422,GOODLETTSVILLE POLICE DEPT,15-20772,Davidson,Goodlettsville,6/1/2015 10:22:00 AM,2,1,0,36.305700,-86.703130,RIVERGATE PARKWAY,,,,50.00,Feet,West,WADE CIRCLE,,,,0.00,N,Not at Intersection,N,Non-Junction,None,,,         ,Daniel,Knalls,Cloudy,Front to Rear,no,no,no,no,no,False
100853427,METROPOLITAN NASHVILLE POLICE DEPT,20150515132,Davidson,Nashville,6/1/2015 10:54:00 AM,1,0,0,36.093600,-86.792980,GLENDALE LN,,,,300.00,Feet,East,SCENIC DR,,,,0.00,N,Not at Intersection,N,Non-Junction,None,,,         ,Nathan,Kemp,Rain,Not Collision with Motor Vehicle in Transport,no,no,no,no,yes,False
100853434,METROPOLITAN NASHVILLE POLICE DEPT,2015-0515174,Davidson,Nashville,6/1/2015 11:00:00 AM,2,0,0,36.098800,-86.871300,HEADY DR,,,,165.00,Feet,East,STATE HWY 100,,,,0.00,N,Not at Intersection, ,Non-Junction,None,,,         ,Curtis,Rich,Cloudy,Other,no,no,no,yes,yes,False
100853442,METROPOLITAN NASHVILLE POLICE DEPT,20150515143,Davidson,Nashville,6/1/2015 11:02:00 AM,2,0,0,36.185510,-86.817150,CLARKSVILLE PIKE,,,,0.00,,,25TH AVE N,,,,0.00,Y,Four-Way,N,Non-Junction,None,,,         ,Andrae,Starling,Rain,Front to Rear,no,no,no,no,no,False
100853448,VANDERBILT UNIVERSITY POLICE,15-0515031,Davidson,Nashville,6/1/2015 9:55:00 AM,2,0,0,36.138690,-86.803310,CHILDRENS WAY,,,,0.00,,,,,,,0.00,,, ,,None,,,         ,Errikka,Wilbourn,,,no,no,no,yes,no,Campus
100853454,METROPOLITAN NASHVILLE POLICE DEPT,2015-0515388,Davidson,Not in City Limit,6/1/2015 12:00:00 PM,1,0,0,36.093210,-86.975580,US HWY 70,,,,1351.00,Feet,East,RAMP,,,,0.00,N,Not at Intersection, ,Non-Junction,None,,,         ,Curtis,Rich,Cloudy,Not Collision with Motor Vehicle in Transport,no,no,no,no,no,False
100853456,METROPOLITAN NASHVILLE POLICE DEPT,20150512015,Davidson,Nashville,5/31/2015 9:45:00 AM,2,0,0,36.149530,-86.758260,ROBERTSON ST,,,,0.00,,,LEWIS ST,,,,0.00,Y,T-Intersection, ,Intersection,None,,,         ,Jason,Smith,Cloudy,Angle,no,no,no,no,no,False
100853468,METROPOLITAN NASHVILLE POLICE DEPT,2015-0515254,Davidson,Nashville,5/31/2015 10:30:00 AM,2,0,0,36.211980,-86.713710,JANIE AVE,,,,627.00,Feet,North,MCGAVOCK PIKE,,,,0.00,N,Not at Intersection,N,"Driveway, Alley Access, etc",None,,,         ,Coleman,Womack,Unknown,Rear to Side,no,no,no,no,yes,False
100853469,METROPOLITAN NASHVILLE POLICE DEPT,2015-0515127,Davidson,Antioch,6/1/2015 10:59:00 AM,2,0,0,36.049700,-86.603450,PIN HOOK RD,,,,804.00,Feet,East,GROVEDALE TRC,,,,0.00,N,Not at Intersection,N,"Driveway, Alley Access, etc",None,,,         ,William,Whitworth,Rain,Angle,no,no,no,no,no,False
100853475,METROPOLITAN NASHVILLE POLICE DEPT,20150514869,Davidson,Nashville,6/1/2015 9:45:00 AM,2,1,0,36.103350,-86.816090,WARFIELD DR,,,,0.00,,,US HWY 431,,,,0.00,Y,Four-Way,N,Intersection,None,,,         ,Khalid,Abbady,Cloudy,Front to Rear,no,no,no,no,no,False
100853476,METROPOLITAN NASHVILLE POLICE DEPT,20150515451,Davidson,Nashville,6/1/2015 12:31:00 PM,3,4,0,36.124520,-86.772710,I 65,,,,0.00,,,,,,,80.70,N,Not at Intersection,N,Non-Junction,None,,,         ,Nathan,Kemp,Rain,Front to Rear,no,no,no,no,no,False
100853486,METROPOLITAN NASHVILLE POLICE DEPT,20150515479,Davidson,Nashville,6/1/2015 12:18:00 PM,2,0,0,36.127230,-86.700590,GOODBAR DR,,,,0.00,,,THOMPSON PL,,,,0.00,Y,T-Intersection, ,Non-Junction,None,,,         ,Wesley,Young,Rain,Front to Rear,no,no,no,no,no,False
100853495,METROPOLITAN NASHVILLE POLICE DEPT,2015-0515448,Davidson,Nashville,6/1/2015 12:25:00 PM,2,0,0,36.039110,-86.782620,STATE HWY 254,,,,600.00,Feet,East,EXIT 74B,,,,0.00,N,Not at Intersection, ,Non-Junction,None,,,         ,Marc,Lemcke,Rain,Front to Rear,no,no,no,no,no,False
100853496,THP District 9 - Administrative,315028516,Davidson,Nashville,5/29/2015 12:00:00 AM,1,0,0,36.163400,-86.787790,10TH AVE N,,,,0.00,,,RAMP,,,,0.00,Y,OTHER, ,,,,,         ,Larry,Scandrett,,,no,no,no,yes,no,False
100853502,METROPOLITAN NASHVILLE POLICE DEPT,20150515489,Davidson,Nashville,6/1/2015 12:30:00 PM,2,1,0,36.120980,-86.764880,I 440,,,,0.00,,,,,,,5.50,N,Not at Intersection,N,Non-Junction,None,,,         ,Justin,Pinkelton,Rain,Angle,no,no,no,no,no,False
100853516,METROPOLITAN NASHVILLE POLICE DEPT,2015-0515449,Davidson,Nashville,6/1/2015 12:25:00 PM,2,0,0,36.192400,-86.742670,DOUGLAS AVE,,,,0.00,,,N 12TH ST,,,,0.00,Y,T-Intersection, ,Intersection-Related,None,,,         ,Coleman,Womack,Rain,"Sideswipe, Same Direction",no,no,no,no,no,False
100853519,METROPOLITAN NASHVILLE POLICE DEPT,20150515545,Davidson,Nashville,6/1/2015 12:55:00 PM,2,1,0,36.135090,-86.723960,US HWY 41,,,,390.00,Feet,East,SPENCE LN,,,,0.00,N,Not at Intersection,N,Non-Junction,None,,,         ,Daniel,Crockett,Rain,Front to Rear,no,no,no,no,no,False
100853524,METROPOLITAN NASHVILLE POLICE DEPT,20150515676,Davidson,Nashville,6/1/2015 12:43:00 PM,1,0,0,36.168580,-86.608840,-- UNKNOWN RAMP/ROAD --,,,,0.00,,,I 40,,,,0.00,Y,OTHER, ,Entrance/Exit Ramp Related,None,,,         ,William,Mckay,Rain,Not Collision with Motor Vehicle in Transport,no,no,no,no,no,False
100853525,METROPOLITAN NASHVILLE POLICE DEPT,2015-0515264,Davidson,Nashville,6/1/2015 11:26:00 AM,2,1,0,36.125050,-86.847910,STATE HWY 155,,,,0.00,Feet,East,RAMP,,,,0.00,N,Not at Intersection,N,Non-Junction,None,,,         ,Walter,Gray II,Cloudy,Front to Rear,no,no,no,no,no,False
100853528,METROPOLITAN NASHVILLE POLICE DEPT,20150515560,Davidson,Nashville,6/1/2015 12:30:00 PM,2,0,0,36.045450,-86.703600,STATE HWY 254,,,,0.00,,,EULALA DR,,,,0.00,Y,Four-Way, ,Intersection,None,,,         ,Kenneth,Alexandrow,Rain,Front to Rear,no,no,no,no,yes,False
100853531,METROPOLITAN NASHVILLE POLICE DEPT,20150515281,Davidson,Nashville,6/1/2015 11:32:00 AM,2,0,0,36.138570,-86.881190,US HWY 70,,,,271.00,Feet,West,ANNEX AVE,,,,0.00,N,Not at Intersection, ,Non-Junction,None,,,         ,Christopher,Taylor,Cloudy,"Sideswipe, Same Direction",no,no,no,no,no,False
100853535,METROPOLITAN NASHVILLE POLICE DEPT,20150515559,Davidson,Madison,6/1/2015 12:55:00 PM,2,0,0,36.262880,-86.680600,STATE HWY 45,,,,104.00,Feet,East,RIO VISTA DR,,,,0.00,N,Not at Intersection, ,Non-Junction,None,,,         ,William,Estes,Cloudy,"Sideswipe, Same Direction",no,no,no,no,no,False
100853540,METROPOLITAN NASHVILLE POLICE DEPT,20150515478,Davidson,Nashville,6/1/2015 12:30:00 PM,2,0,0,36.057650,-86.677440,I 24,,,,0.00,,,,,,,58.05,N,Not at Intersection, ,,None,,,         ,Todd,Watson,,,no,no,no,no,no,False
100853541,METROPOLITAN NASHVILLE POLICE DEPT,20150515603,Davidson,Old Hickory,6/1/2015 12:54:00 PM,2,1,0,36.264120,-86.650860,DONELSON AVE,,,,0.00,,,BRYAN ST,,,,0.00,Y,Four-Way,N,Non-Junction,None,,,         ,Cassandra,Del Bosco,Rain,Angle,no,no,no,no,no,False
100853545,METROPOLITAN NASHVILLE POLICE DEPT,20150514924,Davidson,Not in City Limit,6/1/2015 10:55:00 AM,2,0,0,36.263260,-86.682390,STATE HWY 45,,,,409.00,Feet,North,RIO VISTA DR,,,,0.00,N,Not at Intersection, ,Non-Junction,None,,,         ,Richard,Olive,Cloudy,Front to Rear,no,no,no,no,no,False
100853546,METROPOLITAN NASHVILLE POLICE DEPT,20150515532,Davidson,Nashville,6/1/2015 12:47:00 PM,2,0,0,36.069250,-86.720430,US HWY 31 ALT,,,,253.00,Feet,East,TAYLOR RD,,,,0.00,N,Not at Intersection, ,Non-Junction,None,,,         ,Christopher,Hanor,Rain,Angle,no,no,no,no,no,False
100853547,METROPOLITAN NASHVILLE POLICE DEPT,2015-0509497,Davidson,Not in City Limit,5/30/2015 11:45:00 AM,2,0,0,36.263060,-86.711910,STATE HWY 45,,,,0.00,,,US HWY 31E,,,,0.00,Y,Four-Way,N,Intersection-Related,None,,,         ,Richard,Olive,Clear,Front to Rear,no,no,no,no,yes,False
100853553,METROPOLITAN NASHVILLE POLICE DEPT,20150515546,Davidson,Nashville,6/1/2015 12:45:00 PM,2,0,0,36.107350,-86.768520,I 65,,,,0.00,,,,,,,79.55,N,Not at Intersection, ,Non-Junction,None,,,         ,Reuben,Hewit,Rain,Front to Rear,no,no,no,no,no,False
100853555,METROPOLITAN NASHVILLE POLICE DEPT,20150505521,Davidson,Madison,5/29/2015 4:00:00 AM,1,0,0,36.278190,-86.707170,PIERCE RD,,,,729.00,Feet,North,SHANNON AVE,,,,0.00,N,Not at Intersection,N,Non-Junction,None,,,         ,Nicholas,Truan,Unknown,Not Collision with Motor Vehicle in Transport,no,no,no,no,yes,False
100853556,METROPOLITAN NASHVILLE POLICE DEPT,20150509224,Davidson,Nashville,5/30/2015 12:00:00 AM,1,0,0,36.238540,-86.714220,BRUSH HILL RD,,,,903.00,Feet,North,TANGLEWOOD DR,,,,0.00,N,Not at Intersection,N,Non-Junction,None,,,         ,Nicholas,Truan,Unknown,Not Collision with Motor Vehicle in Transport,no,no,no,yes,yes,False
100853557,METROPOLITAN NASHVILLE POLICE DEPT,2015-0512299,Davidson,Nashville,5/31/2015 12:58:00 PM,2,3,0,36.249040,-86.719640,US HWY 31E,,,,423.00,Feet,North,DUE WEST AVE E,,,,0.00,N,Not at Intersection,N,OtherLocation,None,,,         ,Nicholas,Truan,Clear,"Sideswipe, Opposite Direction",no,no,no,yes,no,False
100853561,METROPOLITAN NASHVILLE POLICE DEPT,20150510178,Davidson,Not in City Limit,5/30/2015 6:50:00 PM,2,2,0,36.291930,-86.883760,US HWY 41 ALT,,,,0.00,,,EATONS CREEK RD,,,,0.00,Y,T-Intersection,N,Non-Junction,None,,,         ,Victor,Alexander,Cloudy,Angle,no,no,no,no,no,False
100853562,GOODLETTSVILLE POLICE DEPT,15-20763,Davidson,Goodlettsville,6/1/2015 9:02:00 AM,2,0,0,36.325430,-86.701340,STATE HWY 174,,,,167.00,Feet,East,CONFERENCE DR,,,,0.00,N,Not at Intersection, ,Non-Junction,None,,,         ,Benny,Alexander,Rain,Angle,no,no,no,no,no,False
100853580,METROPOLITAN NASHVILLE POLICE DEPT,2015-0513338,Davidson,Nashville,5/31/2015 10:10:00 PM,1,0,0,36.141370,-86.883890,ANNEX AVE,,,,100.00,Feet,East,PREMIER DR,,,,0.00,N,Not at Intersection,N,Non-Junction,None,,,         ,Michael,Rogers,Rain,Not Collision with Motor Vehicle in Transport,no,no,no,no,yes,False
100853581,VANDERBILT UNIVERSITY POLICE,15-0515850,Davidson,Nashville,6/1/2015 1:38:00 PM,1,0,0,36.138870,-86.802970,CHILDRENS WAY,,,,0.00,,,23RD AVE S,,,,0.00,Y,OTHER, ,,,,,         ,Brent,Clark,,,no,no,no,yes,no,Campus
100853582,METROPOLITAN NASHVILLE POLICE DEPT,20150509752,Davidson,Goodlettsville,5/30/2015 3:52:00 PM,1,1,0,36.289290,-86.724060,I 65,,,,0.00,,,,,,,94.15,N,Not at Intersection,N,Non-Junction,None,,,         ,Byron,Dewalt,Clear,Not Collision with Motor Vehicle in Transport,no,no,no,no,no,False
100853585,METROPOLITAN NASHVILLE POLICE DEPT,20150509578,Davidson,Goodlettsville,5/30/2015 12:30:00 PM,1,0,0,36.298190,-86.692040,SHEPHERD HILLS DR,,,,670.00,Feet,North,CUDE LN,,,,0.00,N,Not at Intersection, ,Non-Junction,None,,,         ,Byron,Dewalt,Rain,Not Collision with Motor Vehicle in Transport,no,no,no,no,no,False
100853591,METROPOLITAN NASHVILLE POLICE DEPT,20150513323,Davidson,Nashville,5/31/2015 9:59:00 PM,2,1,0,36.125780,-86.846500,KENNER AVE,,,,0.00,,,US HWY 70S,,,,0.00,Y,Four-Way,N,Intersection,None,,,         ,Adam,Reese,Rain,Front to Rear,no,no,no,no,no,False
100853594,METROPOLITAN NASHVILLE POLICE DEPT,20150515734,Davidson,Nashville,6/1/2015 1:46:00 PM,2,0,0,36.146740,-86.799430,US HWY 431,,,,253.00,Feet,South,GRAND AVE,,,,0.00,N,Not at Intersection, ,Non-Junction,None,,,         ,Tien,Nguyen,Rain,"Sideswipe, Same Direction",no,no,no,no,no,Campus
100853597,METROPOLITAN NASHVILLE POLICE DEPT,2015-0506432,Davidson,Goodlettsville,5/29/2015 4:45:00 PM,2,0,0,36.300670,-86.711200,-- UNKNOWN RAMP/ROAD --,,,,0.00,,,I 65,,,,0.00,Y,OTHER, ,Entrance/Exit Ramp Related,None,,,         ,Royce,McLester,Rain,"Sideswipe, Same Direction",no,no,no,no,no,False
100853618,METROPOLITAN NASHVILLE POLICE DEPT,20150515786,Davidson,Nashville,6/1/2015 1:15:00 PM,2,0,0,36.182670,-86.608700,STATE HWY 45,,,,140.00,Feet,North,RAMP,,,,0.00,N,Not at Intersection, ,Non-Junction,None,,,         ,Cory,Hale,Rain,"Sideswipe, Same Direction",no,no,no,no,no,False
100853623,METROPOLITAN NASHVILLE POLICE DEPT,2015-0515872,Davidson,Nashville,6/1/2015 2:33:00 PM,2,1,0,36.152890,-86.823340,US HWY 70,,,,50.00,Feet,East,33RD AVE N,,,,0.00,N,Not at Intersection,N,Non-Junction,None,,,         ,Walter,Gray II,Cloudy,Angle,no,no,no,no,no,False
100853629,METROPOLITAN NASHVILLE POLICE DEPT,20150515863,Davidson,Nashville,6/1/2015 2:20:00 PM,3,0,0,36.152250,-86.842240,46TH AVE N,,,,0.00,,,US HWY 70,,,,0.00,Y,Four-Way,N,Intersection,None,,,         ,Mark,Hatt,Rain,Front to Rear,no,no,no,no,no,False
100853630,METROPOLITAN NASHVILLE POLICE DEPT,20150515977,Davidson,Nashville,6/1/2015 3:17:00 PM,2,0,0,36.208620,-86.870620,EXIT 24,,,,0.00,Feet,East,STATE HWY 155,,,,0.00,N,Not at Intersection, ,,None,,,         ,Timothy,Morgan,,,no,no,no,no,no,False
100853632,METROPOLITAN NASHVILLE POLICE DEPT,20150515889,Davidson,Nashville,5/29/2015 3:10:00 PM,1,0,0,36.175400,-86.816120,25TH AVE N,,,,326.00,Feet,South,OSAGE ST,,,,0.00,N,Not at Intersection, ,,,,,         ,Isaac,Wood,,,no,no,no,no,no,False
100853639,METROPOLITAN NASHVILLE POLICE DEPT,20150516222,Davidson,Nashville,6/1/2015 4:30:00 PM,2,0,0,36.152950,-86.683630,RAMP,,,,0.00,Feet,East,ELM HILL PIKE,,,,0.00,N,Not at Intersection, ,,None,,,         ,Brent,Palte,,,no,no,no,no,no,False
100853643,METROPOLITAN NASHVILLE POLICE DEPT,20150516023,Davidson,Nashville,6/1/2015 3:31:00 PM,2,2,0,36.154840,-86.758490,US HWY 70,,,,0.00,,,DRIFTWOOD ST,,,,0.00,Y,T-Intersection,N,Non-Junction,None,,,         ,Leslie,Hale,Cloudy,Front to Rear,no,no,no,no,no,False
100853646,METROPOLITAN NASHVILLE POLICE DEPT,20150516031,Davidson,Nashville,6/1/2015 3:32:00 PM,2,0,0,36.155640,-86.789710,14TH AVE,,,,0.00,,,US HWY 70,,,,0.00,Y,Four-Way,N,Intersection-Related,None,,,         ,Tien,Nguyen,Clear,"Sideswipe, Same Direction",no,no,no,no,no,False
100853647,METROPOLITAN NASHVILLE POLICE DEPT,20150516201,Davidson,Nashville,6/1/2015 3:37:00 PM,2,0,0,36.154520,-86.815430,US HWY 70,,,,0.00,,,26TH AVE N,,,,0.00,Y,Four-Way, ,Intersection-Related,None,,,         ,Tien,Nguyen,Clear,Angle,no,no,no,no,no,False
100853651,BERRY HILL POLICE DEPT,15-2159,Davidson,Berry Hill,6/1/2015 3:03:00 PM,2,0,0,36.119620,-86.772700,BERRY RD,,,,600.00,Feet,East,US HWY 31,,,,0.00,N,Not at Intersection, ,Non-Junction,None,,,         ,Greg,Colson,Cloudy,Rear to Rear,no,no,no,yes,no,False
100853653,METROPOLITAN NASHVILLE POLICE DEPT,20150515844,Davidson,Nashville,6/1/2015 2:25:00 PM,2,0,0,36.146860,-86.743080,I 40,,,,0.00,,,,,,,212.10,N,Not at Intersection, ,Non-Junction,None,,,         ,Tyler,Hutton,Cloudy,"Sideswipe, Same Direction",no,no,no,no,no,False
100853659,METROPOLITAN NASHVILLE POLICE DEPT,20150516179,Davidson,Nashville,6/1/2015 3:56:00 PM,2,1,0,36.155820,-86.795900,CHURCH ST,,,,0.00,,,17TH AVE N,,,,0.00,Y,Four-Way,N,Intersection,None,,,         ,Charles,Griffin,Cloudy,Angle,no,no,no,no,no,False
100853661,METROPOLITAN NASHVILLE POLICE DEPT,20150515932,Davidson,Nashville,6/1/2015 3:00:00 PM,2,1,0,36.060090,-86.716340,STRASSER DR,,,,2.00,Feet,West,US HWY 31 ALT,,,,0.00,N,Not at Intersection,N,Non-Junction,None,,,         ,Jessie,Meadows,Rain,Angle,no,no,no,no,no,False
100853662,METROPOLITAN NASHVILLE POLICE DEPT,20150516104,Davidson,Antioch,6/1/2015 3:56:00 PM,5,0,0,36.010950,-86.616520,I 24,,,,0.00,,,,,,,62.85,N,Not at Intersection,N,Non-Junction,None,,,         ,Jessie,Meadows,Rain,Front to Rear,no,no,no,no,no,False
100853674,METROPOLITAN NASHVILLE POLICE DEPT,20150515915,Davidson,Nashville,6/1/2015 2:54:00 PM,2,0,0,36.140060,-86.818380,US HWY 70S,,,,416.00,Feet,South,ACKLEN PARK DR,,,,0.00,N,Not at Intersection, ,,None,,,         ,Charles,Griffin,,,no,no,no,no,no,False
100853686,METROPOLITAN NASHVILLE POLICE DEPT,20150516400,Davidson,Nashville,6/1/2015 5:27:00 PM,2,0,0,36.113820,-86.809200,BOENSCH DR,,,,0.00,,,GOLF CLUB LN,,,,0.00,Y,Four-Way, ,Intersection-Related,None,,,         ,Tien,Nguyen,Cloudy,Front to Rear,no,no,no,no,no,False
100853687,METROPOLITAN NASHVILLE POLICE DEPT,20150506118,Davidson,Madison,5/29/2015 4:05:00 PM,2,0,0,36.264430,-86.732240,STATE HWY 45,,,,0.00,,,S GRAYCROFT AVE,,,,0.00,Y,Four-Way, ,Intersection-Related,None,,,         ,Nathan,Dungan,Cloudy,Front to Rear,no,no,no,no,no,False
100853704,METROPOLITAN NASHVILLE POLICE DEPT,20150516376,Davidson,Nashville,6/1/2015 5:21:00 PM,2,0,0,36.161210,-86.760580,I 24,,,,0.00,,,,,,,49.40,N,Not at Intersection, ,,None,,,         ,Pedro,Rivera Chaparro,,,no,no,no,no,no,False
100853705,METROPOLITAN NASHVILLE POLICE DEPT,2015-0516324,Davidson,Nashville,6/1/2015 5:05:00 PM,2,2,0,36.163430,-86.843150,CENTENNIAL BLVD,,,,999.00,Feet,West,44TH AVE N,,,,0.00,N,Not at Intersection,N,Rail Grade Crossing,None,,,         ,Walter,Gray II,Cloudy,Front to Rear,no,no,no,no,no,False
100853709,METROPOLITAN NASHVILLE POLICE DEPT,20150506715,Davidson,Nashville,5/29/2015 5:45:00 PM,2,0,0,36.262280,-86.757400,US HWY 31W,,,,338.00,Feet,South,WESTCHESTER DR,,,,0.00,N,Not at Intersection,N,Non-Junction,None,,,         ,Nathan,Dungan,Rain,"Sideswipe, Same Direction",no,no,no,no,no,False
100853711,METROPOLITAN NASHVILLE POLICE DEPT,20150516259,Davidson,Nashville,5/31/2015 9:00:00 PM,2,0,0,36.144510,-86.862820,BELLMORE PL,,,,0.00,,,,,,,0.00,,,N,Non-Junction,None,,,         ,Brandon,Rardin,Unknown,"Sideswipe, Same Direction",no,no,no,no,yes,False
100853713,METROPOLITAN NASHVILLE POLICE DEPT,20150510780,Davidson,Madison,5/30/2015 9:30:00 PM,2,0,0,36.265760,-86.671950,STATE HWY 45,,,,642.00,Feet,West,HICKORY INDUSTRIAL DR,,,,0.00,N,Not at Intersection,N,Non-Junction,Construction Zone,Lane Shift-Crossover,Transition Area,         ,Byron,Dewalt,Clear,"Sideswipe, Same Direction",no,no,no,no,yes,False
100853716,METROPOLITAN NASHVILLE POLICE DEPT,2015-0516477,Davidson,Nashville,6/1/2015 5:39:00 PM,1,0,0,36.120030,-86.912160,I 40,,,,0.00,,,,,,,200.05,N,Not at Intersection,N,Non-Junction,None,,,         ,Michael,Rogers,Cloudy,Not Collision with Motor Vehicle in Transport,no,no,no,no,no,False
100853720,METROPOLITAN NASHVILLE POLICE DEPT,20150506954,Davidson,Goodlettsville,5/29/2015 7:00:00 PM,2,0,0,36.305890,-86.693930,CONFERENCE DR,,,,0.00,,,CONNECTING ROAD,,,,0.00,Y,T-Intersection, ,Intersection,None,,,         ,Nathan,Dungan,Cloudy,Angle,no,no,no,no,no,False
100853724,METROPOLITAN NASHVILLE POLICE DEPT,20150516461,Davidson,Nashville,6/1/2015 5:54:00 PM,1,0,0,36.041060,-86.651140,-- UNKNOWN RAMP/ROAD --,,,,0.00,Feet,East,I 24,,,,0.00,N,Not at Intersection,N,Entrance/Exit Ramp Related,None,,,         ,Jessie,Meadows,Rain,Not Collision with Motor Vehicle in Transport,no,no,no,no,no,False
100853726,METROPOLITAN NASHVILLE POLICE DEPT,20150507195,Davidson,Madison,5/29/2015 8:00:00 PM,2,0,0,36.261270,-86.712540,MAPLE ST,,,,0.00,,,US HWY 31E,,,,0.00,Y,T-Intersection,N,Intersection,None,,,         ,Nathan,Dungan,Cloudy,Angle,no,no,no,no,no,False
100853729,METROPOLITAN NASHVILLE POLICE DEPT,20150516622,Davidson,Nashville,6/1/2015 6:55:00 PM,2,0,0,36.214610,-86.604630,US HWY 70,,,,0.00,,,SHUTE LN,,,,0.00,Y,Four-Way, ,Non-Junction,None,,,         ,Cory,Hale,Rain,Front to Rear,no,no,no,no,no,False
100853733,METROPOLITAN NASHVILLE POLICE DEPT,20150516408,Davidson,Nashville,6/1/2015 5:34:00 PM,2,0,0,36.048970,-86.716310,HICKORYVIEW DR,,,,0.00,,,HICKORY PLAZA DR,,,,0.00,Y,Four-Way, ,Intersection,None,,,         ,Ricki,Armstrong,Cloudy,Front to Rear,no,no,no,no,no,False
100853735,METROPOLITAN NASHVILLE POLICE DEPT,20150516663,Davidson,Nashville,6/1/2015 7:27:00 PM,1,0,0,36.077290,-86.725180,WALLACE RD,,,,131.00,Feet,East,US HWY 31 ALT,,,,0.00,N,Not at Intersection,N,Non-Junction,None,,,         ,Jessie,Meadows,Rain,Not Collision with Motor Vehicle in Transport,no,no,no,no,no,False
100853739,METROPOLITAN NASHVILLE POLICE DEPT,20150516270,Davidson,Nashville,6/1/2015 2:38:00 PM,2,1,0,36.044920,-86.664380,STATE HWY 254,,,,556.00,Feet,North,CANE RIDGE RD,,,,0.00,N,Not at Intersection,N,Non-Junction,None,,,         ,Matthew,Johnson,Cloudy,Front to Rear,no,no,no,no,no,False
100853746,METROPOLITAN NASHVILLE POLICE DEPT,20150516582,Davidson,Nashville,6/1/2015 6:20:00 PM,2,0,0,36.130300,-86.715590,US HWY 41,,,,25.00,Feet,East,CONNECTING ROAD,,,,0.00,N,Not at Intersection, ,Non-Junction,None,,,         ,John,Kelley,Cloudy,Angle,no,no,no,no,no,False
100853747,METROPOLITAN NASHVILLE POLICE DEPT,20150516608,Davidson,Nashville,6/1/2015 6:20:00 PM,2,0,0,36.090340,-86.626640,SMITH SPRINGS RD,,,,54.00,Feet,West,BELL RD,,,,0.00,N,Not at Intersection, ,Non-Junction,None,,,         ,Thomas,Barnes,Rain,Angle,no,no,no,no,no,False
100853751,METROPOLITAN NASHVILLE POLICE DEPT,20150516299,Davidson,Nashville,6/1/2015 6:45:00 PM,2,0,0,36.086150,-86.691190,ANTIOCH PIKE,,,,263.00,Feet,North,PERIMETER HILL DR,,,,0.00,N,Not at Intersection, ,Non-Junction,None,,,         ,Ryan,Hampton,Rain,Angle,no,no,no,no,no,False
100853766,METROPOLITAN NASHVILLE POLICE DEPT,2015-0516580,Davidson,Nashville,6/1/2015 5:48:00 PM,2,0,0,36.105880,-86.672520,RAMP,,,,0.00,,,US HWY 41,,,,0.00,Y,Four-Way, ,Intersection,None,,,         ,Ryan,Hampton,Rain,Front to Rear,no,no,no,no,no,False
100853774,METROPOLITAN NASHVILLE POLICE DEPT,20150516123,Davidson,Goodlettsville,6/1/2015 3:00:00 PM,2,0,0,36.292360,-86.702810,US HWY 31E,,,,318.00,Feet,South,ALTA LOMA RD,,,,0.00,N,Not at Intersection, ,"Driveway, Alley Access, etc",None,,,         ,Nathan,Dungan,Cloudy,Angle,no,no,no,no,no,False
100853789,METROPOLITAN NASHVILLE POLICE DEPT,20150516994,Davidson,Nashville,6/1/2015 8:47:00 PM,2,0,0,36.037470,-86.786770,STATE HWY 254,,,,74.00,Feet,West,US HWY 31,,,,0.00,N,Not at Intersection, ,Non-Junction,None,,,         ,Tien,Nguyen,Rain,"Sideswipe, Opposite Direction",no,no,no,no,no,False