master_record_number,agency,agency_tracking_number,county,city,collision_date,vehicles_involved,number_injured,number_dead,latitude,longitude,roadway_name,roadway_suffix,roadway_number,roadway_local_id,distance_from_reference,miles-feet_indicator,direction_from_reference,intersection_road_name,intersection_road_name_suffix,intersection_road_number,intersection_local_id,mile_marker,intersection_indicator,intersect_type,interchange_related_indicator,relation_to_junction,work_zone_type,construction_maintenance_zone,construction_maintenance_zone_location,fatal_case_number,officer_first_name,officer_last_name,weather_condition(s),manner_of_crash,pedestrian,bicycle,scooter,parking,hitrun,mou
100855614,METROPOLITAN NASHVILLE POLICE DEPT,20150529625,Davidson,Nashville,6/4/2015 10:55:00 PM,2,0,0,36.169740,-86.810550,I 40,,,,0.00,,,,,,,207.10,N,Not at Intersection,N,Non-Junction,None,,,         ,James,Jarvis,Clear,"Sideswipe, Same Direction",no,no,no,no,yes,False
100855617,METROPOLITAN NASHVILLE POLICE DEPT,20150529988,Davidson,Nashville,6/5/2015 1:44:00 AM,1,0,0,36.166820,-86.766070,INTERSTATE DR,,,,232.00,Feet,North,SHELBY AVE,,,,0.00,N,Not at Intersection,N,Non-Junction,None,,,         ,Billy,Price,Clear,Not Collision with Motor Vehicle in Transport,no,no,no,no,yes,False
100855619,METROPOLITAN NASHVILLE POLICE DEPT,20150529893,Davidson,Not in City Limit,6/5/2015 1:04:00 AM,2,0,0,36.260360,-86.712860,HICKORY ST,,,,0.00,,,US HWY 31E,,,,0.00,Y,T-Intersection, ,Intersection,None,,,         ,George,Ward,Clear,Angle,no,no,no,no,no,False
100855639,METROPOLITAN NASHVILLE POLICE DEPT,2015-0526378,Davidson,Antioch,6/4/2015 6:32:00 AM,2,0,0,0.000000,0.000000,MT VIEW,CIR,,,0.00,,,MURFREESBORO,PIKE,US41,,0.00,Y,Four-Way, ,Intersection,None,,,         ,William,Whitworth,Clear,Front to Rear,no,no,no,no,no,False
100855640,METROPOLITAN NASHVILLE POLICE DEPT,2015-0526549,Davidson,Nashville,6/4/2015 7:55:00 AM,1,1,0,36.100540,-86.711830,I 24,,,,0.00,,,,,,,54.50,N,Not at Intersection,N,Non-Junction,None,,,         ,William,Whitworth,Clear,Not Collision with Motor Vehicle in Transport,no,no,no,no,no,False
100855641,METROPOLITAN NASHVILLE POLICE DEPT,2015-0526990,Davidson,Nashville,6/4/2015 10:03:00 AM,2,0,0,36.125350,-86.742390,GLENROSE AVE,,,,0.00,,,FOSTER AVE,,,,0.00,Y,Four-Way, ,Intersection,None,,,         ,William,Whitworth,Clear,Front to Rear,no,no,no,no,no,False
100855642,METROPOLITAN NASHVILLE POLICE DEPT,2015-0526985,Davidson,Nashville,6/4/2015 9:15:00 AM,2,0,0,36.093920,-86.734830,NATCHEZ CT,,,,0.00,,,N NATCHEZ CT,,,,0.00,Y,T-Intersection,N,Intersection,None,,,         ,William,Whitworth,Clear,Angle,no,no,no,no,yes,False
100855643,METROPOLITAN NASHVILLE POLICE DEPT,2015-0527382,Davidson,Nashville,6/4/2015 12:07:00 PM,2,2,0,36.132380,-86.719290,US HWY 41,,,,0.00,,,WILHAGAN RD,,,,0.00,Y,T-Intersection,N,Intersection,None,,,         ,William,Whitworth,Clear,Front to Rear,no,no,no,no,no,False
100855665,METROPOLITAN NASHVILLE POLICE DEPT,20150530598,Davidson,Nashville,6/5/2015 7:04:00 AM,2,0,0,36.133370,-86.769800,WEDGEWOOD AVE,,,,169.00,Feet,West,ALLISON PL,,,,0.00,N,Not at Intersection,N,Non-Junction,None,,,         ,Nathan,Kemp,Clear,Angle,no,no,no,no,yes,False
100855679,METROPOLITAN NASHVILLE POLICE DEPT,2015-0527378,Davidson,Nashville,6/4/2015 12:10:00 PM,2,0,0,36.218300,-86.774800,I 65,,,,0.00,,,,,,,88.20,N,Not at Intersection,Y,Entrance/Exit Ramp Related,Construction Zone,Lane Shift-Crossover,Activity Area,         ,Coleman,Womack,Clear,Front to Rear,no,no,no,no,no,False
100855681,METROPOLITAN NASHVILLE POLICE DEPT,20150530560,Davidson,Nashville,6/5/2015 6:40:00 AM,1,0,0,36.217800,-86.843080,KINGS LN,,,,505.00,Feet,East,TIMOTHY DR,,,,0.00,N,Not at Intersection,N,Non-Junction,None,,,         ,Alan,Jordan,Clear,Not Collision with Motor Vehicle in Transport,no,no,no,no,no,False
100855683,METROPOLITAN NASHVILLE POLICE DEPT,20150527720,Davidson,Nashville,6/4/2015 1:45:00 PM,2,0,0,36.174860,-86.801570,11TH AVE N,,,,90.00,Feet,North,12TH AVE N,,,,0.00,N,Not at Intersection, ,"Driveway, Alley Access, etc",None,,,         ,Joseph,Cadden,Clear,Angle,no,no,no,no,no,False
100855684,METROPOLITAN NASHVILLE POLICE DEPT,20150530821,Davidson,Nashville,6/5/2015 8:22:00 AM,2,0,0,36.153910,-86.788140,I 40,,,,0.00,,,,,,,209.30,N,Not at Intersection,N,Non-Junction,None,,,         ,Nathan,Kemp,Clear,"Sideswipe, Same Direction",no,no,no,no,no,False
100855691,METROPOLITAN NASHVILLE POLICE DEPT,2015-0530676,Davidson,Nashville,6/5/2015 7:30:00 AM,2,0,0,36.192670,-86.744370,GALLATIN AVE,,,,0.00,,,DOUGLAS AVE,,,,0.00,Y,Four-Way,N,Intersection,None,,,         ,Coleman,Womack,Clear,Angle,no,no,no,no,no,False
100855694,METROPOLITAN NASHVILLE POLICE DEPT,20150527788,Davidson,Madison,6/4/2015 2:10:00 PM,2,0,0,36.263140,-86.699590,E OLD HICKORY BLVD,,,,187.00,Feet,East,HANKINS ST,,,,0.00,N,Not at Intersection,N,Non-Junction,None,,,         ,Brian,Otto,Clear,Angle,no,no,no,no,no,False
100855697,METROPOLITAN NASHVILLE POLICE DEPT,20150530772,Davidson,Nashville,6/5/2015 8:00:00 AM,2,0,0,36.069430,-86.687750,HAYWOOD LN,,,,55.00,Feet,West,EXIT 57,,,,0.00,N,Not at Intersection, ,Non-Junction,None,,,         ,James,Grady,Clear,Front to Rear,no,no,no,no,no,False
100855707,METROPOLITAN NASHVILLE POLICE DEPT,2015-0530650,Davidson,Nashville,6/5/2015 7:20:00 AM,2,0,0,36.167000,-86.763720,SHELBY AVE,,,,0.00,,,S 4TH ST,,,,0.00,Y,T-Intersection, ,,,,,         ,Paul,Sorace,,,no,no,no,no,no,False
100855708,METROPOLITAN NASHVILLE POLICE DEPT,2015-0527506,Davidson,Nashville,6/5/2015 12:40:00 PM,2,0,0,36.200670,-86.776450,I 65,,,,0.00,,,,,,,86.90,N,Not at Intersection, ,Non-Junction,None,,,         ,Coleman,Womack,Clear,"Sideswipe, Same Direction",no,no,no,no,no,False
100855714,GOODLETTSVILLE POLICE DEPT,15-21227,Davidson,Goodlettsville,6/5/2015 9:10:00 AM,2,0,0,36.324740,-86.702420,STATE HWY 174,,,,6.00,Feet,West,NORTHGATE DR,,,,0.00,N,Not at Intersection, ,Non-Junction,None,,,         ,Benny,Alexander,Clear,"Sideswipe, Same Direction",no,no,no,no,no,False
100855715,METROPOLITAN NASHVILLE POLICE DEPT,20150527431,Davidson,Nashville,6/4/2015 12:20:00 PM,1,0,0,36.207380,-86.791940,US HWY 431,,,,242.00,Feet,North,BAPTIST WORLD CENTER DR,,,,0.00,N,Not at Intersection,N,Non-Junction,None,,,         ,Clint,Gilleland,Clear,Not Collision with Motor Vehicle in Transport,no,no,no,no,yes,False
100855721,VANDERBILT UNIVERSITY POLICE,15-0530765,Davidson,Nashville,6/5/2015 7:20:00 AM,2,0,0,36.139160,-86.807010,CHILDRENS WAY,,,,0.00,,,25TH AVE S,,,,0.00,Y,OTHER, ,Non-Junction,None,,,         ,Sean,Hughes,Clear,Front to Rear,no,no,no,yes,no,Campus
100855724,METROPOLITAN NASHVILLE POLICE DEPT,20150531093,Davidson,Nashville,6/5/2015 9:38:00 AM,2,0,0,36.086690,-86.691630,ANTIOCH PIKE,,,,300.00,Feet,South,STATE HWY 255,,,,0.00,N,Not at Intersection, ,"Driveway, Alley Access, etc",None,,,         ,Brian,Lamb,Clear,Angle,no,no,no,no,no,False
100855726,METROPOLITAN NASHVILLE POLICE DEPT,20150530713,Davidson,Nashville,6/5/2015 7:45:00 AM,2,0,0,36.044980,-86.659710,RAMP,,,,0.00,,,I 24,,,,0.00,Y,Four-Way,N,Entrance/Exit Ramp Related,None,,,         ,Todd,Watson,Cloudy,Angle,no,no,no,no,no,False
100855739,METROPOLITAN NASHVILLE POLICE DEPT,2015-0530664,Davidson,Nashville,6/5/2015 7:31:00 AM,2,3,0,36.071160,-86.635350,US HWY 41,,,,166.00,Feet,South,STATE HWY 254,,,,0.00,N,Not at Intersection,N,"Driveway, Alley Access, etc",None,,,         ,William,Whitworth,Clear,Angle,no,no,no,no,no,False
100855742,METROPOLITAN NASHVILLE POLICE DEPT,20150531128,Davidson,Nashville,6/5/2015 9:32:00 AM,2,0,0,36.146370,-86.795140,18TH AVE S,,,,224.00,Feet,South,GRAND AVE,,,,0.00,N,Not at Intersection, ,"Driveway, Alley Access, etc",None,,,         ,David,Anderson,Cloudy,Angle,no,no,no,yes,no,Campus
100855752,METROPOLITAN NASHVILLE POLICE DEPT,2015-0518676,Davidson,Not in City Limit,6/2/2015 8:46:00 AM,2,0,0,36.094150,-86.557610,LONG HUNTER STATE PARK,,,,0.00,,,STATE HWY 171,,,,0.00,Y,T-Intersection,N,Intersection,None,,,         ,Roderic,Williams,Cloudy,HeadOn,no,no,no,no,no,False
100855753,METROPOLITAN NASHVILLE POLICE DEPT,20150531348,Davidson,Nashville,6/5/2015 10:27:00 AM,2,0,0,36.152230,-86.803200,ELLISTON PL,,,,172.00,Feet,West,22ND AVE N,,,,0.00,N,Not at Intersection, ,Non-Junction,None,,,         ,Arthur,Hummell,Clear,Front to Rear,no,no,no,no,no,Campus
100855765,METROPOLITAN NASHVILLE POLICE DEPT,20150531052,Davidson,Nashville,6/5/2015 9:25:00 AM,2,1,0,36.114140,-86.724490,EXIT 54,,,,0.00,,,I 24,,,,0.00,Y,Y-Intersection,N,Entrance/Exit Ramp Related,None,,,         ,Christopher,Hanor,Clear,Angle,no,no,no,no,no,False
100855767,METROPOLITAN NASHVILLE POLICE DEPT,20150531385,Davidson,Nashville,6/5/2015 10:50:00 AM,2,0,0,0.000000,0.000000,OLD HICKORY,BLVD,,,250.00,Feet,East,CHICKERING,CIR,,,0.00,N,Not at Intersection, ,Non-Junction,None,,,         ,Josh,Baney,Clear,Front to Rear,no,no,no,no,no,False
100855770,METROPOLITAN NASHVILLE POLICE DEPT,20150531439,Davidson,Nashville,6/5/2015 10:50:00 AM,2,0,0,36.113060,-86.800010,STATE HWY 155,,,,0.00,,,BELMONT BLVD,,,,0.00,Y,Four-Way, ,Intersection,Construction Zone,,,         ,Justin,Pinkelton,Clear,Angle,no,no,no,no,no,False
100855780,METROPOLITAN NASHVILLE POLICE DEPT,20150531021,Davidson,Nashville,6/5/2015 9:16:00 AM,1,1,0,36.060670,-86.832280,EDENBRIDGE WAY,,,,332.00,Feet,South,OTTER CREEK RD,,,,0.00,N,Not at Intersection,N,Non-Junction,None,,,         ,Nathan,Kemp,Clear,Not Collision with Motor Vehicle in Transport,no,no,no,no,no,False
100855791,METROPOLITAN NASHVILLE POLICE DEPT,2015-0531493,Davidson,Nashville,6/5/2015 11:20:00 AM,2,1,0,36.203750,-86.740050,E TRINITY LN,,,,469.00,Feet,West,GALLATIN PIKE,,,,0.00,N,Not at Intersection,N,Non-Junction,None,,,         ,Coleman,Womack,Clear,Angle,no,no,no,no,no,False
100855823,METROPOLITAN NASHVILLE POLICE DEPT,20150531112,Davidson,Nashville,6/5/2015 9:44:00 AM,2,3,0,36.155690,-86.761190,-- UNKNOWN RAMP/ROAD --,,,,0.00,,,I 24,,,,0.00,Y,OTHER,N,Unknown,None,,,         ,Bryan,Birdwell,Clear,"Sideswipe, Same Direction",no,no,no,no,no,False
100855836,METROPOLITAN NASHVILLE POLICE DEPT,20150531823,Davidson,Nashville,6/5/2015 1:15:00 PM,2,0,0,36.074800,-86.634640,ANDERSON RD,,,,0.00,,,RAMP,,,,0.00,Y,T-Intersection, ,Intersection,None,,,         ,Kenneth,Alexandrow,Clear,"Sideswipe, Same Direction",no,no,no,no,no,False
100855837,METROPOLITAN NASHVILLE POLICE DEPT,20150531804,Davidson,Antioch,6/5/2015 1:23:00 PM,2,0,0,36.026420,-86.615560,STATE HWY 171,,,,1647.00,Feet,South,LOGISTICS WAY,,,,0.00,N,Not at Intersection, ,,None,,,         ,Steven,Snitzer,,,no,no,no,no,no,False
100855840,METROPOLITAN NASHVILLE POLICE DEPT,20150531960,Davidson,Nashville,6/5/2015 1:52:00 PM,1,1,0,36.239230,-86.776990,STATE HWY 155,,,,203.00,Feet,East,EXIT 17,,,,0.00,N,Not at Intersection,N,Non-Junction,None,,,         ,Brian,Otto,Clear,Not Collision with Motor Vehicle in Transport,no,no,no,no,no,False
100855846,METROPOLITAN NASHVILLE POLICE DEPT,20150516102,Davidson,Nashville,6/1/2015 3:20:00 PM,2,0,0,36.067950,-86.688110,I 24,,,,0.00,,,,,,,57.15,N,Not at Intersection,N,Non-Junction,None,,,         ,Alejandro,Ramos,Clear,Front to Rear,no,no,no,no,no,False
100855857,METROPOLITAN NASHVILLE POLICE DEPT,20150506333,Davidson,Nashville,5/29/2015 4:21:00 PM,2,0,0,36.206650,-86.778390,US HWY 431,,,,0.00,,,HAMPTON ST,,,,0.00,Y,T-Intersection,N,Intersection,None,,,         ,Christopher,Kelly,Rain,Angle,no,no,no,no,no,False
100855858,METROPOLITAN NASHVILLE POLICE DEPT,20150509712,Davidson,Nashville,5/30/2015 2:15:00 PM,2,0,0,36.231600,-86.781520,EWING DR,,,,0.00,,,BRICK CHURCH PIKE,,,,0.00,Y,Four-Way,N,Intersection,None,,,         ,Christopher,Kelly,Clear,Front to Rear,no,no,no,no,yes,False
100855865,METROPOLITAN NASHVILLE POLICE DEPT,2015-0531605,Davidson,Nashville,6/5/2015 11:56:00 AM,2,3,0,36.059860,-86.667750,UNA ANTIOCH PIKE,,,,281.00,Feet,West,MOSS RD,,,,0.00,N,Not at Intersection,N,Non-Junction,None,,,         ,William,Whitworth,Clear,"Sideswipe, Opposite Direction",no,no,no,no,no,False
100855894,METROPOLITAN NASHVILLE POLICE DEPT,20150509645,Davidson,Not in City Limit,5/30/2015 3:03:00 PM,2,0,0,36.257670,-86.738240,I 65,,,,0.00,,,,,,,91.80,N,Not at Intersection, ,Non-Junction,None,,,         ,Rodney,Phipps,Clear,"Sideswipe, Same Direction",no,no,no,no,no,False
100855897,METROPOLITAN NASHVILLE POLICE DEPT,20150510181,Davidson,Not in City Limit,5/30/2015 6:48:00 PM,2,2,0,36.266920,-86.710890,DUPONT AVE,,,,0.00,,,US HWY 31E,,,,0.00,Y,Four-Way,N,Intersection,None,,,         ,Ryan,Sabel,Clear,Angle,no,no,no,no,no,False
100855898,METROPOLITAN NASHVILLE POLICE DEPT,20150531061,Davidson,Nashville,6/5/2015 9:15:00 AM,3,0,0,36.041960,-86.824870,STATE HWY 254,,,,30.00,Feet,West,RIVER OAKS RD,,,,0.00,N,Not at Intersection, ,Non-Junction,None,,,         ,Reuben,Hewit,Clear,Front to Rear,no,no,no,no,no,False
100855900,METROPOLITAN NASHVILLE POLICE DEPT,20150532132,Davidson,Nashville,6/5/2015 2:33:00 PM,2,1,0,36.150500,-86.770340,US HWY 31 ALT,,,,0.00,,,RAMP,,,,0.00,Y,OTHER,N,Non-Junction,None,,,         ,Paul,Goebel,Clear,Angle,no,no,no,no,yes,False
100855902,METROPOLITAN NASHVILLE POLICE DEPT,20150529233,Davidson,Nashville,6/4/2015 9:16:00 PM,3,1,0,36.172960,-86.765450,US HWY 31W,,,,56.00,Feet,North,US HWY 31,,,,0.00,N,Not at Intersection,Y,Non-Junction,None,,,         ,Kevin,Reynolds,Clear,"Sideswipe, Same Direction",no,no,no,no,no,False
100855917,METROPOLITAN NASHVILLE POLICE DEPT,20150532213,Davidson,Nashville,6/5/2015 2:58:00 PM,2,0,0,36.037510,-86.786520,US HWY 31,,,,0.00,,,STATE HWY 254,,,,0.00,Y,T-Intersection, ,Intersection,None,,,         ,Mekisha,Page,Clear,Angle,no,no,no,no,no,False
100855938,METROPOLITAN NASHVILLE POLICE DEPT,20150532182,Davidson,Not in City Limit,6/5/2015 3:21:00 PM,1,1,0,36.283900,-86.718440,N GRAYCROFT AVE,,,,0.00,,,STAR BLVD,,,,0.00,Y,T-Intersection,N,Intersection,None,,,         ,Ryan,Allen,Clear,Not Collision with Motor Vehicle in Transport,no,no,no,no,no,False
100855939,GOODLETTSVILLE POLICE DEPT,15-21290,Davidson,Goodlettsville,6/5/2015 3:40:00 PM,2,0,0,36.312250,-86.675070,STATE HWY 386,,,,1145.00,Feet,West,EXIT 2,,,,0.00,N,Not at Intersection, ,Non-Junction,None,,,         ,Benny,Alexander,Cloudy,"Sideswipe, Same Direction",no,no,no,no,no,False
100855941,METROPOLITAN NASHVILLE POLICE DEPT,20150532120,Davidson,Antioch,6/5/2015 2:54:00 PM,2,0,0,36.069240,-86.600870,BELLE OAKS PL,,,,19.00,Feet,West,BELLE OAKS DR,,,,0.00,N,Not at Intersection, ,Non-Junction,None,,,         ,Joseph,Progar,Cloudy,"Sideswipe, Same Direction",no,no,no,no,no,False
100855944,METROPOLITAN NASHVILLE POLICE DEPT,20150532324,Davidson,Nashville,6/5/2015 3:39:00 PM,2,0,0,36.134230,-86.801090,FAIRFAX AVE,,,,0.00,,,US HWY 431,,,,0.00,Y,T-Intersection, ,,None,,,         ,Charles,Griffin,,,no,no,no,no,no,False
100855951,METROPOLITAN NASHVILLE POLICE DEPT,20150532149,Davidson,Nashville,6/5/2015 3:14:00 PM,2,0,0,36.134310,-86.780670,WEDGEWOOD AVE,,,,0.00,,,BEECH AVE,,,,0.00,Y,Four-Way, ,Intersection,None,,,         ,Megan,Lamon,Clear,Front to Rear,no,no,no,no,no,False
100855952,METROPOLITAN NASHVILLE POLICE DEPT,20150532348,Davidson,Nashville,6/5/2015 4:07:00 PM,2,0,0,36.158310,-86.760390,I 24,,,,0.00,,,,,,,49.60,N,Not at Intersection, ,Non-Junction,None,,,         ,MIchael,Mihajlov,Clear,Front to Rear,no,no,no,no,no,False
100855965,METROPOLITAN NASHVILLE POLICE DEPT,20150532233,Davidson,Nashville,6/5/2015 12:00:00 AM,2,0,0,36.232710,-86.784250,I 24,,,,0.00,,,,,,,43.95,N,Not at Intersection, ,Non-Junction,Construction Zone,,,         ,Larry,Preuett,Clear,Angle,no,no,no,no,no,False
100855973,METROPOLITAN NASHVILLE POLICE DEPT,20150532523,Davidson,Nashville,6/5/2015 4:49:00 PM,2,0,0,36.141260,-86.776480,I 65,,,,0.00,,,,,,,81.90,N,Not at Intersection,N,Non-Junction,None,,,         ,Mekisha,Page,Clear,Front to Rear,no,no,no,no,no,False
100855975,THP District 8 - Jackson,315028919,Davidson,Nashville,6/3/2015 4:53:00 PM,2,0,0,36.154480,-86.832890,I 40,,,,0.00,,,,,,,205.35,N,Not at Intersection, ,Non-Junction,None,,,         ,Dwayne,Stanford,Clear,Front to Rear,no,no,no,no,no,False
100855977,METROPOLITAN NASHVILLE POLICE DEPT,20150532031,Davidson,Nashville,6/5/2015 2:25:00 PM,2,0,0,36.151830,-86.768610,-- UNKNOWN RAMP/ROAD --,,,,0.00,,,I 40,,,,0.00,Y,Four-Way,N,Non-Junction,None,,,         ,Aaron,Thomas,Clear,Angle,no,no,no,no,no,False
100855991,METROPOLITAN NASHVILLE POLICE DEPT,20150532172,Davidson,Nashville,6/5/2015 3:21:00 PM,1,0,0,36.130390,-86.695130,STATE HWY 155,,,,885.00,Feet,North,KENTON PL,,,,0.00,N,Not at Intersection,N,Non-Junction,None,,,         ,Michael,Apsey,Clear,Not Collision with Motor Vehicle in Transport,no,no,no,no,no,False
100855995,METROPOLITAN NASHVILLE POLICE DEPT,20150532668,Davidson,Nashville,6/5/2015 5:18:00 PM,2,0,0,36.182820,-86.798120,-- UNKNOWN RAMP/ROAD --,,,,0.00,,,I 65,,,,0.00,Y,Y-Intersection, ,,,,,         ,Allen,Hall,,,no,no,no,no,no,False
100856009,METROPOLITAN NASHVILLE POLICE DEPT,20150532076,Davidson,Nashville,6/5/2015 3:00:00 PM,2,0,0,36.070020,-86.698560,HAYWOOD LN,,,,69.00,Feet,East,EAST RIDGE DR,,,,0.00,N,Not at Intersection, ,Non-Junction,None,,,         ,Jessie,Meadows,Clear,Front to Rear,no,no,no,no,no,False
100856010,METROPOLITAN NASHVILLE POLICE DEPT,20150532217,Davidson,Nashville,6/5/2015 3:48:00 PM,2,0,0,36.135660,-86.726720,I 24,,,,0.00,,,,,,,52.20,N,Not at Intersection,N,Non-Junction,None,,,         ,Jessie,Meadows,Clear,Front to Rear,no,no,no,no,no,False
100856011,METROPOLITAN NASHVILLE POLICE DEPT,20150532432,Davidson,Nashville,6/5/2015 4:38:00 PM,2,0,0,36.126570,-86.711320,E THOMPSON LN,,,,28.00,Feet,East,RAMP,,,,0.00,N,Not at Intersection,N,Non-Junction,None,,,         ,Jessie,Meadows,Clear,Front to Rear,no,no,no,no,yes,False
100856012,METROPOLITAN NASHVILLE POLICE DEPT,20150532632,Davidson,Nashville,6/5/2015 5:34:00 PM,2,0,0,36.110530,-86.741100,STATE HWY 155,,,,121.00,Feet,West,SIMMONS AVE,,,,0.00,N,Not at Intersection,N,Non-Junction,None,,,         ,Jessie,Meadows,Clear,Front to Rear,no,no,no,no,yes,False
100856013,METROPOLITAN NASHVILLE POLICE DEPT,20150532784,Davidson,Nashville,6/5/2015 6:09:00 PM,3,2,0,36.088510,-86.690140,STATE HWY 255,,,,634.00,Feet,West,EZELL PIKE,,,,0.00,N,Not at Intersection,N,Non-Junction,None,,,         ,Jessie,Meadows,Clear,Front to Rear,no,no,no,no,no,False
100856014,METROPOLITAN NASHVILLE POLICE DEPT,20150532740,Davidson,Nashville,6/5/2015 5:37:00 PM,2,0,0,36.121680,-86.762290,I 440,,,,0.00,,,,,,,5.65,N,Not at Intersection,N,Non-Junction,None,,,         ,Mekisha,Page,Clear,Angle,no,no,no,no,no,False
100856020,METROPOLITAN NASHVILLE POLICE DEPT,20150532663,Davidson,Nashville,6/5/2015 5:27:00 PM,3,3,0,36.115810,-86.781430,I 440,,,,0.00,,,,,,,4.45,N,Not at Intersection,N,Non-Junction,None,,,         ,Nicholas,Smith,Clear,Front to Rear,no,no,no,no,no,False
100856023,METROPOLITAN NASHVILLE POLICE DEPT,20150532230,Davidson,Nashville,6/5/2015 3:30:00 PM,2,0,0,36.152680,-86.765740,I 40,,,,0.00,,,,,,,210.65,N,Not at Intersection,N,Non-Junction,None,,,         ,Sarah,Hartman,Clear,Front to Rear,no,no,no,no,no,False
100856036,METROPOLITAN NASHVILLE POLICE DEPT,20150520174,Davidson,Nashville,6/2/2015 4:36:00 PM,2,1,0,36.148920,-86.746650,EXIT 212,,,,0.00,,,I 40,,,,0.00,Y,OTHER,N,Non-Junction,None,,,         ,Sarah,Hartman,Clear,Front to Rear,no,no,no,no,yes,False
100856038,METROPOLITAN NASHVILLE POLICE DEPT,20150532698,Davidson,Nashville,6/5/2015 5:25:00 PM,2,0,0,36.063670,-86.629680,HAMILTON CHURCH RD,,,,481.00,Feet,North,HAMILTON XIN,,,,0.00,N,Not at Intersection,N,Non-Junction,None,,,         ,Jason,Door,Clear,Angle,no,no,no,no,no,False
100856039,VANDERBILT UNIVERSITY POLICE,15-532987,Davidson,Nashville,6/5/2015 12:00:00 AM,2,0,0,36.142150,-86.805420,HIGHLAND AVE,,,,380.00,Feet,East,25TH AVE S,,,,0.00,N,Not at Intersection,N,Non-Junction,None,,,         ,Matthew,Neely,Clear,Unknown,no,no,no,yes,yes,Campus
100856044,METROPOLITAN NASHVILLE POLICE DEPT,20150532876,Davidson,Nashville,6/5/2015 6:12:00 PM,2,0,0,36.080510,-86.645620,US HWY 41,,,,429.00,Feet,South,SCOTT VALLEY DR,,,,0.00,N,Not at Intersection,N,Non-Junction,None,,,         ,Natalie,Robinson,Clear,HeadOn,no,no,no,no,no,False
100856045,METROPOLITAN NASHVILLE POLICE DEPT,20150533105,Davidson,Nashville,6/5/2015 7:52:00 PM,2,0,0,36.120000,-86.752450,KLINE AVE,,,,0.00,,,MELROSE AVE,,,,0.00,Y,T-Intersection, ,Intersection,Maintenance Zone,,,         ,Mekisha,Page,Clear,Angle,no,no,no,no,no,False
100856054,METROPOLITAN NASHVILLE POLICE DEPT,20150533005,Davidson,Nashville,6/5/2015 7:22:00 PM,2,0,0,36.185300,-86.636110,RAMP,,,,0.00,,,US HWY 70,,,,0.00,Y,T-Intersection, ,Intersection-Related,None,,,         ,Felipe,Pereira,Clear,Front to Rear,no,no,no,no,no,False
100856055,METROPOLITAN NASHVILLE POLICE DEPT,20150512749,Davidson,Nashville,5/31/2015 4:53:00 PM,2,2,0,36.153060,-86.622970,BELL RD,,,,636.00,Feet,East,STEWARTS FERRY PIKE,,,,0.00,N,Not at Intersection,N,Non-Junction,None,,,         ,Sarah,Hartman,Rain,HeadOn,no,no,no,no,no,False
100856060,METROPOLITAN NASHVILLE POLICE DEPT,20150532977,Davidson,Not in City Limit,6/5/2015 6:25:00 PM,2,1,0,36.256300,-86.757900,DUE WEST AVE N,,,,0.00,,,US HWY 31W,,,,0.00,Y,T-Intersection,N,Intersection-Related,None,,,         ,Ryan,Allen,Clear,Front to Rear,no,no,no,no,yes,False
100856064,METROPOLITAN NASHVILLE POLICE DEPT,20150532884,Davidson,Nashville,6/5/2015 6:00:00 PM,2,0,0,36.082840,-86.698180,I 24,,,,0.00,,,,,,,56.00,N,Not at Intersection,N,Non-Junction,None,,,         ,Jarret,Sonnenberg,Clear,"Sideswipe, Same Direction",no,no,no,no,no,False
100856075,METROPOLITAN NASHVILLE POLICE DEPT,20150532738,Davidson,Nashville,6/5/2015 5:09:00 PM,2,2,0,36.203500,-86.735300,BRONTE AVE,,,,0.00,,,LELAND AVE,,,,0.00,Y,T-Intersection,N,Intersection,None,,,         ,Robert,Croteau,Clear,Angle,no,no,no,no,no,False
100856076,METROPOLITAN NASHVILLE POLICE DEPT,20150533307,Davidson,Nashville,6/5/2015 7:09:00 PM,2,0,0,36.166630,-86.751330,S 11TH ST,,,,200.00,Feet,North,DEW ST,,,,0.00,N,Not at Intersection, ,Non-Junction,None,,,         ,Joshua,Murray,Clear,Angle,no,no,no,yes,yes,False
100856090,METROPOLITAN NASHVILLE POLICE DEPT,20150531958,Davidson,Nashville,6/5/2015 1:49:00 PM,2,0,0,36.188660,-86.822700,US HWY 41 ALT,,,,594.00,Feet,North,ED TEMPLE BLVD,,,,0.00,N,Not at Intersection, ,Non-Junction,None,,,         ,Ky,Luu,Clear,Angle,no,no,no,no,no,False
100856093,METROPOLITAN NASHVILLE POLICE DEPT,20150532340,Davidson,Nashville,6/5/2015 4:00:00 PM,2,0,0,36.205850,-86.768570,E TRINITY LN,,,,0.00,,,US HWY 31W,,,,0.00,Y,Four-Way, ,Intersection-Related,None,,,         ,Jarred,Ruhlman,Clear,Front to Rear,no,no,no,no,no,False
100856094,METROPOLITAN NASHVILLE POLICE DEPT,20150533363,Davidson,Nashville,6/5/2015 7:56:00 PM,2,0,0,36.141940,-86.641880,ELM HILL PIKE,,,,156.00,Feet,West,PATIO DR,,,,0.00,N,Not at Intersection, ,,,,,         ,Brandon,Vance,,,no,no,no,no,no,False
100856097,METROPOLITAN NASHVILLE POLICE DEPT,20150533386,Davidson,Nashville,6/5/2015 12:00:00 AM,2,0,0,36.112440,-86.753210,EUGENIA AVE,,,,691.00,Feet,South,CRUZEN ST,,,,0.00,N,Not at Intersection,N,Non-Junction,None,,,         ,Ryan,Allen,Clear,Front to Rear,no,no,no,yes,yes,False