master_record_number,agency,agency_tracking_number,county,city,collision_date,vehicles_involved,number_injured,number_dead,latitude,longitude,roadway_name,roadway_suffix,roadway_number,roadway_local_id,distance_from_reference,miles-feet_indicator,direction_from_reference,intersection_road_name,intersection_road_name_suffix,intersection_road_number,intersection_local_id,mile_marker,intersection_indicator,intersect_type,interchange_related_indicator,relation_to_junction,work_zone_type,construction_maintenance_zone,construction_maintenance_zone_location,fatal_case_number,officer_first_name,officer_last_name,weather_condition(s),manner_of_crash,pedestrian,bicycle,scooter,parking,hitrun,mou
100859223,METROPOLITAN NASHVILLE POLICE DEPT,20150539003,Davidson,Nashville,6/7/2015 7:00:00 PM,2,0,0,36.152080,-86.851190,53RD AVE N,,,,84.00,Feet,North,US HWY 70,,,,0.00,N,Not at Intersection, ,Non-Junction,None,,,         ,Torian,Cox,Clear,Angle,no,no,no,no,no,False
100859231,GOODLETTSVILLE POLICE DEPT,15-22110,Davidson,Goodlettsville,6/11/2015 4:20:00 PM,2,0,0,36.333522,-86.717026,DICKERSON,PIKE,SR31W/41,,200.00,Feet,South,FANNIN,DR,,,0.00,N,Not at Intersection,N,Non-Junction,None,,,         ,Charles,Hauskin,Clear,"Sideswipe, Same Direction",no,no,no,no,yes,False
100859234,METROPOLITAN NASHVILLE POLICE DEPT,20150555207,Davidson,Nashville,6/11/2015 5:50:00 PM,2,0,0,36.110930,-86.725490,E THOMPSON LN,,,,342.00,Feet,West,WILLOW BROOK DR,,,,0.00,N,Not at Intersection,N,Non-Junction,None,,,         ,William,Durham,Clear,"Sideswipe, Same Direction",no,no,no,yes,yes,False
100859238,METROPOLITAN NASHVILLE POLICE DEPT,20150554144,Davidson,Nashville,6/11/2015 3:00:00 PM,2,0,0,36.179220,-86.807130,14TH AVE N,,,,388.00,Feet,South,BUCHANAN ST,,,,0.00,N,Not at Intersection, ,,None,,,         ,Michael,Brooks,,,no,no,no,no,no,False
100859239,METROPOLITAN NASHVILLE POLICE DEPT,20150554281,Davidson,Nashville,6/11/2015 3:40:00 PM,2,0,0,36.215510,-86.775370,I 65,,,,0.00,,,,,,,88.00,N,Not at Intersection, ,,Construction Zone,,,         ,Michael,Brooks,,,no,no,no,no,no,False
100859240,METROPOLITAN NASHVILLE POLICE DEPT,20150555031,Davidson,Nashville,6/11/2015 6:39:00 PM,1,0,0,36.227830,-86.810610,US HWY 431,,,,1936.00,Feet,North,KNIGHT DR,,,,0.00,N,Not at Intersection,N,Non-Junction,None,,,         ,Michael,Brooks,Clear,Not Collision with Motor Vehicle in Transport,no,no,no,no,no,False
100859241,METROPOLITAN NASHVILLE POLICE DEPT,20150555442,Davidson,Not in City Limit,6/11/2015 8:32:00 PM,2,0,0,36.265710,-86.830850,STATE HWY 45,,,,0.00,,,US HWY 431,,,,0.00,Y,Four-Way,Y,Intersection,None,,,         ,Michael,Brooks,Clear,Angle,no,no,no,no,no,False
100859245,METROPOLITAN NASHVILLE POLICE DEPT,20150555427,Davidson,Antioch,6/11/2015 8:28:00 PM,2,0,0,36.061590,-86.614500,GOODWILL,,,,0.00,,,MOUNTAIN SPRINGS RD,,,,0.00,,,N,Non-Junction,None,,,         ,William,Durham,Clear,"Sideswipe, Same Direction",no,no,no,yes,yes,False
100859254,GOODLETTSVILLE POLICE DEPT,15-22111,Davidson,Goodlettsville,6/11/2015 5:24:00 PM,2,0,0,36.332327,-86.716093,DICKERSON,PIKE,SR31W/41,,1000.00,Feet,South,FANNIN,DR,,,0.00,N,Not at Intersection,N,Non-Junction,None,,,         ,Charles,Hauskin,Clear,Front to Rear,no,no,no,no,yes,False
100859274,METROPOLITAN NASHVILLE POLICE DEPT,414-90-1056,Davidson,Nashville,6/11/2015 9:24:00 PM,2,2,0,36.052870,-86.687440,TUSCULUM RD,,,,0.00,,,OCALA DR,,,,0.00,Y,Four-Way,Y,Intersection,None,,,         ,David,Collins,Clear,HeadOn,no,no,no,no,yes,False
100859285,METROPOLITAN NASHVILLE POLICE DEPT,20150554570,Davidson,Nashville,6/11/2015 4:19:00 PM,2,0,0,36.169060,-86.772200,S 1ST ST,,,,0.00,,,WOODLAND ST,,,,0.00,Y,Four-Way, ,Non-Junction,None,,,         ,Ethan,Luffman,Clear,Angle,no,no,no,no,no,False
100859286,METROPOLITAN NASHVILLE POLICE DEPT,20150555848,Davidson,Nashville,6/11/2015 10:15:00 PM,2,0,0,36.232120,-86.813910,US HWY 431,,,,338.00,Feet,South,STATE HWY 155,,,,0.00,N,Not at Intersection, ,Non-Junction,None,,,         ,Eric,Mumaw,Clear,Front to Rear,no,no,no,no,no,False
100859289,METROPOLITAN NASHVILLE POLICE DEPT,20150556047,Davidson,Nashville,6/11/2015 11:45:00 PM,2,0,0,36.040180,-86.650320,I 24,,,,0.00,,,,,,,60.00,N,Not at Intersection, ,Non-Junction,None,,,         ,Steven,Williams,Clear,Angle,no,no,no,no,yes,False
100859298,METROPOLITAN NASHVILLE POLICE DEPT,20150556051,Davidson,Nashville,6/11/2015 11:12:00 PM,2,0,0,36.176020,-86.766470,US HWY 31W,,,,74.00,Feet,West,US HWY 31E,,,,0.00,N,Not at Intersection,N,Non-Junction,None,,,         ,Steven,Wiser,Clear,"Sideswipe, Same Direction",no,no,no,no,yes,False
100859299,METROPOLITAN NASHVILLE POLICE DEPT,20150555871,Davidson,Nashville,6/12/2015 10:50:00 PM,2,0,0,36.160770,-86.793680,US HWY 70,,,,0.00,,,EXIT 209,,,,0.00,Y,Four-Way, ,Intersection,None,,,         ,Charles,Wingo,Clear,Front to Rear,no,no,no,no,no,False
100859313,METROPOLITAN NASHVILLE POLICE DEPT,20150556099,Davidson,Nashville,6/11/2015 11:30:00 PM,2,1,0,36.074660,-86.678030,WAIKIKI BLVD,,,,0.00,,,TROPIC ISLE CT,,,,0.00,Y,T-Intersection,N,Non-Junction,None,,,         ,Steven,Williams,Clear,Angle,no,no,no,no,yes,False
100859351,METROPOLITAN NASHVILLE POLICE DEPT,20150556955,Davidson,Nashville,6/12/2015 5:00:00 AM,3,0,0,36.137570,-86.800760,BLAKEMORE AVE,,,,0.00,,,US HWY 431,,,,0.00,Y,Four-Way,Y,Intersection,None,,,         ,Charles,Wingo,Clear,Angle,no,no,no,no,no,Campus
100859360,METROPOLITAN NASHVILLE POLICE DEPT,20150549553,Davidson,Nashville,6/10/2015 12:18:00 PM,2,0,0,36.187950,-86.607710,ANDREW JACKSON PKWY,,,,0.00,,,OLD LEBANON DIRT RD,,,,0.00,Y,Four-Way, ,Intersection,None,,,         ,James,Curtis,Clear,Front to Rear,no,no,no,no,no,False
100859376,METROPOLITAN NASHVILLE POLICE DEPT,20150557076,Davidson,Nashville,6/12/2015 6:00:00 AM,1,0,0,36.044400,-86.780380,I 65,,,,0.00,,,,,,,75.00,N,Not at Intersection, ,Non-Junction,None,,,         ,Gilbert,Mana,Clear,Not Collision with Motor Vehicle in Transport,no,no,no,no,no,False
100859384,METROPOLITAN NASHVILLE POLICE DEPT,20150550165,Davidson,Nashville,6/10/2015 3:49:00 PM,2,2,0,36.220570,-86.719820,GREENLAND AVE,,,,1500.00,Feet,West,KENNEDY AVE,,,,0.00,N,Not at Intersection,N,Non-Junction,None,,,         ,Whitney,Arnold,Clear,Front to Rear,no,no,no,no,no,False
100859385,METROPOLITAN NASHVILLE POLICE DEPT,20150546591,Davidson,Nashville,6/9/2015 7:21:00 PM,2,0,0,36.233610,-86.724810,RAMP,,,,0.00,,,GALLATIN PIKE,,,,0.00,Y,Four-Way, ,,None,,,         ,Whitney,Arnold,,,no,no,no,no,no,False
100859406,METROPOLITAN NASHVILLE POLICE DEPT,20150557164,Davidson,Nashville,6/12/2015 7:10:00 AM,2,0,0,36.125400,-86.733450,I 440,,,,0.00,,,,,,,7.20,N,Not at Intersection, ,,,,,         ,Jessica,Johnson,,,no,no,no,no,no,False
100859408,METROPOLITAN NASHVILLE POLICE DEPT,20150557148,Davidson,Nashville,6/12/2015 7:11:00 AM,2,0,0,36.165100,-86.779670,UNION ST,,,,50.00,Feet,East,4TH AVE N,,,,0.00,N,Not at Intersection, ,Non-Junction,None,,,         ,Frank,Campbell,Clear,"Sideswipe, Same Direction",no,no,no,no,no,False
100859410,METROPOLITAN NASHVILLE POLICE DEPT,2015-0557261,Davidson,Not in City Limit,6/12/2015 7:55:00 AM,3,0,0,36.034550,-86.975330,STATE HWY 100,,,,147.00,Feet,East,NATCHEZ TRACE PKWY,,,,0.00,N,Not at Intersection,N,Non-Junction,None,,,         ,Curtis,Rich,Cloudy,Front to Rear,no,no,no,no,no,False
100859413,METROPOLITAN NASHVILLE POLICE DEPT,2015-0557360,Davidson,Nashville,6/12/2015 8:25:00 AM,2,0,0,36.098160,-86.873930,US HWY 70S,,,,403.00,Feet,East,OLD HARDING RD,,,,0.00,N,Not at Intersection, ,Non-Junction,None,,,         ,Benjamin,Cantrell,Clear,Front to Rear,no,no,no,no,no,False
100859426,METROPOLITAN NASHVILLE POLICE DEPT,20150553170,Davidson,Nashville,6/11/2015 9:30:00 AM,2,1,0,36.110640,-86.771830,STATE HWY 155,,,,145.00,Feet,West,RAMP,,,,0.00,N,Not at Intersection,N,Non-Junction,None,,,         ,Jessica,Johnson,Clear,Front to Rear,no,no,no,no,no,False
100859430,METROPOLITAN NASHVILLE POLICE DEPT,2015-0557488,Davidson,Nashville,6/12/2015 8:59:00 AM,2,0,0,36.130250,-86.899860,US HWY 70,,,,0.00,,,RAMP,,,,0.00,Y,T-Intersection, ,Intersection,None,,,         ,Curtis,Rich,Cloudy,Front to Rear,no,no,no,no,no,False
100859431,METROPOLITAN NASHVILLE POLICE DEPT,20150557315,Davidson,Not in City Limit,6/12/2015 8:18:00 AM,1,0,0,36.274700,-86.832850,US HWY 431,,,,0.63,Miles,North,OLD HICKORY BLVD,,,,0.00,N,Not at Intersection,N,Non-Junction,None,,,         ,Clint,Gilleland,Clear,Not Collision with Motor Vehicle in Transport,no,no,no,no,no,False
100859434,METROPOLITAN NASHVILLE POLICE DEPT,2015-0556237,Davidson,Nashville,6/12/2015 12:30:00 AM,2,0,0,36.086600,-86.731350,ELYSIAN FIELDS RD,,,,350.00,Feet,West,ELYSIAN FIELDS CT,,,,0.00,N,Not at Intersection,N,OtherLocation,None,,,         ,Brian,Murphy,Clear,Rear to Side,no,no,no,yes,yes,False
100859436,METROPOLITAN NASHVILLE POLICE DEPT,20150557240,Davidson,Nashville,6/12/2015 7:50:00 AM,2,0,0,36.142320,-86.734930,I 40,,,,0.00,,,,,,,212.80,N,Not at Intersection, ,,None,,,         ,James,Curtis,,,no,no,no,no,no,False
100859438,METROPOLITAN NASHVILLE POLICE DEPT,20150557113,Davidson,Antioch,6/12/2015 6:30:00 AM,2,0,0,36.048780,-86.613020,MURFREESBORO,PIKE,US3532,,0.00,,,MT VIEW,,US,,0.00,Y,T-Intersection, ,Intersection-Related,None,,,         ,Julius,Gallon,Clear,Front to Rear,no,no,no,no,no,False
100859453,METROPOLITAN NASHVILLE POLICE DEPT,20150557535,Davidson,Nashville,6/12/2015 9:30:00 AM,2,0,0,36.084730,-86.647630,US HWY 41,,,,407.00,Feet,North,BROOKSBORO TER,,,,0.00,N,Not at Intersection, ,,,,,         ,Brian,Ewing,,,no,no,no,no,no,False
100859463,METROPOLITAN NASHVILLE POLICE DEPT,2015-0553985,Davidson,Nashville,6/11/2015 1:55:00 PM,3,1,0,36.160140,-86.760460,I 24,,,,0.00,,,,,,,49.45,N,Not at Intersection,N,Non-Junction,None,,,         ,Daniel,Massey,Clear,Front to Rear,no,no,no,no,no,False
100859471,METROPOLITAN NASHVILLE POLICE DEPT,20150557583,Davidson,Nashville,6/12/2015 9:50:00 AM,2,0,0,36.159290,-86.782310,US HWY 31,,,,391.00,Feet,South,COMMERCE ST,,,,0.00,N,Not at Intersection, ,Non-Junction,None,,,         ,Joshua,Hollins,Clear,Front to Rear,no,no,no,no,no,False
100859472,METROPOLITAN NASHVILLE POLICE DEPT,15-0557638,Davidson,Nashville,6/12/2015 10:10:00 AM,1,0,0,36.154770,-86.779420,US HWY 41,,,,0.00,,,US HWY 31,,,,0.00,Y,Traffic Circle, ,Intersection-Related,None,,,         ,Rickie,Corman,Clear,Not Collision with Motor Vehicle in Transport,no,no,no,no,no,False
100859473,METROPOLITAN NASHVILLE POLICE DEPT,20150557501,Davidson,Nashville,6/12/2015 9:24:00 AM,2,1,0,36.132380,-86.719290,US HWY 41,,,,0.00,,,WILHAGAN RD,,,,0.00,Y,T-Intersection,N,Intersection,None,,,         ,Megan,Arnett,Clear,Angle,no,no,no,no,no,False
100859477,METROPOLITAN NASHVILLE POLICE DEPT,20150557616,Davidson,Not in City Limit,6/12/2015 9:50:00 AM,2,0,0,36.331710,-86.869730,US HWY 431,,,,1765.00,Feet,South,MORGAN RD,,,,0.00,N,Not at Intersection,N,Non-Junction,None,,,         ,Clint,Gilleland,Clear,Front to Rear,no,no,no,no,no,False
100859493,METROPOLITAN NASHVILLE POLICE DEPT,20150557584,Davidson,Nashville,6/12/2015 10:10:00 AM,2,0,0,36.242630,-86.757020,DOVERSIDE DR,,,,0.00,,,US HWY 31W,,,,0.00,Y,Four-Way, ,Non-Junction,None,,,         ,Jeffery,Burnette,Cloudy,"Sideswipe, Same Direction",no,no,no,no,no,False
100859495,METROPOLITAN NASHVILLE POLICE DEPT,20150557651,Davidson,Nashville,6/12/2015 10:00:00 AM,2,0,0,36.134300,-86.726940,-- UNKNOWN RAMP/ROAD --,,,,0.00,,,I 24,,,,0.00,Y,OTHER, ,Entrance/Exit Ramp Related,None,,,         ,Brian,Murphy,Cloudy,Front to Rear,no,no,no,no,no,False
100859498,METROPOLITAN NASHVILLE POLICE DEPT,2015-0557340,Davidson,Nashville,6/12/2015 8:30:00 AM,2,0,0,36.172040,-86.767810,EXIT 48,,,,0.00,,,US HWY 31,,,,0.00,Y,Traffic Circle,Y,Entrance/Exit Ramp Related,None,,,         ,Coleman,Womack,Clear,"Sideswipe, Same Direction",no,no,no,no,no,False
100859502,THP District 9 - Administrative,315030433,Davidson,Not in City Limit,6/12/2015 9:01:00 AM,2,0,0,36.095250,-86.707280,I 24,,,,0.00,,,,,,,55.00,N,Not at Intersection, ,Non-Junction,None,,,         ,Michael,Morgan,Clear,Front to Rear,no,no,no,no,no,False
100859507,METROPOLITAN NASHVILLE POLICE DEPT,20150557728,Davidson,Nashville,6/12/2015 10:38:00 AM,2,0,0,36.194950,-86.776160,I 65,,,,0.00,,,,,,,86.50,N,Not at Intersection, ,Entrance/Exit Ramp Related,None,,,         ,Michael,McCord,Clear,"Sideswipe, Same Direction",no,no,no,no,no,False
100859521,METROPOLITAN NASHVILLE POLICE DEPT,20150557972,Davidson,Nashville,6/12/2015 11:46:00 AM,2,0,0,36.110990,-86.746200,STATE HWY 155,,,,98.00,Feet,West,RAMP,,,,0.00,N,Not at Intersection, ,Non-Junction,None,,,         ,Nathan,Kemp,Clear,Angle,no,no,no,no,no,False
100859533,METROPOLITAN NASHVILLE POLICE DEPT,20150545472,Davidson,Nashville,6/8/2015 10:30:00 PM,2,0,0,36.183250,-86.809690,CLAY ST,,,,0.00,Feet,East,15TH AVE N,,,,0.00,N,Not at Intersection,N,Non-Junction,None,,,         ,Darryl,Morton,Unknown,"Sideswipe, Opposite Direction",no,no,no,no,yes,False
100859537,METROPOLITAN NASHVILLE POLICE DEPT,20150557946,Davidson,Nashville,6/12/2015 11:35:00 AM,2,0,0,36.037920,-86.737840,MYRTLEWOOD DR,,,,124.00,Feet,South,STILLMEADOW DR,,,,0.00,N,Not at Intersection,N,Non-Junction,None,,,         ,Marc,Haugen,Clear,Angle,no,no,no,no,no,False
100859538,METROPOLITAN NASHVILLE POLICE DEPT,20150557980,Davidson,Nashville,6/12/2015 11:44:00 AM,2,1,0,36.013720,-86.621140,-- UNKNOWN RAMP/ROAD --,,,,0.00,Feet,East,EXIT 62,,,,0.00,N,Not at Intersection,N,Entrance/Exit Ramp Related,None,,,         ,Megan,Arnett,Clear,Front to Rear,no,no,no,no,no,False
100859539,METROPOLITAN NASHVILLE POLICE DEPT,20150558047,Davidson,Nashville,6/12/2015 12:10:00 PM,2,1,0,36.256120,-86.714130,NEELYS BEND RD,,,,72.00,Feet,East,US HWY 31E,,,,0.00,N,Not at Intersection,N,Non-Junction,None,,,         ,William,Coy,Cloudy,Front to Rear,no,no,no,no,no,False
100859541,METROPOLITAN NASHVILLE POLICE DEPT,20150557300,Davidson,Nashville,6/12/2015 10:16:00 AM,3,3,0,36.051780,-86.642680,EAGLE VIEW BLVD,,,,0.00,,,STATE HWY 254,,,,0.00,Y,T-Intersection,N,Intersection,None,,,         ,Kenneth,Alexandrow,Clear,Front to Rear,no,no,no,no,no,False
100859549,METROPOLITAN NASHVILLE POLICE DEPT,2015-0557985,Davidson,Nashville,6/12/2015 12:00:00 AM,2,0,0,36.147820,-86.868230,US HWY 70,,,,201.00,Feet,East,CROLEY DR,,,,0.00,N,Not at Intersection, ,Non-Junction,None,,,         ,Walter,Gray II,Cloudy,"Sideswipe, Same Direction",no,no,no,yes,yes,False
100859552,METROPOLITAN NASHVILLE POLICE DEPT,20150558171,Davidson,Nashville,6/12/2015 12:51:00 PM,2,0,0,36.146960,-86.666330,STATE HWY 255,,,,370.00,Feet,North,ROYAL PKWY,,,,0.00,N,Not at Intersection, ,Non-Junction,None,,,         ,Larry,Benz,Clear,Angle,no,no,no,no,no,False
100859555,METROPOLITAN NASHVILLE POLICE DEPT,2015-0558156,Davidson,Nashville,6/12/2015 12:20:00 PM,2,0,0,36.126130,-86.903700,I 40,,,,0.00,,,,,,,200.65,N,Not at Intersection,N,Non-Junction,None,,,         ,Benjamin,Cantrell,Rain,"Sideswipe, Same Direction",no,no,no,no,no,False
100859558,METROPOLITAN NASHVILLE POLICE DEPT,20150558050,Davidson,Nashville,6/12/2015 12:00:00 PM,2,2,0,36.116010,-86.810570,US HWY 431,,,,7.00,Feet,South,HAMPTON AVE,,,,0.00,N,Not at Intersection,N,Non-Junction,None,,,         ,James,Smith,Rain,Other,no,no,no,no,yes,False
100859569,VANDERBILT UNIVERSITY POLICE,15-0557775,Davidson,Nashville,6/12/2015 10:25:00 AM,2,0,0,36.138870,-86.802970,CHILDRENS WAY,,,,0.00,,,23RD AVE S,,,,0.00,Y,OTHER, ,,,,,         ,Brent,Clark,,,no,no,no,yes,no,Campus
100859573,METROPOLITAN NASHVILLE POLICE DEPT,20150558182,Davidson,Nashville,6/12/2015 12:55:00 PM,2,0,0,36.235510,-86.764500,I 65,,,,0.00,,,,,,,89.55,N,Not at Intersection,N,Non-Junction,Construction Zone,Work On Shoulder Or Median,Unknown,         ,Jordan,Lowry,Rain,Front to Rear,no,no,no,no,no,False
100859578,METROPOLITAN NASHVILLE POLICE DEPT,20150558149,Davidson,Nashville,6/12/2015 12:34:00 PM,2,0,0,36.039820,-86.781060,STATE HWY 254,,,,0.00,,,I 65,,,,0.00,Y,Four-Way,N,Intersection,None,,,         ,Nathan,Kemp,Clear,Front to Rear,no,no,no,no,yes,False
100859584,METROPOLITAN NASHVILLE POLICE DEPT,2015-0558294,Davidson,Nashville,6/12/2015 1:46:00 PM,1,1,0,36.141260,-86.664490,I 40,,,,0.00,,,,,,,218.00,N,Not at Intersection,N,Non-Junction,None,,,         ,Eric,Uruski,Clear,Not Collision with Motor Vehicle in Transport,no,no,no,no,no,False
100859594,METROPOLITAN NASHVILLE POLICE DEPT,2015-0558316,Davidson,Nashville,6/12/2015 1:50:00 PM,2,0,0,36.146230,-86.870570,US HWY 70,,,,70.00,Feet,North,WESTBORO DR,,,,0.00,N,Not at Intersection,N,Non-Junction,None,,,         ,Walter,Gray II,Cloudy,Front to Rear,no,no,no,no,yes,False
100859599,METROPOLITAN NASHVILLE POLICE DEPT,20150558304,Davidson,Nashville,6/12/2015 1:42:00 PM,1,0,0,36.108520,-86.720270,EXIT 54,,,,0.00,Feet,East,I 24,,,,0.00,N,Not at Intersection,N,Entrance/Exit Ramp Related,None,,,         ,Brian,Murphy,Rain,Not Collision with Motor Vehicle in Transport,no,no,no,no,no,False
100859600,METROPOLITAN NASHVILLE POLICE DEPT,20150558305,Davidson,Nashville,6/12/2015 1:35:00 PM,2,0,0,0.000000,0.000000,I40 WEST,,,,100.00,Feet,West,,,,,216.60,N,Not at Intersection, ,Non-Junction,None,,,         ,Caleb,Jernigan,Rain,Front to Rear,no,no,no,no,no,False
100859605,METROPOLITAN NASHVILLE POLICE DEPT,20150558165,Davidson,Nashville,6/12/2015 12:00:00 PM,3,1,0,36.084230,-86.756520,TROUSDALE DR,,,,100.00,Feet,South,LYNN DR,,,,0.00,N,Not at Intersection,N,Non-Junction,None,,,         ,Reuben,Hewit,Rain,Front to Rear,no,no,no,no,no,False
100859610,METROPOLITAN NASHVILLE POLICE DEPT,20150558029,Davidson,Nashville,6/12/2015 12:02:00 PM,2,0,0,36.143010,-86.666730,STATE HWY 255,,,,811.00,Feet,South,SHACKLETT DR,,,,0.00,N,Not at Intersection, ,,None,,,         ,James,Curtis,,,no,no,no,no,no,False
100859630,BERRY HILL POLICE DEPT,15-2293,Davidson,Berry Hill,6/11/2015 11:50:00 AM,3,2,0,36.120100,-86.774930,GALE LN,,,,0.00,,,US HWY 31,,,,0.00,Y,T-Intersection,N,Intersection,None,,,         ,Larry,Carter,Clear,Angle,no,no,no,no,no,False
100859642,METROPOLITAN NASHVILLE POLICE DEPT,20150558438,Davidson,Nashville,6/12/2015 2:45:00 PM,2,0,0,36.153470,-86.763820,I 40,,,,0.00,,,,,,,210.75,N,Not at Intersection,N,Entrance/Exit Ramp Related,None,,,         ,Austin,Childress,Clear,Front to Rear,no,no,no,no,yes,False
100859648,METROPOLITAN NASHVILLE POLICE DEPT,20150532736,Davidson,Nashville,6/5/2015 2:59:00 PM,2,0,0,36.168800,-86.684660,US HWY 70,,,,1175.00,Feet,East,STATE HWY 155,,,,0.00,N,Not at Intersection, ,Non-Junction,None,,,         ,Michael,Apsey,Clear,Front to Rear,no,no,no,no,yes,False
100859652,METROPOLITAN NASHVILLE POLICE DEPT,2015-0558409,Davidson,Nashville,6/12/2015 2:32:00 PM,2,0,0,36.032530,-86.768160,CLOVERLAND DR,,,,150.00,Feet,East,JONES PKWY,,,,0.00,N,Not at Intersection, ,Non-Junction,None,,,         ,William,King,Rain,"Sideswipe, Same Direction",no,no,no,no,no,False
100859654,METROPOLITAN NASHVILLE POLICE DEPT,20150558011,Davidson,Nashville,6/12/2015 11:45:00 AM,2,0,0,36.097960,-86.763350,I 65,,,,0.00,,,,,,,78.90,N,Not at Intersection, ,Non-Junction,None,,,         ,Thomas,West,Rain,Angle,no,no,no,no,no,False
100859660,METROPOLITAN NASHVILLE POLICE DEPT,20150558521,Davidson,Nashville,6/12/2015 3:23:00 PM,2,0,0,36.098330,-86.656340,OLD MURFREESBORO PIKE,,,,750.00,Feet,North,SMITH SPRINGS RD,,,,0.00,N,Not at Intersection, ,,None,,,         ,Brandon,Vance,,,no,no,no,yes,no,False
100859667,METROPOLITAN NASHVILLE POLICE DEPT,20150558507,Davidson,Nashville,6/12/2015 2:47:00 PM,2,0,0,36.204980,-86.737600,MCGAVOCK PIKE,,,,0.00,,,GALLATIN PIKE,,,,0.00,Y,Four-Way, ,Intersection-Related,None,,,         ,Rachael,Sacco,Cloudy,Front to Rear,no,no,no,no,no,False
100859672,METROPOLITAN NASHVILLE POLICE DEPT,20150558326,Davidson,Nashville,6/12/2015 2:36:00 PM,3,0,0,36.067140,-86.718240,US HWY 31 ALT,,,,187.00,Feet,North,NORTHCREST DR,,,,0.00,N,Not at Intersection, ,Non-Junction,None,,,         ,Jared,Jenkins,Clear,Front to Rear,no,no,no,no,no,False
100859673,METROPOLITAN NASHVILLE POLICE DEPT,20150558520,Davidson,Nashville,6/12/2015 2:33:00 PM,2,0,0,36.183680,-86.747240,EASTLAND AVE,,,,164.00,Feet,West,N 12TH ST,,,,0.00,N,Not at Intersection, ,"Driveway, Alley Access, etc",None,,,         ,Cressie,Prill,Clear,Angle,no,no,no,no,no,False
100859674,METROPOLITAN NASHVILLE POLICE DEPT,20150558506,Davidson,Nashville,6/12/2015 3:15:00 PM,2,0,0,36.150960,-86.692110,ELM HILL PIKE,,,,114.00,Feet,West,RAMP,,,,0.00,N,Not at Intersection, ,,None,,,         ,Brent,Palte,,,no,no,no,no,no,False
100859675,METROPOLITAN NASHVILLE POLICE DEPT,2015-0558364,Davidson,Nashville,6/12/2015 1:18:00 PM,2,0,0,36.071210,-86.684210,ANTIOCH PIKE,,,,0.00,,,HAYSTACK LN,,,,0.00,Y,T-Intersection, ,Intersection,None,,,         ,Brandon,O'Guin,Rain,Angle,no,no,no,no,no,False
100859677,METROPOLITAN NASHVILLE POLICE DEPT,20150558411,Davidson,Nashville,6/12/2015 2:44:00 PM,2,0,0,36.157450,-86.770520,PEABODY ST,,,,0.00,,,US HWY 70,,,,0.00,Y,OTHER,N,Non-Junction,None,,,         ,Aaron,Thomas,Clear,Rear to Side,no,no,no,yes,yes,False
100859694,METROPOLITAN NASHVILLE POLICE DEPT,20150558377,Davidson,Nashville,6/12/2015 2:30:00 PM,3,0,0,36.171130,-86.767700,I 24,,,,0.00,,,,,,,48.60,N,Not at Intersection, ,Non-Junction,None,,,         ,Joshua,Murray,Clear,Front to Rear,no,no,no,no,yes,False
100859696,METROPOLITAN NASHVILLE POLICE DEPT,20150558590,Davidson,Nashville,6/12/2015 4:00:00 PM,2,0,0,36.150190,-86.700170,ACORN DR,,,,0.00,,,ELM HILL PIKE,,,,0.00,Y,Four-Way,N,Intersection-Related,None,,,         ,Austin,Childress,Clear,Front to Rear,no,no,no,no,yes,False
100859702,METROPOLITAN NASHVILLE POLICE DEPT,20150558736,Davidson,Nashville,6/12/2015 4:34:00 PM,2,0,0,36.110280,-86.770890,I 65,,,,0.00,,,,,,,79.80,N,Not at Intersection, ,Entrance/Exit Ramp Related,None,,,         ,Tien,Nguyen,Clear,Front to Rear,no,no,no,no,no,False
100859712,THP District 3 - Nashville,315030682,Davidson,Nashville,6/12/2015 1:45:00 PM,2,0,0,36.215760,-86.775120,I 65,,,,0.00,,,,,,,88.00,N,Not at Intersection, ,Non-Junction,Construction Zone,,,         ,Charles,Cooper,Cloudy,Front to Rear,no,no,no,no,no,False
100859715,METROPOLITAN NASHVILLE POLICE DEPT,2015-0558768,Davidson,Nashville,6/12/2015 4:35:00 PM,2,1,0,36.039940,-86.781190,STATE HWY 254,,,,53.00,Feet,East,-- UNKNOWN RAMP/ROAD --,,,,0.00,N,Not at Intersection,N,Non-Junction,None,,,         ,William,King,Clear,Front to Rear,no,no,no,no,no,False
100859717,METROPOLITAN NASHVILLE POLICE DEPT,20150558777,Davidson,Nashville,6/12/2015 4:41:00 PM,2,0,0,36.156490,-86.775810,5TH AVE S,,,,0.00,,,FRANKLIN ST,,,,0.00,Y,Four-Way, ,Non-Junction,None,,,         ,Blaze,Williams,Clear,Front to Rear,no,no,no,no,no,False
100859723,METROPOLITAN NASHVILLE POLICE DEPT,20150558663,Davidson,Nashville,6/12/2015 3:23:00 PM,1,1,0,36.102790,-86.816700,US HWY 431,,,,273.00,Feet,South,WARFIELD DR,,,,0.00,N,Not at Intersection,N,Non-Junction,None,,,         ,Mekisha,Page,Clear,Not Collision with Motor Vehicle in Transport,yes,no,no,no,yes,False
100859725,METROPOLITAN NASHVILLE POLICE DEPT,20150558403,Davidson,Nashville,6/12/2015 2:00:00 PM,2,0,0,36.151730,-86.768290,I 40,,,,0.00,,,,,,,210.50,N,Not at Intersection, ,Non-Junction,None,,,         ,Tien,Nguyen,Clear,Not Collision with Motor Vehicle in Transport,no,no,no,no,no,False