master_record_number,agency,agency_tracking_number,county,city,collision_date,vehicles_involved,number_injured,number_dead,latitude,longitude,roadway_name,roadway_suffix,roadway_number,roadway_local_id,distance_from_reference,miles-feet_indicator,direction_from_reference,intersection_road_name,intersection_road_name_suffix,intersection_road_number,intersection_local_id,mile_marker,intersection_indicator,intersect_type,interchange_related_indicator,relation_to_junction,work_zone_type,construction_maintenance_zone,construction_maintenance_zone_location,fatal_case_number,officer_first_name,officer_last_name,weather_condition(s),manner_of_crash,pedestrian,bicycle,scooter,parking,hitrun,mou
100859731,METROPOLITAN NASHVILLE POLICE DEPT,20150558823,Davidson,Nashville,6/12/2015 4:51:00 PM,2,0,0,36.233340,-86.758610,US HWY 31W,,,,88.00,Feet,North,MAPLEWOOD TRC,,,,0.00,N,Not at Intersection, ,Non-Junction,None,,,         ,Kevin,Reynolds,Clear,"Sideswipe, Same Direction",no,no,no,no,no,False
100859736,METROPOLITAN NASHVILLE POLICE DEPT,20150558797,Davidson,Nashville,6/12/2015 4:48:00 PM,2,0,0,36.158330,-86.783350,9TH AVE S,,,,0.00,,,US HWY 70,,,,0.00,Y,T-Intersection, ,,,,,         ,Aaron,Thomas,,,no,no,no,no,no,False
100859743,METROPOLITAN NASHVILLE POLICE DEPT,20150558772,Davidson,Goodlettsville,6/12/2015 4:39:00 PM,2,1,0,36.301690,-86.693380,US HWY 31E,,,,264.00,Feet,West,TWIN HILLS DR,,,,0.00,N,Not at Intersection,N,"Driveway, Alley Access, etc",None,,,         ,Ryan,Allen,Clear,"Sideswipe, Same Direction",no,no,no,no,no,False
100859744,METROPOLITAN NASHVILLE POLICE DEPT,20150558978,Davidson,Nashville,6/12/2015 5:54:00 PM,2,0,0,36.131310,-86.801480,US HWY 431,,,,0.00,,,BERNARD AVE,,,,0.00,Y,T-Intersection, ,Intersection,None,,,         ,Mekisha,Page,Clear,Angle,no,no,no,no,no,False
100859747,METROPOLITAN NASHVILLE POLICE DEPT,20150558910,Davidson,Nashville,6/12/2015 5:19:00 PM,2,0,0,36.145230,-86.794070,17TH AVE S,,,,444.00,Feet,West,MUSIC SQ W,,,,0.00,N,Not at Intersection, ,Non-Junction,None,,,         ,Charles,Griffin,Clear,Angle,no,no,no,no,no,Campus
100859754,METROPOLITAN NASHVILLE POLICE DEPT,20150558964,Davidson,Nashville,6/12/2015 5:30:00 PM,2,1,0,36.172480,-86.595100,STATE HWY 265,,,,0.00,Feet,,TULIP GROVE RD,,,,0.00,Y,Four-Way,N,Intersection-Related,None,,,         ,Shawn,Taylor,Clear,"Sideswipe, Same Direction",no,no,no,no,no,False
100859755,METROPOLITAN NASHVILLE POLICE DEPT,20150558213,Davidson,Nashville,6/12/2015 1:07:00 PM,2,1,0,36.173280,-86.791380,JEFFERSON ST,,,,0.00,,,US HWY 41 ALT,,,,0.00,Y,Four-Way,N,Intersection,None,,,         ,Ky,Luu,Cloudy,Angle,no,no,no,no,no,False
100859758,METROPOLITAN NASHVILLE POLICE DEPT,20150559016,Davidson,Nashville,6/12/2015 5:55:00 PM,2,0,0,36.105260,-86.670590,US HWY 41,,,,248.00,Feet,West,REEDWOOD DR,,,,0.00,N,Not at Intersection, ,Non-Junction,None,,,         ,Brandon,Vance,Clear,Angle,no,no,no,no,no,False
100859759,METROPOLITAN NASHVILLE POLICE DEPT,20150558901,Davidson,Nashville,6/12/2015 5:16:00 PM,2,0,0,36.144060,-86.656130,ELM HILL PIKE,,,,359.00,Feet,East,HURT DR,,,,0.00,N,Not at Intersection, ,Non-Junction,None,,,         ,Austin,Childress,Clear,Front to Rear,no,no,no,no,no,False
100859762,METROPOLITAN NASHVILLE POLICE DEPT,20150558883,Davidson,Nashville,6/12/2015 5:10:00 PM,2,0,0,36.167130,-86.660520,US HWY 70,,,,519.00,Feet,East,EDDINGS LN,,,,0.00,N,Not at Intersection,N,Non-Junction,None,,,         ,Jiyayi,Suleyman,Clear,Angle,no,no,no,no,yes,False
100859766,METROPOLITAN NASHVILLE POLICE DEPT,20150558743,Davidson,Nashville,6/12/2015 4:10:00 PM,2,0,0,36.078270,-86.643070,MARTWAY DR,,,,24.00,Feet,South,US HWY 41,,,,0.00,N,Not at Intersection,N,Non-Junction,None,,,         ,William,Durham,Clear,Angle,no,no,no,no,no,False
100859767,METROPOLITAN NASHVILLE POLICE DEPT,20150559070,Davidson,Nashville,6/12/2015 5:39:00 PM,2,0,0,36.046510,-86.657190,STATE HWY 254,,,,290.00,Feet,East,COLLINS PARK DR,,,,0.00,N,Not at Intersection,N,Non-Junction,None,,,         ,William,Durham,Clear,Front to Rear,no,no,no,no,no,False
100859771,METROPOLITAN NASHVILLE POLICE DEPT,20150558864,Davidson,Nashville,6/12/2015 5:03:00 PM,2,3,0,36.114970,-86.799400,BELMONT BLVD,,,,153.00,Feet,North,CLIFTON LN,,,,0.00,N,Not at Intersection,N,Non-Junction,None,,,         ,Brenton,Adcox,Clear,Angle,no,no,no,no,no,False
100859774,METROPOLITAN NASHVILLE POLICE DEPT,20150555643,Davidson,Nashville,6/11/2015 9:10:00 PM,2,1,0,36.154460,-86.832100,I 40,,,,0.00,,,,,,,205.40,N,Not at Intersection,N,Non-Junction,None,,,         ,Mark,Hatt,Clear,Angle,no,no,no,no,no,False
100859779,METROPOLITAN NASHVILLE POLICE DEPT,20150559228,Davidson,Nashville,6/12/2015 4:55:00 PM,2,0,0,36.148410,-86.761170,US HWY 41,,,,0.00,,,CLAIBORNE ST,,,,0.00,Y,Four-Way,N,Intersection,None,,,         ,Brent,Palte,Clear,Front to Rear,no,no,no,no,no,False
100859781,METROPOLITAN NASHVILLE POLICE DEPT,20150554806,Davidson,Nashville,6/11/2015 5:42:00 PM,2,0,0,36.088510,-86.793060,BATTERY LN,,,,500.00,Feet,West,LEALAND LN,,,,0.00,N,Not at Intersection, ,Non-Junction,None,,,         ,Miguel,Garcia,Clear,Front to Rear,no,no,no,no,no,False
100859784,METROPOLITAN NASHVILLE POLICE DEPT,20150559015,Davidson,Nashville,6/12/2015 5:49:00 PM,2,1,0,36.146020,-86.790230,15TH AVE S,,,,150.00,Feet,South,GRAND AVE,,,,0.00,N,Not at Intersection,N,Non-Junction,None,,,         ,Maria,Cortez,Clear,Angle,no,no,no,no,no,False
100859788,METROPOLITAN NASHVILLE POLICE DEPT,20150559245,Davidson,Nashville,6/12/2015 7:11:00 PM,2,0,0,36.147450,-86.807350,US HWY 70S,,,,282.00,Feet,South,24TH AVE N,,,,0.00,N,Not at Intersection, ,Non-Junction,None,,,         ,Michael,Collazo,Clear,Front to Rear,no,no,no,no,no,Campus
100859793,METROPOLITAN NASHVILLE POLICE DEPT,20150558975,Davidson,Madison,6/12/2015 5:40:00 PM,2,0,0,36.254660,-86.715550,US HWY 31E,,,,159.00,Feet,South,MADISON SQ,,,,0.00,N,Not at Intersection,N,"Driveway, Alley Access, etc",None,,,         ,Nathan,Dungan,Clear,Angle,no,no,no,no,no,False
100859794,METROPOLITAN NASHVILLE POLICE DEPT,20150559141,Davidson,Nashville,6/12/2015 6:31:00 PM,2,0,0,36.179150,-86.745540,GARTLAND AVE,,,,22.00,Feet,West,N 14TH ST,,,,0.00,N,Not at Intersection, ,Non-Junction,None,,,         ,Cressie,Prill,Clear,Front to Rear,no,no,no,no,no,False
100859800,METROPOLITAN NASHVILLE POLICE DEPT,20150555807,Davidson,Nashville,6/11/2015 10:24:00 PM,1,1,0,36.064410,-86.684450,I 24,,,,0.00,,,,,,,57.45,N,Not at Intersection,N,Non-Junction,None,,,         ,William,Durham,Clear,Not Collision with Motor Vehicle in Transport,no,no,no,no,no,False
100859801,METROPOLITAN NASHVILLE POLICE DEPT,20150558525,Davidson,Antioch,6/12/2015 1:51:00 PM,2,0,0,36.033170,-86.595890,US HWY 41,,,,757.00,Feet,North,PARKS RETREAT DR,,,,0.00,N,Not at Intersection, ,Non-Junction,None,,,         ,William,Durham,Clear,"Sideswipe, Same Direction",no,no,no,no,no,False
100859802,METROPOLITAN NASHVILLE POLICE DEPT,20150559165,Davidson,Nashville,6/12/2015 6:10:00 PM,2,0,0,36.172670,-86.793790,JEFFERSON ST,,,,313.00,Feet,East,REV DR ENOCH JONES BLVD,,,,0.00,N,Not at Intersection,N,Non-Junction,None,,,         ,Allen,Hall,Clear,Angle,no,no,no,no,no,False
100859807,METROPOLITAN NASHVILLE POLICE DEPT,20150555125,Davidson,Madison,6/11/2015 7:05:00 PM,2,2,0,36.263060,-86.681620,STATE HWY 45,,,,205.00,Feet,West,RIO VISTA DR,,,,0.00,N,Not at Intersection,N,Non-Junction,None,,,         ,Nathan,Dungan,Clear,Front to Rear,no,no,no,no,no,False
100859813,METROPOLITAN NASHVILLE POLICE DEPT,20150559265,Davidson,Nashville,6/12/2015 5:25:00 PM,2,0,0,36.109660,-86.722000,STATE HWY 155,,,,9.00,Feet,East,EXIT 3A,,,,0.00,N,Not at Intersection,N,Non-Junction,None,,,         ,William,Durham,Clear,Front to Rear,no,no,no,no,yes,False
100859815,METROPOLITAN NASHVILLE POLICE DEPT,20150559325,Davidson,Nashville,6/12/2015 7:27:00 PM,2,0,0,36.263690,-86.711680,US HWY 31E,,,,239.00,Feet,North,STATE HWY 45,,,,0.00,N,Not at Intersection, ,"Driveway, Alley Access, etc",None,,,         ,Ryan,Allen,Clear,Angle,no,no,no,no,no,False
100859816,METROPOLITAN NASHVILLE POLICE DEPT,20150558858,Davidson,Nashville,6/12/2015 5:00:00 PM,2,0,0,36.092110,-86.735700,US HWY 31 ALT,,,,0.00,,,,,,,0.00,,,N,OtherLocation,None,,,         ,Eric,Burford,Clear,Angle,no,no,no,no,no,False
100859817,METROPOLITAN NASHVILLE POLICE DEPT,20150542344,Davidson,Nashville,6/8/2015 5:00:00 PM,2,0,0,36.248590,-86.728630,DUE WEST AVE W,,,,0.00,,,SAUNDERS AVE,,,,0.00,Y,Four-Way,N,Intersection-Related,None,,,         ,Nathan,Dungan,Rain,Front to Rear,no,no,no,no,yes,False
100859826,METROPOLITAN NASHVILLE POLICE DEPT,20150558588,Davidson,Nashville,6/12/2015 1:31:00 PM,2,1,0,36.205730,-86.777990,-- UNKNOWN RAMP/ROAD --,,,,0.00,,,I 65,,,,0.00,Y,OTHER,N,Non-Junction,None,,,         ,Ashton,Hill,Clear,Front to Rear,no,no,no,no,no,False
100859834,METROPOLITAN NASHVILLE POLICE DEPT,20150542197,Davidson,Madison,6/8/2015 4:30:00 PM,2,0,0,36.264170,-86.711510,US HWY 31E,,,,400.00,Feet,North,STATE HWY 45,,,,0.00,N,Not at Intersection, ,"Driveway, Alley Access, etc",None,,,         ,Nathan,Dungan,Rain,Angle,no,no,no,no,no,False
100859836,METROPOLITAN NASHVILLE POLICE DEPT,20150559478,Davidson,Nashville,6/12/2015 8:11:00 PM,2,0,0,36.153700,-86.771170,3RD AVE S,,,,0.00,,,ELM ST,,,,0.00,Y,Four-Way,N,Non-Junction,None,,,         ,Aaron,Thomas,Clear,Angle,no,no,no,no,yes,False
100859838,METROPOLITAN NASHVILLE POLICE DEPT,20150558698,Davidson,Nashville,6/12/2015 4:15:00 PM,3,0,0,36.234470,-86.805900,STATE HWY 155,,,,710.00,Feet,West,KNIGHT DR,,,,0.00,N,Not at Intersection,N,Non-Junction,None,,,         ,Kenneth,Oneal,Clear,Front to Rear,no,no,no,no,no,False
100859839,METROPOLITAN NASHVILLE POLICE DEPT,2015-0559374,Davidson,Nashville,6/12/2015 7:44:00 PM,2,0,0,36.120810,-86.779270,VAULX LN,,,,0.00,,,KIRKWOOD AVE,,,,0.00,Y,Four-Way,N,Intersection,None,,,         ,Clyde,Stambaugh,Clear,Not Collision with Motor Vehicle in Transport,no,no,no,no,no,False
100859840,METROPOLITAN NASHVILLE POLICE DEPT,20150554551,Davidson,Nashville,6/11/2015 4:25:00 PM,2,0,0,36.154750,-86.788690,I 40,,,,0.00,,,,,,,209.20,N,Not at Intersection, ,Non-Junction,None,,,         ,Oscar,Gomez,Clear,"Sideswipe, Same Direction",no,no,no,no,no,False
100859841,METROPOLITAN NASHVILLE POLICE DEPT,20150559327,Davidson,Nashville,6/12/2015 6:45:00 PM,2,0,0,36.070700,-86.636620,STATE HWY 254,,,,238.00,Feet,South,RAMP,,,,0.00,N,Not at Intersection,N,Non-Junction,None,,,         ,Oscar,Gomez,Clear,Angle,no,no,no,no,yes,False
100859842,METROPOLITAN NASHVILLE POLICE DEPT,20150559316,Davidson,Nashville,6/12/2015 7:22:00 PM,2,0,0,36.081120,-86.755390,TIMBERHILL DR,,,,0.00,,,STATE HWY 255,,,,0.00,Y,T-Intersection,N,Intersection,None,,,         ,Mekisha,Page,Clear,Angle,no,no,no,no,no,False
100859884,BERRY HILL POLICE DEPT,15-2307,Davidson,Berry Hill,6/12/2015 3:02:00 PM,2,0,0,36.126980,-86.777290,HILLVIEW HTS,,,,0.00,,,US HWY 31,,,,0.00,Y,T-Intersection, ,Intersection,None,,,         ,Monty,Sands,Clear,"Sideswipe, Same Direction",no,no,no,no,no,False
100859897,METROPOLITAN NASHVILLE POLICE DEPT,20150559614,Davidson,Nashville,6/12/2015 8:54:00 PM,1,0,0,36.109120,-86.744930,US HWY 31 ALT,,,,0.00,,,,,,,0.00,,, ,Non-Junction,None,,,         ,Mekisha,Page,Clear,Not Collision with Motor Vehicle in Transport,no,no,no,yes,no,False
100859899,METROPOLITAN NASHVILLE POLICE DEPT,2015-0547594,Davidson,Nashville,6/10/2015 12:20:00 AM,2,1,0,36.162400,-86.778080,4TH AVE N,,,,0.00,,,COMMERCE ST,,,,0.00,Y,Four-Way,N,Intersection,None,,,         ,Jared,Zwilling,Clear,HeadOn,no,no,no,no,no,False
100859901,METROPOLITAN NASHVILLE POLICE DEPT,20150559204,Davidson,Nashville,6/12/2015 6:01:00 PM,2,0,0,36.046500,-86.661190,EXIT 59,,,,0.00,,,I 24,,,,0.00,Y,Y-Intersection, ,Entrance/Exit Ramp Related,None,,,         ,Michael,Moss,Clear,Front to Rear,no,no,no,no,no,False
100859902,METROPOLITAN NASHVILLE POLICE DEPT,20150559665,Davidson,Nashville,6/12/2015 9:24:00 PM,1,1,0,36.171640,-86.601790,STATE HWY 45,,,,222.00,Feet,North,RAMP,,,,0.00,N,Not at Intersection,N,Non-Junction,None,,,         ,Shawn,Taylor,Clear,Not Collision with Motor Vehicle in Transport,yes,no,no,no,no,False
100859905,METROPOLITAN NASHVILLE POLICE DEPT,20150558903,Davidson,Nashville,6/12/2015 5:15:00 PM,2,0,0,36.158280,-86.790900,CHURCH ST,,,,0.00,,,-- UNKNOWN RAMP/ROAD --,,,,0.00,Y,Four-Way, ,"Driveway, Alley Access, etc",None,,,         ,Michael,Douglas,Clear,Angle,no,no,no,no,yes,False
100859906,METROPOLITAN NASHVILLE POLICE DEPT,20150559503,Davidson,Nashville,6/12/2015 7:15:00 PM,2,0,0,36.045600,-86.711280,STATE HWY 254,,,,412.00,Feet,East,RAMP,,,,0.00,N,Not at Intersection, ,Non-Junction,None,,,         ,William,Durham,Clear,"Sideswipe, Same Direction",no,no,no,no,no,False
100859907,METROPOLITAN NASHVILLE POLICE DEPT,20150559693,Davidson,Nashville,6/12/2015 9:07:00 PM,2,0,0,36.087580,-86.692300,ANTIOCH PIKE,,,,67.00,Feet,North,STATE HWY 255,,,,0.00,N,Not at Intersection,N,Non-Junction,None,,,         ,William,Durham,Clear,Front to Rear,no,no,no,no,no,False
100859909,METROPOLITAN NASHVILLE POLICE DEPT,20150559648,Davidson,Nashville,6/12/2015 9:20:00 PM,2,1,0,36.139220,-86.778330,HAMILTON AVE,,,,0.00,,,US HWY 31,,,,0.00,Y,T-Intersection,N,Intersection-Related,None,,,         ,Tien,Nguyen,Clear,Front to Rear,no,no,no,no,no,False
100859913,GOODLETTSVILLE POLICE DEPT,15-22252,Davidson,Goodlettsville,6/12/2015 9:52:00 PM,2,0,0,36.298160,-86.713440,I 65,,,,0.00,,,,,,,95.00,N,Not at Intersection, ,Non-Junction,None,,,         ,Matt,Shoesmith,Clear,"Sideswipe, Same Direction",no,no,no,no,no,False
100859919,METROPOLITAN NASHVILLE POLICE DEPT,20150558815,Davidson,Nashville,6/12/2015 5:13:00 PM,2,0,0,36.062860,-86.697130,PACKARD DR,,,,1.00,Feet,West,KEELEY DR,,,,0.00,N,Not at Intersection, ,Non-Junction,None,,,         ,Jared,Jenkins,Clear,Angle,no,no,no,no,no,False
100859935,METROPOLITAN NASHVILLE POLICE DEPT,20150559036,Davidson,Nashville,6/12/2015 5:56:00 PM,2,0,0,36.045260,-86.714750,BRENTWOOD EAST DR,,,,0.00,,,STATE HWY 254,,,,0.00,Y,OTHER, ,Non-Junction,None,,,         ,Ricki,Armstrong,Clear,"Sideswipe, Opposite Direction",no,no,no,no,no,False
100859937,METROPOLITAN NASHVILLE POLICE DEPT,20150559836,Davidson,Nashville,6/12/2015 10:24:00 PM,2,0,0,36.167640,-86.775710,WOODLAND ST,,,,403.00,Feet,East,US HWY 31,,,,0.00,N,Not at Intersection,N,Non-Junction,None,,,         ,Jessie,Loy,Clear,Front to Rear,no,no,no,no,yes,False
100859940,GOODLETTSVILLE POLICE DEPT,15-22244,Davidson,Goodlettsville,6/12/2015 8:20:00 PM,2,5,0,36.305590,-86.703080,RIVERGATE PARKWAY,,,,0.00,,,MEADOWLARK LANE,,,,0.00,Y,Four-Way,Y,Intersection,None,,,         ,Jeffery,Hunter,Clear,Angle,no,no,no,no,no,False
100859951,Nashville Airport Police,2015-01270,Davidson,Nashville,6/12/2015 12:00:00 AM,1,0,0,36.110010,-86.671420,STATE HWY 255,,,,0.00,,,KNAPP BLVD,,,,0.00,Y,Four-Way,Y,Intersection,None,,,         ,William,Hodge,Clear,Not Collision with Motor Vehicle in Transport,no,no,no,no,no,False
100859952,METROPOLITAN NASHVILLE POLICE DEPT,20150559318,Davidson,Nashville,6/12/2015 7:32:00 PM,1,0,0,36.217030,-86.819580,BUENA VISTA PIKE,,,,0.00,,,ROWAN DR,,,,0.00,Y,T-Intersection,N,Intersection,None,,,         ,Nicholas,Carter,Clear,Not Collision with Motor Vehicle in Transport,no,no,no,no,yes,False
100859966,METROPOLITAN NASHVILLE POLICE DEPT,20150560286,Davidson,Nashville,6/13/2015 11:40:00 PM,2,0,0,36.142300,-86.742820,US HWY 41,,,,0.00,,,POLK AVE,,,,0.00,Y,Four-Way, ,Intersection,None,,,         ,Benjamin,Cole,Clear,Front to Rear,no,no,no,no,no,False
100859970,METROPOLITAN NASHVILLE POLICE DEPT,20150560544,Davidson,Nashville,6/13/2015 12:00:00 AM,1,0,0,36.078350,-86.670230,BILLINGSGATE RD,,,,0.00,,,FRANKLIN LIMESTONE RD,,,,0.00,Y,T-Intersection,N,Non-Junction,None,,,         ,Steven,Williams,Clear,Not Collision with Motor Vehicle in Transport,no,no,no,no,yes,False
100859973,METROPOLITAN NASHVILLE POLICE DEPT,20150560466,Davidson,Nashville,6/13/2015 2:55:00 AM,2,0,0,36.227220,-86.759720,US HWY 31W,,,,517.00,Feet,North,HILLHURST DR,,,,0.00,N,Not at Intersection,N,Non-Junction,None,,,         ,Kevin,Breeding,Clear,Front to Rear,no,no,no,no,no,False
100859981,METROPOLITAN NASHVILLE POLICE DEPT,2015-0556155,Davidson,Not in City Limit,6/12/2015 12:30:00 AM,2,0,0,36.078100,-87.036870,I 40,,,,0.00,,,,,,,191.60,N,Not at Intersection,N,Non-Junction,Construction Zone,Lane Shift-Crossover,Transition Area,         ,Jean,McCormack,Clear,"Sideswipe, Same Direction",no,no,no,no,yes,False
100859985,METROPOLITAN NASHVILLE POLICE DEPT,20150560284,Davidson,Nashville,6/13/2015 1:31:00 AM,2,3,0,36.149440,-86.757220,FAIRFIELD AVE,,,,0.00,,,ROBERTSON ST,,,,0.00,Y,Four-Way,Y,Intersection,None,,,         ,Raymond,Heymann,Clear,Angle,no,no,no,no,no,False
100859988,METROPOLITAN NASHVILLE POLICE DEPT,20150560516,Davidson,Nashville,6/13/2015 1:45:00 AM,2,0,0,36.023010,-86.630280,I 24,,,,0.00,,,,,,,61.80,N,Not at Intersection, ,Non-Junction,None,,,         ,Benjamin,Froehlich,Clear,"Sideswipe, Same Direction",no,no,no,no,no,False
100859989,METROPOLITAN NASHVILLE POLICE DEPT,20150560203,Davidson,Nashville,6/12/2015 11:14:00 PM,2,0,0,36.165920,-86.777730,2ND AVE N,,,,0.00,,,UNION ST,,,,0.00,Y,T-Intersection, ,Intersection,None,,,         ,Johnny,Crumby Jr.,Clear,Front to Rear,no,no,no,no,no,False
100860004,METROPOLITAN NASHVILLE POLICE DEPT,20150560853,Davidson,Nashville,6/13/2015 7:50:00 AM,2,0,0,36.139830,-86.824160,MURPHY RD,,,,0.00,,,-- UNKNOWN RAMP/ROAD --,,,,0.00,Y,OTHER, ,,None,,,         ,Corteze,Armstrong,,,no,no,no,no,no,False
100860007,METROPOLITAN NASHVILLE POLICE DEPT,20150560757,Davidson,Nashville,6/13/2015 4:45:00 AM,2,0,0,36.179200,-86.836410,VIKING RD,,,,14.00,Feet,North,BRIARWICK DR,,,,0.00,N,Not at Intersection,N,Non-Junction,None,,,         ,Earnest,Fields,Clear,Rear to Side,no,no,no,no,yes,False
100860028,METROPOLITAN NASHVILLE POLICE DEPT,20150560909,Davidson,Nashville,6/13/2015 8:12:00 AM,1,1,0,36.210020,-86.776050,I 65,,,,0.00,,,,,,,87.60,N,Not at Intersection,N,Entrance/Exit Ramp Related,Work Zone,Work On Shoulder Or Median,Advanced Warning Area,         ,Charles,Ward,Clear,Not Collision with Motor Vehicle in Transport,no,no,no,no,no,False
100860035,METROPOLITAN NASHVILLE POLICE DEPT,20150558060,Davidson,Nashville,6/12/2015 12:12:00 PM,4,3,0,36.105170,-86.670810,US HWY 41,,,,250.00,Feet,West,REEDWOOD DR,,,,0.00,N,Not at Intersection,N,Non-Junction,None,,,         ,Christopher,Hanor,Rain,Other,no,no,no,no,no,False
100860044,METROPOLITAN NASHVILLE POLICE DEPT,20150560973,Davidson,Nashville,6/8/2015 9:20:00 AM,2,0,0,36.188380,-86.709280,ROSE PARK DR,,,,0.00,,,,,,,0.00,,,N,Non-Junction,None,,,         ,George,Krukowski,Unknown,Angle,no,no,no,yes,yes,False
100860045,METROPOLITAN NASHVILLE POLICE DEPT,20150558284,Davidson,Nashville,6/12/2015 1:30:00 PM,4,2,0,36.082790,-86.698150,I 24,,,,0.00,,,,,,,56.00,N,Not at Intersection,N,Non-Junction,None,,,         ,Megan,Arnett,Clear,Not Collision with Motor Vehicle in Transport,no,no,no,no,no,False
100860047,METROPOLITAN NASHVILLE POLICE DEPT,20150541152,Davidson,Nashville,6/8/2015 10:55:00 AM,2,0,0,36.188390,-86.798560,US HWY 41 ALT,,,,0.00,,,RAMP,,,,0.00,Y,Four-Way, ,,None,,,         ,Steven,Spillers,,,no,no,no,no,no,False
100860051,METROPOLITAN NASHVILLE POLICE DEPT,20150560800,Davidson,Nashville,6/13/2015 6:30:00 AM,2,0,0,36.052410,-86.714720,US HWY 31 ALT,,,,0.00,,,CONNECTING ROAD,,,,0.00,Y,OTHER,N,Non-Junction,None,,,         ,Reuben,Hewit,Clear,"Sideswipe, Opposite Direction",no,no,no,yes,yes,False
100860055,METROPOLITAN NASHVILLE POLICE DEPT,20150558211,Davidson,Nashville,6/13/2015 12:46:00 PM,2,0,0,36.155230,-86.790630,US HWY 70S,,,,0.00,,,15TH AVE N,,,,0.00,Y,Y-Intersection, ,Non-Junction,None,,,         ,Randal,Owsley,Clear,Angle,no,no,no,no,no,False
100860061,METROPOLITAN NASHVILLE POLICE DEPT,2015-0549247,Davidson,Nashville,6/10/2015 11:12:00 AM,2,0,0,36.141130,-86.730840,I 40,,,,0.00,,,,,,,212.90,N,Not at Intersection, ,Non-Junction,None,,,         ,Jeb,Johnston,Clear,"Sideswipe, Same Direction",no,no,no,no,no,False
100860085,METROPOLITAN NASHVILLE POLICE DEPT,20150561042,Davidson,Nashville,6/13/2015 9:41:00 AM,1,1,0,36.126930,-86.709770,THOMPSON PL,,,,363.00,Feet,East,US HWY 41,,,,0.00,N,Not at Intersection,N,Non-Junction,None,,,         ,Terry,Denton,Clear,Not Collision with Motor Vehicle in Transport,yes,no,no,no,yes,False
100860089,METROPOLITAN NASHVILLE POLICE DEPT,20150561247,Davidson,Nashville,6/13/2015 12:00:00 AM,2,0,0,36.211020,-86.713010,JANIE AVE,,,,220.00,Feet,North,MCGAVOCK PIKE,,,,0.00,N,Not at Intersection,N,Non-Junction,None,,,         ,Jared,Eaves,Unknown,Unknown,no,no,no,no,yes,False
100860090,METROPOLITAN NASHVILLE POLICE DEPT,20150561142,Davidson,Nashville,6/13/2015 10:50:00 AM,1,0,0,36.207140,-86.724580,KIRKLAND AVE,,,,485.00,Feet,West,RIVERSIDE DR,,,,0.00,N,Not at Intersection, ,Non-Junction,None,,,         ,Aaron,Wigginton,Cloudy,Not Collision with Motor Vehicle in Transport,no,no,no,no,no,False
100860094,METROPOLITAN NASHVILLE POLICE DEPT,20150561309,Davidson,Nashville,6/13/2015 12:38:00 PM,1,0,0,36.150410,-86.638050,I 40,,,,0.00,,,,,,,218.40,N,Not at Intersection, ,,None,,,         ,Mitchell,McClay,,,no,no,no,no,no,False
100860099,BERRY HILL POLICE DEPT,15-2323,Davidson,Berry Hill,6/13/2015 11:00:00 AM,2,0,0,36.118870,-86.774510,US HWY 31,,,,0.00,,,BERRY RD,,,,0.00,Y,Four-Way,N,Intersection-Related,None,,,         ,Ray,Ferguson,Cloudy,Angle,no,no,no,no,no,False
100860102,METROPOLITAN NASHVILLE POLICE DEPT,2015-0561254,Davidson,Nashville,6/13/2015 11:54:00 AM,2,0,0,36.059350,-86.694240,KEELEY DR,,,,0.00,,,BRENDA LN,,,,0.00,Y,T-Intersection,N,Intersection,None,,,         ,Roderic,Williams,Clear,Angle,no,no,no,no,yes,False
100860104,Metro Park Police,20150560770,Davidson,Nashville,6/12/2015 9:00:00 PM,1,0,0,36.070410,-86.892450,STATE HWY 100,,,,1469.00,Feet,East,HARPETH TRACE DR,,,,0.00,N,Not at Intersection,N,Non-Junction,None,,,         ,Jerry,"Moore, Jr.",Clear,Not Collision with Motor Vehicle in Transport,no,no,no,no,no,False
100860114,VANDERBILT UNIVERSITY POLICE,15-0558300,Davidson,Nashville,6/13/2015 12:00:00 AM,2,0,0,36.143080,-86.810080,JESS NEELY DR,,,,0.00,,,NATCHEZ TRCE,,,,0.00,Y,OTHER, ,OtherLocation,None,,,         ,Anthony,Jones,Clear,Unknown,no,no,no,yes,yes,Campus
100860135,METROPOLITAN NASHVILLE POLICE DEPT,20150561184,Davidson,Nashville,6/13/2015 11:05:00 AM,2,1,0,36.197140,-86.611610,MONA DR,,,,380.00,Feet,West,TYLER DR,,,,0.00,N,Not at Intersection,N,Non-Junction,None,,,         ,Justin,Franklin,Clear,Front to Rear,no,no,no,no,no,False
100860139,METROPOLITAN NASHVILLE POLICE DEPT,20150561107,Davidson,Old Hickory,6/13/2015 10:18:00 AM,2,0,0,36.254050,-86.650320,STATE HWY 45,,,,0.00,,,HURST DR,,,,0.00,Y,T-Intersection, ,Intersection-Related,None,,,         ,John,Anderson,Cloudy,Front to Rear,no,no,no,no,no,False
100860143,METROPOLITAN NASHVILLE POLICE DEPT,20150560857,Davidson,Nashville,6/13/2015 7:47:00 AM,2,1,0,36.190230,-86.790650,I 65,,,,0.00,,,,,,,85.70,N,Not at Intersection,N,Non-Junction,None,,,         ,Ky,Luu,Cloudy,Front to Rear,no,no,no,no,no,False