master_record_number,agency,agency_tracking_number,county,city,collision_date,vehicles_involved,number_injured,number_dead,latitude,longitude,roadway_name,roadway_suffix,roadway_number,roadway_local_id,distance_from_reference,miles-feet_indicator,direction_from_reference,intersection_road_name,intersection_road_name_suffix,intersection_road_number,intersection_local_id,mile_marker,intersection_indicator,intersect_type,interchange_related_indicator,relation_to_junction,work_zone_type,construction_maintenance_zone,construction_maintenance_zone_location,fatal_case_number,officer_first_name,officer_last_name,weather_condition(s),manner_of_crash,pedestrian,bicycle,scooter,parking,hitrun,mou
100860172,METROPOLITAN NASHVILLE POLICE DEPT,20150561555,Davidson,Nashville,6/13/2015 1:55:00 PM,2,0,0,36.187300,-86.608240,ANDREW JACKSON PKWY,,,,171.00,Feet,North,JACKSON PASS,,,,0.00,N,Not at Intersection, ,,None,,,         ,John,Kelley,,,no,no,no,no,no,False
100860174,METROPOLITAN NASHVILLE POLICE DEPT,20150561583,Davidson,Nashville,6/13/2015 3:15:00 PM,2,0,0,36.141970,-86.712710,I 40,,,,0.00,,,,,,,214.05,N,Not at Intersection, ,Non-Junction,None,,,         ,Bradley,McIntyre,Clear,"Sideswipe, Same Direction",no,no,no,no,yes,False
100860185,METROPOLITAN NASHVILLE POLICE DEPT,20150509777,Davidson,Nashville,5/30/2015 2:48:00 PM,2,0,0,36.126650,-86.711150,US HWY 41,,,,0.00,,,THOMPSON LN,,,,0.00,Y,OTHER, ,Non-Junction,None,,,         ,Paul,Goebel,Clear,"Sideswipe, Same Direction",no,no,no,no,no,False
100860191,METROPOLITAN NASHVILLE POLICE DEPT,20150561487,Davidson,Nashville,6/13/2015 1:40:00 PM,2,0,0,36.165560,-86.820200,28TH AVE N,,,,25.00,Feet,South,ALAMEDA ST,,,,0.00,N,Not at Intersection,N,Non-Junction,None,,,         ,Mikala,Moore,Clear,"Sideswipe, Same Direction",no,no,no,no,no,False
100860199,METROPOLITAN NASHVILLE POLICE DEPT,20150561241,Davidson,Nashville,6/13/2015 11:44:00 AM,2,1,0,36.166590,-86.816940,I 40,,,,0.00,,,,,,,206.65,N,Not at Intersection,Y,Entrance/Exit Ramp Related,None,,,         ,Nathan,Mayo,Clear,"Sideswipe, Same Direction",no,no,no,no,no,False
100860201,METROPOLITAN NASHVILLE POLICE DEPT,20150561636,Davidson,Nashville,6/13/2015 2:03:00 PM,2,0,0,36.072330,-86.646840,PEBBLE CREEK DR,,,,0.00,,,EDGE O LAKE DR,,,,0.00,Y,T-Intersection,N,Intersection,None,,,         ,Oscar,Gomez,Clear,"Sideswipe, Opposite Direction",no,no,no,no,no,False
100860206,METROPOLITAN NASHVILLE POLICE DEPT,2015-0561502,Davidson,Nashville,6/13/2015 2:57:00 PM,2,0,0,36.059100,-86.716170,TUSCULUM RD,,,,0.00,Feet,,US HWY 31 ALT,,,,0.00,Y,Four-Way,N,Intersection-Related,None,,,         ,William,King,Clear,Front to Rear,no,no,no,no,no,False
100860207,METROPOLITAN NASHVILLE POLICE DEPT,2015-0561682,Davidson,Nashville,6/13/2015 3:34:00 PM,2,0,0,36.046680,-86.713500,US HWY 31 ALT,,,,450.00,Feet,North,STATE HWY 254,,,,0.00,N,Not at Intersection, ,Non-Junction,None,,,         ,William,King,Clear,Angle,no,no,no,no,no,False
100860213,METROPOLITAN NASHVILLE POLICE DEPT,20150561676,Davidson,Nashville,6/13/2015 4:00:00 PM,2,0,0,36.059030,-86.716340,US HWY 31 ALT,,,,0.00,,,TUSCULUM RD,,,,0.00,Y,Four-Way, ,Intersection,None,,,         ,Peter,Knisley,Clear,Front to Rear,no,no,no,no,no,False
100860228,METROPOLITAN NASHVILLE POLICE DEPT,20150561713,Davidson,Nashville,6/13/2015 3:59:00 PM,2,0,0,36.109500,-86.727780,STATE HWY 155,,,,16.00,Feet,South,E THOMPSON LN,,,,0.00,N,Not at Intersection, ,,None,,,         ,Michael,Moss,,,no,no,no,no,no,False
100860230,METROPOLITAN NASHVILLE POLICE DEPT,20150561378,Davidson,Nashville,6/13/2015 1:15:00 PM,2,0,0,36.229780,-86.839510,STATE HWY 155,,,,0.00,,,-- UNKNOWN RAMP/ROAD --,,,,0.00,Y,OTHER, ,Non-Junction,None,,,         ,Nathan,Mayo,Clear,Front to Rear,no,no,no,no,no,False
100860233,METROPOLITAN NASHVILLE POLICE DEPT,20150561893,Davidson,Nashville,6/13/2015 5:53:00 PM,2,0,0,36.169550,-86.601020,RAMP,,,,0.00,,,OLD HICKORY BLVD,,,,0.00,Y,Four-Way,N,Intersection,None,,,         ,Tyler,Conrads,Clear,Angle,no,no,no,no,yes,False
100860238,METROPOLITAN NASHVILLE POLICE DEPT,20150561957,Davidson,Nashville,6/13/2015 6:21:00 PM,2,0,0,36.154700,-86.773100,4TH AVE S,,,,0.00,,,LEA AVE,,,,0.00,Y,Four-Way, ,Non-Junction,None,,,         ,Blaze,Williams,Clear,Front to Rear,no,no,no,no,no,False
100860239,METROPOLITAN NASHVILLE POLICE DEPT,20150561740,Davidson,Not in City Limit,6/13/2015 4:21:00 PM,2,0,0,36.263660,-86.711690,US HWY 31E,,,,230.00,Feet,North,STATE HWY 45,,,,0.00,N,Not at Intersection,N,Non-Junction,None,,,         ,Rodney,Phipps,Clear,Angle,no,no,no,no,no,False
100860269,METROPOLITAN NASHVILLE POLICE DEPT,2015-0561803,Davidson,Nashville,6/13/2015 4:26:00 PM,2,0,0,36.040250,-86.816390,STATE HWY 254,,,,0.00,,,GRANNY WHITE PIKE,,,,0.00,Y,Four-Way, ,Intersection-Related,None,,,         ,William,King,Clear,Front to Rear,no,no,no,no,no,False
100860270,METROPOLITAN NASHVILLE POLICE DEPT,2015-0561968,Davidson,Nashville,6/13/2015 6:02:00 PM,2,0,0,36.015600,-86.740620,EDMONDSON PIKE,,,,0.00,,,HOLT RD,,,,0.00,Y,T-Intersection, ,Intersection,None,,,         ,William,King,Clear,Angle,no,no,no,no,no,False
100860273,METROPOLITAN NASHVILLE POLICE DEPT,20150561984,Davidson,Nashville,6/13/2015 6:25:00 PM,2,0,0,36.167000,-86.763720,SHELBY AVE,,,,0.00,,,S 4TH ST,,,,0.00,Y,Four-Way, ,Intersection,None,,,         ,Joshua,Murray,Clear,"Sideswipe, Same Direction",no,no,no,no,no,False
100860281,METROPOLITAN NASHVILLE POLICE DEPT,20150562102,Davidson,Nashville,6/13/2015 6:50:00 PM,2,0,0,36.205850,-86.768570,E TRINITY LN,,,,0.00,,,US HWY 31W,,,,0.00,Y,Four-Way, ,Intersection-Related,None,,,         ,Terence,Maahs,Clear,Angle,no,no,no,no,no,False
100860287,METROPOLITAN NASHVILLE POLICE DEPT,15-0534095,Davidson,Nashville,6/6/2015 12:00:00 AM,2,0,0,36.103350,-86.816090,WARFIELD DR,,,,0.00,,,US HWY 431,,,,0.00,Y,Four-Way,Y,Intersection,None,,,         ,Frank,Walker,Clear,Front to Rear,no,no,no,no,no,False
100860290,METROPOLITAN NASHVILLE POLICE DEPT,20150562153,Davidson,Nashville,6/13/2015 8:04:00 PM,2,0,0,36.152980,-86.790930,DEMONBREUN ST,,,,0.00,,,,,,,0.00,,, ,Intersection,Unknown,,,         ,Mekisha,Page,Clear,Unknown,no,no,no,yes,yes,False
100860294,METROPOLITAN NASHVILLE POLICE DEPT,20150562033,Davidson,Nashville,6/13/2015 6:50:00 PM,2,0,0,36.089130,-86.614170,RAMP,,,,0.00,,,SMITH SPRINGS RD,,,,0.00,Y,T-Intersection,N,Intersection-Related,None,,,         ,Thomas,Barnes,Clear,HeadOn,no,no,no,no,no,False
100860335,METROPOLITAN NASHVILLE POLICE DEPT,20150561951,Davidson,Nashville,6/13/2015 5:15:00 PM,2,0,0,36.228540,-86.772650,I 65,,,,0.00,,,,,,,88.85,N,Not at Intersection, ,Non-Junction,Construction Zone,,,         ,Jarred,Ruhlman,Clear,"Sideswipe, Same Direction",no,no,no,no,no,False
100860339,METROPOLITAN NASHVILLE POLICE DEPT,2015-0559101,Davidson,Nashville,6/13/2015 6:16:00 PM,2,1,0,36.117580,-86.887380,DAVIDSON RD,,,,0.00,,,BROOK HOLLOW RD,,,,0.00,Y,Four-Way,N,Intersection,None,,,         ,Walter,Gray II,Clear,Angle,no,no,no,no,no,False
100860347,METROPOLITAN NASHVILLE POLICE DEPT,20150562551,Davidson,Not in City Limit,6/13/2015 9:00:00 PM,2,0,0,36.278600,-86.734150,I 65,,,,0.00,,,,,,,93.25,N,Not at Intersection, ,Non-Junction,None,,,         ,Jerry,Pirtle,Cloudy,"Sideswipe, Same Direction",no,no,no,no,yes,False
100860348,METROPOLITAN NASHVILLE POLICE DEPT,20150561532,Davidson,Nashville,6/13/2015 2:21:00 PM,2,0,0,36.199370,-86.620640,STATE HWY 45,,,,400.00,Feet,North,US HWY 70,,,,0.00,N,Not at Intersection, ,Non-Junction,None,,,         ,Felipe,Pereira,Clear,"Sideswipe, Same Direction",no,no,no,no,no,False
100860349,METROPOLITAN NASHVILLE POLICE DEPT,20150562576,Davidson,Nashville,6/13/2015 9:15:00 PM,2,0,0,36.196840,-86.690360,-- UNKNOWN RAMP/ROAD --,,,,0.00,,,OPRY MILLS DR,,,,0.00,Y,Y-Intersection, ,Entrance/Exit Ramp Related,None,,,         ,Felipe,Pereira,Clear,"Sideswipe, Same Direction",no,no,no,no,no,False
100860362,METROPOLITAN NASHVILLE POLICE DEPT,20150562695,Davidson,Nashville,6/13/2015 10:04:00 PM,1,1,0,36.103330,-86.714780,I 24,,,,0.00,,,,,,,54.30,N,Not at Intersection,N,Non-Junction,None,,,         ,richard,haley,Clear,Not Collision with Motor Vehicle in Transport,no,no,no,no,no,False
100860363,METROPOLITAN NASHVILLE POLICE DEPT,20150562033,Davidson,Antioch,6/13/2015 7:38:00 PM,2,0,0,0.000000,0.000000,ANDERSON,RD,US1,,200.00,Feet,South,,,US,,0.01,N,Not at Intersection,N,Non-Junction,None,,,         ,Thomas,Barnes,Clear,Other,no,no,no,no,no,False
100860373,METROPOLITAN NASHVILLE POLICE DEPT,20150562768,Davidson,Nashville,6/13/2015 10:10:00 PM,2,0,0,36.045260,-86.717090,STATE HWY 254,,,,0.00,,,HICKORY PLAZA DR,,,,0.00,Y,OTHER, ,Non-Junction,None,,,         ,Michael,Baron,Clear,"Sideswipe, Same Direction",no,no,no,no,no,False
100860378,METROPOLITAN NASHVILLE POLICE DEPT,20150562707,Davidson,Nashville,6/13/2015 10:01:00 PM,2,0,0,36.155100,-86.627030,RAMP,,,,0.00,,,I 40,,,,0.00,Y,OTHER,N,Intersection,None,,,         ,Curtis,Fisher,Clear,Angle,no,no,no,no,no,False
100860381,METROPOLITAN NASHVILLE POLICE DEPT,20150551898,Davidson,Nashville,6/11/2015 1:25:00 AM,2,0,0,36.046610,-86.661360,I 24,,,,0.00,,,,,,,59.25,N,Not at Intersection, ,Non-Junction,None,,,         ,William,Williams,Clear,Front to Rear,no,no,no,no,no,False
100860401,METROPOLITAN NASHVILLE POLICE DEPT,20150560664,Davidson,Nashville,6/13/2015 5:00:00 AM,2,0,0,36.225080,-86.774500,I 65,,,,0.00,,,,,,,88.60,N,Not at Intersection,N,Non-Junction,Construction Zone,Intermittent Moving Work,Activity Area,         ,Matthew,Lachance,Clear,"Sideswipe, Same Direction",no,no,no,no,yes,False
100860410,METROPOLITAN NASHVILLE POLICE DEPT,20150562931,Davidson,Nashville,6/14/2015 11:50:00 PM,2,0,0,36.172520,-86.766320,US HWY 31,,,,144.00,Feet,West,-- UNKNOWN RAMP/ROAD --,,,,0.00,N,Not at Intersection, ,Non-Junction,None,,,         ,Codey,Mullins,Clear,Front to Rear,no,no,no,no,no,False
100860413,METROPOLITAN NASHVILLE POLICE DEPT,20150563201,Davidson,Nashville,6/14/2015 2:49:00 AM,2,1,0,36.061570,-86.716780,US HWY 31 ALT,,,,72.00,Feet,South,CONNECTING ROAD,,,,0.00,N,Not at Intersection,N,Non-Junction,None,,,         ,Michael,Baron,Clear,Front to Rear,no,no,no,no,yes,False
100860416,METROPOLITAN NASHVILLE POLICE DEPT,20150563235,Davidson,Nashville,6/14/2015 12:00:00 AM,2,0,0,36.192380,-86.742330,DOUGLAS AVE,,,,100.00,Feet,East,N 12TH ST,,,,0.00,N,Not at Intersection, ,Non-Junction,None,,,         ,Christopher,Dameron,Clear,"Sideswipe, Same Direction",no,no,no,no,yes,False
100860429,METROPOLITAN NASHVILLE POLICE DEPT,20150563207,Davidson,Nashville,6/14/2015 3:06:00 AM,1,0,0,36.187420,-86.773350,CLEVELAND ST,,,,0.00,,,US HWY 31W,,,,0.00,Y,T-Intersection,Y,Intersection-Related,None,,,         ,Brian,Smith,Clear,Not Collision with Motor Vehicle in Transport,no,no,no,no,yes,False
100860441,METROPOLITAN NASHVILLE POLICE DEPT,20150563228,Davidson,Nashville,6/14/2015 1:40:00 AM,2,0,0,36.129060,-86.773040,I 65,,,,0.00,,,,,,,81.00,N,Not at Intersection,N,Non-Junction,None,,,         ,Devon,Morgan,Clear,"Sideswipe, Same Direction",no,no,no,no,no,False
100860448,METROPOLITAN NASHVILLE POLICE DEPT,20150560638,Davidson,Not in City Limit,6/13/2015 4:55:00 AM,1,1,0,36.283440,-86.806600,I 24,,,,0.00,,,,,,,40.00,N,Not at Intersection,N,Non-Junction,None,,,         ,Ryan,Kozlowski,Clear,Not Collision with Motor Vehicle in Transport,no,no,no,no,no,False
100860455,METROPOLITAN NASHVILLE POLICE DEPT,20150562723,Davidson,Nashville,6/13/2015 11:00:00 PM,2,0,0,36.117720,-86.726010,I 24,,,,0.00,,,,,,,53.10,N,Not at Intersection, ,Non-Junction,None,,,         ,Thomas,Burns,Clear,Front to Rear,no,no,no,no,no,False
100860461,GOODLETTSVILLE POLICE DEPT,15-22343,Davidson,Goodlettsville,6/13/2015 2:29:00 PM,2,0,0,36.323650,-86.706000,STATE HWY 174,,,,0.00,,,I 65,,,,0.00,Y,Four-Way,Y,Intersection,None,,,         ,John,Spencer,Clear,Angle,no,no,no,no,no,False
100860477,VANDERBILT UNIVERSITY POLICE,2015-561402,Davidson,Nashville,6/14/2015 12:00:00 AM,2,0,0,36.138440,-86.803900,BLAKEMORE AVE,,,,20.00,Feet,West,23RD AVE S,,,,0.00,,Not at Intersection, ,Non-Junction,None,,,         ,Allan,Sullivan,Clear,Other,no,no,no,yes,no,Campus
100860483,METROPOLITAN NASHVILLE POLICE DEPT,2015-0563503,Davidson,Nashville,6/14/2015 7:18:00 AM,1,1,0,36.178170,-86.695060,STATE HWY 155,,,,0.00,,,,,,,0.00,,,N,Non-Junction,None,,,         ,Eric,Uruski,Clear,Not Collision with Motor Vehicle in Transport,no,no,no,no,no,False
100860486,METROPOLITAN NASHVILLE POLICE DEPT,20150553325,Davidson,Nashville,6/11/2015 10:44:00 AM,2,0,0,36.155690,-86.771170,2ND AVE S,,,,38.00,Feet,North,LEA AVE,,,,0.00,N,Not at Intersection, ,Non-Junction,None,,,         ,Darren,Key,Clear,Angle,no,no,no,no,no,False
100860507,METROPOLITAN NASHVILLE POLICE DEPT,2015-0561426,Davidson,Nashville,6/14/2015 2:10:00 PM,2,0,0,36.197360,-86.620050,STATE HWY 45,,,,0.00,,,RAMP,,,,0.00,Y,Four-Way, ,,None,,,         ,Bryan,Byrnes,,,no,no,no,no,no,False
100860523,METROPOLITAN NASHVILLE POLICE DEPT,20150563699,Davidson,Nashville,6/14/2015 9:24:00 AM,1,0,0,36.150780,-86.766570,1ST AVE S,,,,306.00,Feet,West,UNNAMED STREET,,,,0.00,N,Not at Intersection,N,Non-Junction,None,,,         ,Johnathan,Carlisle,Clear,Not Collision with Motor Vehicle in Transport,no,no,no,yes,no,False
100860535,METROPOLITAN NASHVILLE POLICE DEPT,20150563613,Davidson,Nashville,6/14/2015 8:25:00 AM,2,0,0,36.153310,-86.842290,ALABAMA AVE,,,,0.00,,,46TH AVE N,,,,0.00,Y,Four-Way,N,Intersection,None,,,         ,Khalid,Abbady,Clear,Angle,no,no,no,no,no,False
100860538,METROPOLITAN NASHVILLE POLICE DEPT,20150563747,Davidson,Nashville,6/14/2015 8:55:00 AM,2,0,0,0.000000,0.000000,SHASTA DR,,,,5.00,Feet,West,4853 SHASTA DR,,,,0.00,N,Not at Intersection, ,Non-Junction,None,,,         ,Caleb,Jernigan,Clear,Not Collision with Motor Vehicle in Transport,no,no,no,no,no,False
100860546,METROPOLITAN NASHVILLE POLICE DEPT,20150563655,Davidson,Nashville,6/14/2015 8:55:00 AM,2,2,0,36.082680,-86.710520,TAMPA DR,,,,0.00,Feet,,STATE HWY 255,,,,0.00,Y,Four-Way,N,Intersection,None,,,         ,James,Thomas,Clear,Angle,no,no,no,no,no,False
100860547,METROPOLITAN NASHVILLE POLICE DEPT,20150553599,Davidson,Nashville,6/11/2015 12:11:00 PM,2,0,0,36.175040,-86.784330,RAMP,,,,0.00,,,JEFFERSON ST,,,,0.00,Y,Four-Way, ,Intersection-Related,None,,,         ,Joshua,Hollins,Cloudy,Front to Rear,no,no,no,no,no,False
100860559,METROPOLITAN NASHVILLE POLICE DEPT,20150563488,Davidson,Nashville,6/14/2015 7:00:00 AM,2,0,0,36.085220,-86.702500,STATE HWY 255,,,,0.00,,,-- UNKNOWN RAMP/ROAD --,,,,0.00,Y,Four-Way, ,Non-Junction,None,,,         ,Ian,Lynch,Clear,Front to Rear,no,no,no,no,no,False
100860561,METROPOLITAN NASHVILLE POLICE DEPT,2015-0552876,Davidson,Nashville,6/11/2015 8:01:00 AM,2,0,0,36.158880,-86.782050,US HWY 31,,,,0.00,,,US HWY 70,,,,0.00,Y,Four-Way, ,Intersection-Related,None,,,         ,Allen,Bates,Clear,Angle,no,no,no,no,no,False
100860562,METROPOLITAN NASHVILLE POLICE DEPT,20150563717,Davidson,Nashville,6/14/2015 9:38:00 AM,2,0,0,36.080360,-86.717930,STATE HWY 255,,,,0.00,,,JONQUIL DR,,,,0.00,Y,Four-Way,Y,Intersection,None,,,         ,Neil,Cook,Clear,Front to Rear,no,no,no,no,no,False
100860585,METROPOLITAN NASHVILLE POLICE DEPT,20150563895,Davidson,Nashville,6/14/2015 11:45:00 AM,2,0,0,36.174650,-86.750280,S 11TH ST,,,,186.00,Feet,North,FATHERLAND ST,,,,0.00,N,Not at Intersection, ,Non-Junction,None,,,         ,Jared,Eaves,Clear,"Sideswipe, Opposite Direction",no,no,no,no,no,False
100860589,METROPOLITAN NASHVILLE POLICE DEPT,20150563907,Davidson,Nashville,6/14/2015 11:59:00 AM,2,0,0,36.157370,-86.792720,15TH AVE N,,,,0.00,,,CHURCH ST,,,,0.00,Y,Four-Way,N,Intersection-Related,None,,,         ,Joshua,Dickall,Clear,Angle,no,no,no,no,no,False
100860602,METROPOLITAN NASHVILLE POLICE DEPT,20150563864,Davidson,Madison,6/14/2015 11:45:00 AM,2,0,0,36.264240,-86.735630,STATE HWY 45,,,,16.00,Feet,West,-- UNKNOWN RAMP/ROAD --,,,,0.00,N,Not at Intersection, ,Entrance/Exit Ramp Related,None,,,         ,Jordan,Lowry,Clear,Angle,no,no,no,no,no,False
100860613,BERRY HILL POLICE DEPT,15-2324,Davidson,Berry Hill,6/13/2015 5:15:00 PM,1,1,0,36.125790,-86.765880,BRANSFORD AVE,,,,0.00,,,CRAIGHEAD ST,,,,0.00,Y,Four-Way,Y,Intersection,None,,,         ,Larry,Carter,Clear,Not Collision with Motor Vehicle in Transport,no,yes,no,no,no,False
100860621,METROPOLITAN NASHVILLE POLICE DEPT,20150564003,Davidson,Nashville,6/14/2015 1:11:00 PM,2,0,0,36.208770,-86.794710,US HWY 431,,,,0.00,,,FREE SILVER RD,,,,0.00,Y,T-Intersection, ,Intersection,None,,,         ,Andrae,Starling,Clear,Angle,no,no,no,no,no,False
100860637,METROPOLITAN NASHVILLE POLICE DEPT,20150563994,Davidson,Nashville,6/14/2015 12:50:00 PM,2,0,0,36.064800,-86.622090,HAMILTON CHURCH RD,,,,0.00,Feet,,OWENDALE DR,,,,0.00,Y,T-Intersection,N,Intersection-Related,None,,,         ,Steven,Snitzer,Clear,HeadOn,no,no,no,no,no,False
100860648,METROPOLITAN NASHVILLE POLICE DEPT,20150564090,Davidson,Madison,6/14/2015 2:25:00 PM,2,0,0,36.263900,-86.690310,MYATT DR,,,,0.00,,,STATE HWY 45,,,,0.00,Y,Four-Way, ,Intersection,None,,,         ,William,Coy,Clear,Angle,no,no,no,no,no,False
100860653,METROPOLITAN NASHVILLE POLICE DEPT,20150564053,Davidson,Nashville,6/14/2015 1:39:00 PM,2,1,0,36.230310,-86.743810,BROADMOOR DR,,,,0.00,,,LEMONT DR,,,,0.00,Y,Four-Way,N,Non-Junction,None,,,         ,Jared,Eaves,Clear,"Sideswipe, Same Direction",no,no,no,no,no,False
100860662,METROPOLITAN NASHVILLE POLICE DEPT,20150562527,Davidson,Antioch,6/13/2015 9:22:00 PM,2,0,0,0.000000,0.000000,ANDERSON,RD,US1,,0.00,,,CREEKVIEW,DR,US1,,0.00,Y,Four-Way,N,Intersection,None,,,         ,Thomas,Barnes,Clear,Angle,no,no,no,no,no,False
100860668,METROPOLITAN NASHVILLE POLICE DEPT,20150564247,Davidson,Nashville,6/14/2015 2:53:00 PM,2,1,0,36.142500,-86.681910,I 40,,,,0.00,,,,,,,215.75,N,Not at Intersection,N,Non-Junction,None,,,         ,Thomas,Barnes,Clear,Front to Rear,no,no,no,no,yes,False
100860675,METROPOLITAN NASHVILLE POLICE DEPT,20150563654,Davidson,Nashville,6/14/2015 8:46:00 AM,1,0,0,36.143790,-86.748040,US HWY 41,,,,0.00,,,,,,,0.00,,, ,Non-Junction,None,,,         ,Dale,Dameron,Clear,Not Collision with Motor Vehicle in Transport,no,no,no,yes,no,False
100860684,METROPOLITAN NASHVILLE POLICE DEPT,20150524315,Davidson,Nashville,6/3/2015 5:05:00 PM,2,0,0,36.181740,-86.799700,I 65,,,,0.00,,,,,,,85.10,N,Not at Intersection, ,Non-Junction,None,,,         ,Tina,Wiggs,Clear,"Sideswipe, Same Direction",no,no,no,no,no,False
100860685,METROPOLITAN NASHVILLE POLICE DEPT,20150564067,Davidson,Nashville,6/14/2015 1:55:00 PM,2,3,0,36.044830,-86.849090,STATE HWY 254,,,,50.00,Feet,West,NOEL DR,,,,0.00,N,Not at Intersection,N,Non-Junction,None,,,         ,Eric,Burford,Clear,Front to Rear,no,no,no,no,no,False
100860687,METROPOLITAN NASHVILLE POLICE DEPT,20150523752,Davidson,Nashville,6/3/2015 2:29:00 PM,2,0,0,36.185970,-86.798420,US HWY 41 ALT,,,,0.00,,,-- UNKNOWN RAMP/ROAD --,,,,0.00,Y,OTHER, ,Intersection-Related,None,,,         ,Tina,Wiggs,Cloudy,Front to Rear,no,no,no,no,no,False
100860706,METROPOLITAN NASHVILLE POLICE DEPT,20150564284,Davidson,Not in City Limit,6/14/2015 3:53:00 PM,2,0,0,36.094490,-86.937740,I 40,,,,0.00,,,,,,,197.75,N,Not at Intersection,N,Non-Junction,None,,,         ,Tamara,Zurawski,Clear,Front to Rear,no,no,no,no,no,False
100860710,METROPOLITAN NASHVILLE POLICE DEPT,20150564533,Davidson,Nashville,6/14/2015 4:40:00 PM,2,0,0,36.068390,-86.673090,RICHARDS RD,,,,0.00,,,MCBRIDE RD,,,,0.00,Y,T-Intersection, ,,,,,         ,Jonathan,Frith,,,no,no,no,no,no,False
100860722,METROPOLITAN NASHVILLE POLICE DEPT,20150564593,Davidson,Not in City Limit,6/14/2015 6:13:00 PM,2,1,0,36.077320,-87.004920,I 40,,,,0.00,,,,,,,193.40,N,Not at Intersection,N,Non-Junction,None,,,         ,Adam,Reese,Clear,"Sideswipe, Same Direction",no,no,no,no,yes,False
100860724,METROPOLITAN NASHVILLE POLICE DEPT,20150564603,Davidson,Nashville,6/14/2015 6:25:00 PM,2,0,0,36.067110,-86.737610,WATSONWOOD DR,,,,0.00,,,EDMONDSON PIKE,,,,0.00,Y,T-Intersection, ,Intersection,None,,,         ,Peter,Knisley,Clear,Front to Rear,no,no,no,no,no,False
100860738,METROPOLITAN NASHVILLE POLICE DEPT,20150564475,Davidson,Not in City Limit,6/14/2015 5:20:00 PM,1,0,0,36.325310,-86.887020,BINKLEY RD,,,,0.00,Feet,East,BIDWELL RD,,,,0.00,N,Not at Intersection,N,Non-Junction,None,,,         ,Tina,Wiggs,Clear,Not Collision with Motor Vehicle in Transport,no,no,no,no,no,False
100860746,METROPOLITAN NASHVILLE POLICE DEPT,20150564645,Davidson,Nashville,6/14/2015 6:47:00 PM,2,1,0,36.109960,-86.720370,-- UNKNOWN RAMP/ROAD --,,,,0.00,,,I 24,,,,0.00,Y,T-Intersection,N,Intersection,None,,,         ,Kevin,Keating,,Angle,no,no,no,no,no,False
100860750,METROPOLITAN NASHVILLE POLICE DEPT,20150564681,Davidson,Nashville,6/14/2015 1:00:00 PM,2,0,0,36.081650,-86.660020,BISHOPSGATE RD,,,,118.00,Feet,South,KNIGHTSBRIDGE WAY,,,,0.00,N,Not at Intersection, ,,None,,,         ,Natalie,Robinson,,,no,no,no,no,no,False
100860751,METROPOLITAN NASHVILLE POLICE DEPT,20150564677,Davidson,Nashville,6/14/2015 7:09:00 PM,2,5,0,36.178140,-86.751650,S 10TH ST,,,,0.00,,,N 10TH ST,,,,0.00,Y,Four-Way,Y,Intersection,None,,,         ,Rachael,Sacco,Clear,Angle,no,no,no,no,no,False
100860756,METROPOLITAN NASHVILLE POLICE DEPT,20150564462,Davidson,Not in City Limit,6/14/2015 5:17:00 PM,2,2,0,36.287600,-86.879350,US HWY 41 ALT,,,,204.00,Feet,South,SAINT LAWRENCE DR,,,,0.00,N,Not at Intersection,N,Non-Junction,None,,,         ,Zachary,Ronan,Clear,Angle,no,no,no,no,no,False
100860758,METROPOLITAN NASHVILLE POLICE DEPT,20150564682,Davidson,Nashville,6/14/2015 6:00:00 PM,2,0,0,36.086420,-86.698730,-- UNKNOWN RAMP/ROAD --,,,,0.00,Feet,,I 24,,,,0.00,Y,Four-Way, ,Non-Junction,None,,,         ,Michael,Moss,Clear,Front to Rear,no,no,no,no,yes,False
100860773,METROPOLITAN NASHVILLE POLICE DEPT,20150561834,Davidson,Not in City Limit,6/13/2015 5:27:00 PM,2,1,0,36.279720,-86.708660,US HWY 31E,,,,14.00,Feet,South,RAMP,,,,0.00,N,Not at Intersection,N,Non-Junction,None,,,         ,Byron,Dewalt,Clear,Angle,no,no,no,no,no,False
100860794,VANDERBILT UNIVERSITY POLICE,15-0564935,Davidson,Nashville,6/14/2015 12:00:00 AM,2,0,0,36.141720,-86.801390,MEDICAL CENTER DR,,,,732.00,Feet,North,22ND AVE S,,,,0.00,N,Not at Intersection,N,Unknown,None,,,         ,Alan,Reed,Clear,"Sideswipe, Same Direction",no,no,no,yes,yes,Campus
100860799,METROPOLITAN NASHVILLE POLICE DEPT,20150564733,Davidson,Nashville,6/14/2015 7:33:00 PM,2,0,0,36.152160,-86.768850,2ND AVE S,,,,44.00,Feet,North,-- UNKNOWN RAMP/ROAD --,,,,0.00,N,Not at Intersection, ,Non-Junction,None,,,         ,Blaze,Williams,Clear,"Sideswipe, Same Direction",no,no,no,no,no,False
100860801,METROPOLITAN NASHVILLE POLICE DEPT,20150564415,Davidson,Nashville,6/14/2015 4:00:00 PM,2,0,0,36.216320,-86.590990,US HWY 70,,,,0.00,,,,,,,0.00,,, ,OtherLocation,None,,,         ,James,DeSantis,Clear,Other,no,no,no,yes,yes,False
100860813,METROPOLITAN NASHVILLE POLICE DEPT,20150564556,Davidson,Nashville,6/14/2015 5:42:00 PM,2,0,0,36.168900,-86.769100,RUSSELL ST,,,,388.00,Feet,East,S 2ND ST,,,,0.00,N,Not at Intersection,N,Non-Junction,None,,,         ,Ethan,Luffman,Clear,Angle,no,no,no,yes,yes,False
100860814,METROPOLITAN NASHVILLE POLICE DEPT,20150564699,Davidson,Nashville,6/14/2015 7:12:00 PM,2,0,0,36.156160,-86.771470,2ND AVE S,,,,230.00,Feet,North,LEA AVE,,,,0.00,N,Not at Intersection, ,Unknown,None,,,         ,Ethan,Luffman,Clear,Unknown,no,no,no,yes,yes,False