master_record_number,agency,agency_tracking_number,county,city,collision_date,vehicles_involved,number_injured,number_dead,latitude,longitude,roadway_name,roadway_suffix,roadway_number,roadway_local_id,distance_from_reference,miles-feet_indicator,direction_from_reference,intersection_road_name,intersection_road_name_suffix,intersection_road_number,intersection_local_id,mile_marker,intersection_indicator,intersect_type,interchange_related_indicator,relation_to_junction,work_zone_type,construction_maintenance_zone,construction_maintenance_zone_location,fatal_case_number,officer_first_name,officer_last_name,weather_condition(s),manner_of_crash,pedestrian,bicycle,scooter,parking,hitrun,mou
100861676,METROPOLITAN NASHVILLE POLICE DEPT,20150571834,Davidson,Nashville,6/16/2015 4:06:00 PM,2,1,0,36.151190,-86.751090,I 40,,,,0.00,,,,,,,211.55,N,Not at Intersection,N,Non-Junction,None,,,         ,Jiyayi,Suleyman,Clear,Front to Rear,no,no,no,no,yes,False
100861681,METROPOLITAN NASHVILLE POLICE DEPT,20150571507,Davidson,Nashville,6/16/2015 2:20:00 PM,2,0,0,36.249390,-86.719400,E PALESTINE AVE,,,,0.00,,,US HWY 31E,,,,0.00,Y,Four-Way, ,Unknown,None,,,         ,Lawrence,Lacy,Clear,Angle,no,no,no,no,no,False
100861682,METROPOLITAN NASHVILLE POLICE DEPT,20150562246,Davidson,Nashville,6/13/2015 7:20:00 PM,2,0,0,36.084140,-86.705860,LINBAR DR,,,,0.00,,,STATE HWY 255,,,,0.00,Y,Four-Way, ,Intersection-Related,None,,,         ,John,Stanfield,Clear,"Sideswipe, Same Direction",no,no,no,no,no,False
100861690,METROPOLITAN NASHVILLE POLICE DEPT,20150571497,Davidson,Nashville,6/16/2015 2:35:00 PM,2,0,0,36.242040,-86.762340,DOVERSIDE DR,,,,159.00,Feet,North,-- UNKNOWN RAMP/ROAD --,,,,0.00,N,Not at Intersection,N,"Driveway, Alley Access, etc",None,,,         ,Nathan,Dungan,Clear,Rear to Rear,no,no,no,yes,yes,False
100861691,METROPOLITAN NASHVILLE POLICE DEPT,20150571582,Davidson,Nashville,6/16/2015 2:30:00 PM,2,0,0,36.167550,-86.777620,PUBLIC SQ,,,,227.00,Feet,South,US HWY 31,,,,0.00,N,Not at Intersection, ,,,,,         ,Pedro,Rivera Chaparro,,,no,no,no,yes,no,False
100861692,METROPOLITAN NASHVILLE POLICE DEPT,20150550621,Davidson,Not in City Limit,6/10/2015 5:30:00 PM,2,0,0,36.281460,-86.707830,MCKINLEY ST,,,,0.00,,,US HWY 31E,,,,0.00,Y,OTHER,N,Unknown,None,,,         ,Lawrence,Lacy,Clear,Angle,no,no,no,yes,yes,False
100861710,METROPOLITAN NASHVILLE POLICE DEPT,20150571893,Davidson,Nashville,6/16/2015 4:10:00 PM,2,0,0,36.155640,-86.789710,14TH AVE,,,,0.00,,,US HWY 70,,,,0.00,Y,OTHER, ,Intersection,None,,,         ,Austin,Kendrick,Clear,Angle,no,no,no,no,no,False
100861711,METROPOLITAN NASHVILLE POLICE DEPT,20150571798,Davidson,Nashville,6/16/2015 3:57:00 PM,2,0,0,36.145500,-86.626180,BELL RD,,,,0.00,,,LINCOYA BAY DR,,,,0.00,Y,Four-Way, ,,None,,,         ,Timothy,Mead,,,no,no,no,no,no,False
100861715,METROPOLITAN NASHVILLE POLICE DEPT,20150571711,Davidson,Nashville,6/16/2015 3:23:00 PM,2,0,0,36.076810,-86.725460,US HWY 31 ALT,,,,0.00,,,RAMP,,,,0.00,Y,Four-Way,N,Intersection,None,,,         ,Megan,Lamon,Clear,Angle,no,no,no,no,no,False
100861716,METROPOLITAN NASHVILLE POLICE DEPT,2015-0571877,Davidson,Nashville,6/16/2015 4:14:00 PM,2,0,0,36.109400,-86.834920,ABBOTT MARTIN RD,,,,75.00,Feet,West,WALLACE LN,,,,0.00,N,Not at Intersection, ,Non-Junction,None,,,         ,Walter,Gray II,Clear,Front to Rear,no,no,no,no,no,False
100861717,METROPOLITAN NASHVILLE POLICE DEPT,20150571981,Davidson,Nashville,6/16/2015 4:27:00 PM,2,0,0,36.201800,-86.688930,STATE HWY 155,,,,162.00,Feet,North,EXIT 11,,,,0.00,N,Not at Intersection,N,Non-Junction,None,,,         ,Leslie,Hale,Clear,Front to Rear,no,no,no,no,no,False
100861719,METROPOLITAN NASHVILLE POLICE DEPT,20150571900,Davidson,Nashville,6/16/2015 4:12:00 PM,2,0,0,36.155310,-86.797700,18TH AVE N,,,,89.00,Feet,South,CHURCH STREET ALY,,,,0.00,N,Not at Intersection, ,Non-Junction,None,,,         ,Tien,Nguyen,Clear,Angle,no,no,no,no,no,False
100861720,METROPOLITAN NASHVILLE POLICE DEPT,20150571887,Davidson,Nashville,6/16/2015 4:10:00 PM,2,1,0,36.153020,-86.789450,DEMONBREUN ST,,,,122.00,Feet,West,CONNECTING ROAD,,,,0.00,N,Not at Intersection,N,Non-Junction,None,,,         ,Tien,Nguyen,Clear,Front to Rear,no,no,no,no,no,False
100861723,METROPOLITAN NASHVILLE POLICE DEPT,15-0571144,Davidson,Nashville,6/16/2015 12:39:00 PM,2,0,0,36.161110,-86.783500,US HWY 31,,,,202.00,Feet,South,CHURCH ST,,,,0.00,N,Not at Intersection,N,Non-Junction,None,,,         ,Frank,Campbell,Clear,Front to Rear,no,no,no,no,no,False
100861727,METROPOLITAN NASHVILLE POLICE DEPT,20150571607,Davidson,Nashville,6/16/2015 3:23:00 PM,2,0,0,36.047080,-86.656350,STATE HWY 254,,,,176.00,Feet,West,HICKORY HOLLOW PKWY,,,,0.00,N,Not at Intersection, ,Non-Junction,None,,,         ,Jessie,Meadows,Clear,Front to Rear,no,no,no,no,no,False
100861728,METROPOLITAN NASHVILLE POLICE DEPT,20150571961,Davidson,Antioch,6/16/2015 4:38:00 PM,2,0,0,36.047630,-86.656150,HICKORY HOLLOW PKWY,,,,46.00,Feet,North,STATE HWY 254,,,,0.00,N,Not at Intersection,N,Non-Junction,None,,,         ,Jessie,Meadows,Clear,Angle,no,no,no,no,yes,False
100861732,METROPOLITAN NASHVILLE POLICE DEPT,20150572037,Davidson,Nashville,6/16/2015 4:40:00 PM,2,0,0,36.227430,-86.746580,-- UNKNOWN RAMP/ROAD --,,,,0.00,Feet,East,US HWY 31E,,,,0.00,N,Not at Intersection,N,Non-Junction,None,,,         ,Terence,Maahs,Clear,"Sideswipe, Same Direction",no,no,no,no,no,False
100861737,METROPOLITAN NASHVILLE POLICE DEPT,20150571777,Davidson,Nashville,6/16/2015 4:01:00 PM,2,0,0,36.030510,-86.638650,I 24,,,,0.00,,,,,,,61.00,N,Not at Intersection, ,Non-Junction,None,,,         ,Jason,Door,Clear,Front to Rear,no,no,no,no,no,False
100861738,METROPOLITAN NASHVILLE POLICE DEPT,20150571759,Davidson,Nashville,6/16/2015 3:49:00 PM,1,0,0,36.195110,-86.772190,US HWY 31W,,,,77.00,Feet,South,FERN AVE,,,,0.00,N,Not at Intersection,N,Non-Junction,None,,,         ,Joshua,Reece,Clear,Not Collision with Motor Vehicle in Transport,no,no,no,no,no,False
100861745,METROPOLITAN NASHVILLE POLICE DEPT,2015-0568928,Davidson,Nashville,6/15/2015 9:55:00 PM,2,1,0,36.153860,-86.847800,-- UNKNOWN RAMP/ROAD --,,,,0.00,Feet,East,I 40,,,,0.00,N,Not at Intersection,Y,Entrance/Exit Ramp Related,None,,,         ,Christopher,Clark,Clear,Front to Rear,no,no,no,no,no,False
100861746,METROPOLITAN NASHVILLE POLICE DEPT,20150572225,Davidson,Nashville,6/16/2015 5:35:00 PM,2,0,0,36.138700,-86.822320,-- UNKNOWN RAMP/ROAD --,,,,0.00,,,I 440,,,,0.00,Y,OTHER,N,Non-Junction,None,,,         ,Tien,Nguyen,Clear,Front to Rear,no,no,no,no,yes,False
100861752,METROPOLITAN NASHVILLE POLICE DEPT,20150572195,Davidson,Nashville,6/16/2015 5:28:00 PM,2,0,0,36.015410,-86.738690,HOLT RD,,,,0.00,,,HITCHING POST LN,,,,0.00,Y,T-Intersection, ,Intersection,None,,,         ,Megan,Lamon,Clear,Front to Rear,no,no,no,no,no,False
100861756,METROPOLITAN NASHVILLE POLICE DEPT,20150571997,Davidson,Nashville,6/16/2015 4:35:00 PM,2,0,0,36.062310,-86.904610,STATE HWY 254,,,,0.00,,,STATE HWY 100,,,,0.00,Y,T-Intersection, ,Intersection-Related,None,,,         ,Brandon,Pedigo,Clear,Front to Rear,no,no,no,no,no,False
100861757,METROPOLITAN NASHVILLE POLICE DEPT,20150572129,Davidson,Nashville,6/16/2015 5:10:00 PM,2,0,0,36.156640,-86.768680,US HWY 70,,,,0.00,,,LEA AVE,,,,0.00,Y,Four-Way,N,Non-Junction,None,,,         ,Aaron,Thomas,Clear,"Sideswipe, Same Direction",no,no,no,no,no,False
100861763,METROPOLITAN NASHVILLE POLICE DEPT,20150572194,Davidson,Nashville,6/16/2015 5:25:00 PM,2,0,0,36.159230,-86.788980,CHURCH ST,,,,175.00,Feet,East,12TH AVE N,,,,0.00,N,Not at Intersection, ,"Driveway, Alley Access, etc",None,,,         ,Tyler,Hutton,Clear,Angle,no,no,no,no,no,False
100861764,METROPOLITAN NASHVILLE POLICE DEPT,2015-0572179,Davidson,Nashville,6/16/2015 5:22:00 PM,2,0,0,36.153910,-86.842830,I 40,,,,0.00,,,,,,,204.80,N,Not at Intersection, ,Non-Junction,None,,,         ,Walter,Gray II,Clear,Front to Rear,no,no,no,no,no,False
100861765,METROPOLITAN NASHVILLE POLICE DEPT,20150572393,Davidson,Nashville,6/16/2015 6:19:00 PM,2,1,0,36.154490,-86.759250,I 24,,,,0.00,,,,,,,49.85,N,Not at Intersection,N,Non-Junction,None,,,         ,Leslie,Hale,Clear,Front to Rear,no,no,no,no,yes,False
100861767,METROPOLITAN NASHVILLE POLICE DEPT,20150572173,Davidson,Nashville,6/16/2015 5:13:00 PM,2,0,0,36.149740,-86.784500,12TH AVE S,,,,491.00,Feet,South,DIVISION ST,,,,0.00,N,Not at Intersection, ,Non-Junction,None,,,         ,Jacob,Crouch,Clear,"Sideswipe, Same Direction",no,no,no,no,no,False
100861773,METROPOLITAN NASHVILLE POLICE DEPT,20150568360,Davidson,Nashville,6/15/2015 6:46:00 PM,2,7,0,36.193380,-86.753290,DOUGLAS AVE,,,,0.00,,,-- UNKNOWN RAMP/ROAD --,,,,0.00,Y,T-Intersection,N,Intersection,None,,,         ,Charles,Wakefield,Clear,Angle,no,no,no,no,no,False
100861775,METROPOLITAN NASHVILLE POLICE DEPT,2015-0572249,Davidson,Nashville,6/16/2015 5:43:00 PM,3,1,0,36.045570,-86.719520,STATE HWY 254,,,,70.00,Feet,East,ZERMATT AVE,,,,0.00,N,Not at Intersection,N,Non-Junction,None,,,         ,William,King,Clear,Front to Rear,no,no,no,no,no,False
100861780,METROPOLITAN NASHVILLE POLICE DEPT,20150571708,Davidson,Nashville,6/16/2015 3:53:00 PM,2,1,0,36.067230,-86.631040,US HWY 41,,,,78.00,Feet,South,FOREST VIEW DR,,,,0.00,N,Not at Intersection,N,Non-Junction,None,,,         ,Jessie,Meadows,Clear,Front to Rear,no,no,no,no,no,False
100861781,METROPOLITAN NASHVILLE POLICE DEPT,20150572257,Davidson,Nashville,6/16/2015 6:04:00 PM,2,0,0,36.080290,-86.719150,STATE HWY 255,,,,362.00,Feet,West,RECOVERY RD,,,,0.00,N,Not at Intersection, ,Non-Junction,None,,,         ,Jessie,Meadows,Clear,Front to Rear,no,no,no,no,no,False
100861784,METROPOLITAN NASHVILLE POLICE DEPT,20150571992,Davidson,Nashville,6/16/2015 4:30:00 PM,2,0,0,36.153440,-86.763870,-- UNKNOWN RAMP/ROAD --,,,,0.00,,,I 40,,,,0.00,Y,OTHER, ,Entrance/Exit Ramp Related,None,,,         ,Felipe,Pereira,Clear,"Sideswipe, Same Direction",no,no,no,no,no,False
100861785,METROPOLITAN NASHVILLE POLICE DEPT,20150572397,Davidson,Nashville,6/16/2015 4:20:00 PM,2,0,0,36.040840,-86.779350,STATE HWY 254,,,,0.00,,,FRANKLIN PIKE CIR,,,,0.00,Y,Four-Way, ,Non-Junction,None,,,         ,Ricki,Armstrong,Clear,Front to Rear,no,no,no,no,no,False
100861790,METROPOLITAN NASHVILLE POLICE DEPT,20150572457,Davidson,Goodlettsville,6/16/2015 6:45:00 PM,2,1,0,36.287550,-86.725940,I 65,,,,0.00,,,,,,,93.00,N,Not at Intersection,N,Non-Junction,None,,,         ,Byron,Dewalt,Clear,Front to Rear,no,no,no,no,no,False
100861793,METROPOLITAN NASHVILLE POLICE DEPT,20150572496,Davidson,Nashville,6/16/2015 7:00:00 PM,2,1,0,36.138680,-86.810850,BLAKEMORE AVE,,,,0.00,,,NATCHEZ TRC,,,,0.00,Y,Four-Way,N,Intersection-Related,None,,,         ,Tien,Nguyen,Clear,Angle,no,no,no,no,no,Campus
100861807,METROPOLITAN NASHVILLE POLICE DEPT,20150571490,Davidson,Nashville,6/16/2015 2:49:00 PM,3,2,0,36.158870,-86.760410,I 24,,,,0.00,,,,,,,49.55,N,Not at Intersection,N,Non-Junction,None,,,         ,William,Waters,Clear,Front to Rear,no,no,no,no,no,False
100861812,METROPOLITAN NASHVILLE POLICE DEPT,20150567965,Davidson,Nashville,6/15/2015 12:15:00 PM,1,0,0,36.160520,-86.679830,GRAYLYNN DR,,,,462.00,Feet,South,TAMWORTH DR,,,,0.00,N,Not at Intersection,N,"Driveway, Alley Access, etc",None,,,         ,Virginia,Carrigan,Clear,Not Collision with Motor Vehicle in Transport,no,no,no,yes,no,False
100861814,METROPOLITAN NASHVILLE POLICE DEPT,20150572546,Davidson,Nashville,6/16/2015 7:49:00 PM,2,0,0,36.045120,-86.659900,EXIT 59,,,,0.00,Feet,East,I 24,,,,0.00,N,Not at Intersection, ,Entrance/Exit Ramp Related,None,,,         ,Jessie,Meadows,Clear,"Sideswipe, Same Direction",no,no,no,no,no,False
100861817,METROPOLITAN NASHVILLE POLICE DEPT,20150564366,Davidson,Nashville,6/14/2015 4:09:00 PM,2,0,0,36.125530,-86.846160,KENNER AVE,,,,137.00,Feet,East,US HWY 70S,,,,0.00,N,Not at Intersection, ,Non-Junction,None,,,         ,Torian,Cox,Clear,Angle,no,no,no,no,no,False
100861821,GOODLETTSVILLE POLICE DEPT,15-22479,Davidson,Goodlettsville,6/16/2015 4:32:00 PM,2,0,0,36.301730,-86.710050,I 65,,,,0.00,,,,,,,95.30,N,Not at Intersection, ,Non-Junction,None,,,         ,John,Spencer,Clear,"Sideswipe, Same Direction",no,no,no,no,no,False
100861833,METROPOLITAN NASHVILLE POLICE DEPT,20150546100,Davidson,Nashville,6/9/2015 4:12:00 PM,2,0,0,36.227160,-86.835800,RAMP,,,,0.00,,,US HWY 41 ALT,,,,0.00,Y,T-Intersection, ,Entrance/Exit Ramp Related,None,,,         ,Victor,Alexander,Clear,Angle,no,no,no,no,no,False
100861834,METROPOLITAN NASHVILLE POLICE DEPT,2015-0571715,Davidson,Nashville,6/16/2015 3:37:00 PM,2,0,0,36.188070,-86.775340,I 24,,,,0.00,,,,,,,47.05,N,Not at Intersection, ,Non-Junction,None,,,         ,Anthony,Cavis,Clear,Front to Rear,no,no,no,no,no,False
100861843,METROPOLITAN NASHVILLE POLICE DEPT,20150571699,Davidson,Antioch,6/16/2015 3:33:00 PM,3,0,0,36.014810,-86.620340,STATE HWY 171,,,,129.00,Feet,South,-- UNKNOWN RAMP/ROAD --,,,,0.00,N,Not at Intersection,N,Non-Junction,None,,,         ,William,Durham,Clear,Front to Rear,no,no,no,no,no,False
100861844,METROPOLITAN NASHVILLE POLICE DEPT,20150572028,Davidson,Nashville,6/16/2015 4:26:00 PM,2,0,0,36.128290,-86.753870,US HWY 31 ALT,,,,18.00,Feet,North,NAPOLEON AVE,,,,0.00,N,Not at Intersection, ,Non-Junction,None,,,         ,William,Durham,Clear,"Sideswipe, Same Direction",no,no,no,no,no,False
100861845,METROPOLITAN NASHVILLE POLICE DEPT,20150572433,Davidson,Nashville,6/16/2015 5:30:00 PM,1,0,0,36.140140,-86.730840,I 24,,,,0.00,,,,,,,51.55,N,Not at Intersection, ,Non-Junction,None,,,         ,William,Durham,Clear,Not Collision with Motor Vehicle in Transport,no,no,no,no,no,False
100861846,METROPOLITAN NASHVILLE POLICE DEPT,20150572631,Davidson,Nashville,6/16/2015 6:39:00 PM,3,0,0,36.074140,-86.663240,PEBBLE CREEK DR,,,,0.00,Feet,West,UNA ANTIOCH PIKE,,,,0.00,N,Not at Intersection,N,Non-Junction,None,,,         ,William,Durham,Clear,"Sideswipe, Same Direction",no,no,no,no,yes,False
100861850,METROPOLITAN NASHVILLE POLICE DEPT,20150572914,Davidson,Nashville,6/16/2015 9:16:00 PM,2,1,0,36.048440,-86.654440,STATE HWY 254,,,,182.00,Feet,West,CONNECTING ROAD,,,,0.00,N,Not at Intersection,N,Non-Junction,None,,,         ,Jessie,Meadows,Clear,Front to Rear,no,no,no,no,yes,False
100861852,GOODLETTSVILLE POLICE DEPT,15-22804,Davidson,Goodlettsville,6/16/2015 8:44:00 PM,2,0,0,36.305590,-86.702900,WADE CIR,,,,0.00,,,RIVERGATE DR,,,,0.00,Y,Four-Way, ,Intersection,None,,,         ,Rico,Jones,Clear,Front to Rear,no,no,no,no,no,False
100861854,METROPOLITAN NASHVILLE POLICE DEPT,2015-0572735,Davidson,Nashville,6/16/2015 6:02:00 PM,2,0,0,36.197810,-86.756700,ROSEDALE AVE,,,,138.00,Feet,North,BLUE RIDGE DR,,,,0.00,N,Not at Intersection,N,Non-Junction,None,,,         ,Anthony,Cavis,Clear,"Sideswipe, Same Direction",no,no,no,no,yes,False
100861860,METROPOLITAN NASHVILLE POLICE DEPT,20150572124,Davidson,Nashville,6/16/2015 4:59:00 PM,2,0,0,36.192780,-86.801310,US HWY 41 ALT,,,,174.00,Feet,East,ATHENS WAY,,,,0.00,N,Not at Intersection,N,Non-Junction,None,,,         ,Michael,Brooks,Clear,Front to Rear,no,no,no,no,no,False
100861861,METROPOLITAN NASHVILLE POLICE DEPT,20150572392,Davidson,Nashville,6/16/2015 5:48:00 PM,2,0,0,36.180310,-86.804850,11TH AVE N,,,,0.00,,,BUCHANAN ST,,,,0.00,Y,T-Intersection, ,Intersection,None,,,         ,Michael,Brooks,Clear,Front to Rear,no,no,no,no,no,False
100861862,METROPOLITAN NASHVILLE POLICE DEPT,20150572480,Davidson,Nashville,6/16/2015 6:29:00 PM,2,0,0,36.214280,-86.775520,I 65,,,,0.00,,,,,,,87.90,N,Not at Intersection, ,Non-Junction,Construction Zone,,,         ,Michael,Brooks,Clear,"Sideswipe, Same Direction",no,no,no,no,no,False
100861863,METROPOLITAN NASHVILLE POLICE DEPT,20150572434,Davidson,Nashville,6/16/2015 6:29:00 PM,2,0,0,36.158480,-86.790670,US HWY 70,,,,0.00,,,-- UNKNOWN RAMP/ROAD --,,,,0.00,Y,T-Intersection, ,Intersection,None,,,         ,Ethan,Luffman,Clear,Front to Rear,no,no,no,no,no,False
100861869,METROPOLITAN NASHVILLE POLICE DEPT,20150573055,Davidson,Nashville,6/16/2015 9:38:00 PM,2,0,0,36.107800,-86.812670,US HWY 431,,,,0.00,,,GREEN HILLS VILLAGE DR,,,,0.00,Y,T-Intersection, ,Intersection-Related,None,,,         ,Tien,Nguyen,Clear,Front to Rear,no,no,no,no,no,False
100861876,METROPOLITAN NASHVILLE POLICE DEPT,2015-0548411,Davidson,Nashville,6/10/2015 6:32:00 AM,2,2,0,36.049900,-86.649350,MOUNT VIEW RD,,,,0.00,,,STATE HWY 254,,,,0.00,Y,Four-Way,N,Intersection,None,,,         ,Eric,Dandy,Clear,Angle,no,no,no,no,no,False
100861882,METROPOLITAN NASHVILLE POLICE DEPT,20150569372,Davidson,Nashville,6/16/2015 12:46:00 AM,2,2,0,36.139380,-86.819130,US HWY 70S,,,,0.00,,,MURPHY RD,,,,0.00,Y,Four-Way,Y,Intersection-Related,None,,,         ,Taylor,Jeansonne,Clear,Angle,no,no,no,no,no,False
100861893,GOODLETTSVILLE POLICE DEPT,15-22610,Davidson,Goodlettsville,6/15/2015 4:20:00 PM,2,0,0,36.289365,-86.723806,,,I65,,0.20,Miles,North,,,,,96.50,N,Not at Intersection,N,Non-Junction,None,,,         ,Charles,Hauskin,Clear,Front to Rear,no,no,no,no,yes,False
100861894,GOODLETTSVILLE POLICE DEPT,15-22776,Davidson,Goodlettsville,6/16/2015 4:45:00 PM,1,7,0,36.332653,-86.709509,,,I65S,,0.20,Miles,South,,,,,97.50,N,Not at Intersection,N,Non-Junction,None,,,         ,Charles,Hauskin,Clear,Not Collision with Motor Vehicle in Transport,no,no,no,no,no,False
100861904,METROPOLITAN NASHVILLE POLICE DEPT,20150573673,Davidson,Nashville,6/17/2015 1:55:00 AM,3,0,0,36.117390,-86.719010,E THOMPSON LN,,,,0.00,,,OLD GLENROSE AVE,,,,0.00,Y,OTHER,N,Rail Grade Crossing,None,,,         ,James,Jensen,Clear,Angle,no,no,no,no,yes,False
100861953,METROPOLITAN NASHVILLE POLICE DEPT,20150571283,Davidson,Nashville,6/16/2015 1:20:00 PM,1,1,0,36.184390,-86.798100,I 65,,,,0.00,,,,,,,85.35,N,Not at Intersection,N,OtherLocation,None,,,         ,Joshua,Baker,Clear,Not Collision with Motor Vehicle in Transport,no,no,no,no,no,False
100861958,METROPOLITAN NASHVILLE POLICE DEPT,2015-0566706,Davidson,Nashville,6/15/2015 9:58:00 AM,2,1,0,36.199740,-86.592020,CHANDLER RD,,,,0.00,Feet,,TULIP GROVE RD,,,,0.00,Y,Four-Way,N,Intersection,None,,,         ,Jeb,Johnston,Cloudy,Angle,no,no,no,no,no,False
100861974,METROPOLITAN NASHVILLE POLICE DEPT,20150574264,Davidson,Nashville,6/17/2015 6:55:00 AM,2,0,0,36.049350,-86.816160,GRANNY WHITE,PIKE,,,0.00,Feet,,WINDY RIDGE RD,RD,,,0.00,Y,OTHER,N,Intersection-Related,None,,,         ,Justin,Pinkelton,Clear,Front to Rear,no,no,no,no,no,False
100861984,METROPOLITAN NASHVILLE POLICE DEPT,20150574343,Davidson,Nashville,6/17/2015 7:30:00 AM,1,0,0,36.227050,-86.805530,KNIGHT DR,,,,1022.00,Feet,North,RAMP,,,,0.00,N,Not at Intersection, ,Non-Junction,None,,,         ,Clint,Gilleland,Clear,Not Collision with Motor Vehicle in Transport,no,no,no,no,no,False
100861990,METROPOLITAN NASHVILLE POLICE DEPT,20150574242,Davidson,Nashville,6/17/2015 6:40:00 AM,3,1,0,36.155180,-86.630340,I 40,,,,0.00,,,,,,,218.90,N,Not at Intersection,N,Non-Junction,None,,,         ,Joshua,Billotte,Clear,Front to Rear,no,no,no,no,no,False
100861998,METROPOLITAN NASHVILLE POLICE DEPT,20150574389,Davidson,Nashville,6/17/2015 12:00:00 AM,2,0,0,36.169010,-86.738130,LONG AVE,,,,166.00,Feet,West,S 19TH ST,,,,0.00,N,Not at Intersection, ,Non-Junction,None,,,         ,Aaron,Wigginton,Unknown,"Sideswipe, Same Direction",no,no,no,no,yes,False
100861999,METROPOLITAN NASHVILLE POLICE DEPT,2015-0571030,Davidson,Nashville,6/16/2015 12:07:00 PM,2,0,0,36.139760,-86.701910,LAURINDA DR,,,,36.00,Feet,North,KAREN DR,,,,0.00,N,Not at Intersection, ,Non-Junction,None,,,         ,Jeb,Johnston,Cloudy,Angle,no,no,no,no,yes,False
100862005,METROPOLITAN NASHVILLE POLICE DEPT,20150571136,Davidson,Nashville,6/16/2015 12:30:00 PM,2,0,0,36.172820,-86.793220,JEFFERSON ST,,,,254.00,Feet,West,REV DR ENOCH JONES BLVD,,,,0.00,N,Not at Intersection,N,Non-Junction,None,,,         ,Steven,Spillers,Clear,Front to Rear,no,no,no,no,yes,False
100862010,METROPOLITAN NASHVILLE POLICE DEPT,20150574429,Davidson,Nashville,6/17/2015 7:50:00 AM,3,0,0,36.110530,-86.739890,STATE HWY 155,,,,480.00,Feet,West,SAINT EDWARDS DR,,,,0.00,N,Not at Intersection,N,Non-Junction,None,,,         ,James,Thomas,Clear,Front to Rear,no,no,no,no,no,False
100862016,METROPOLITAN NASHVILLE POLICE DEPT,2015-0574870,Davidson,Nashville,6/17/2015 10:00:00 AM,2,0,0,36.134480,-86.825570,US HWY 70S,,,,122.00,Feet,West,BOWLING AVE,,,,0.00,N,Not at Intersection, ,,None,,,         ,Curtis,Rich,,,no,no,no,no,no,False
100862020,METROPOLITAN NASHVILLE POLICE DEPT,20150558086,Davidson,Nashville,6/12/2015 12:13:00 PM,2,1,0,36.137470,-86.799720,BLAKEMORE AVE,,,,272.00,Feet,North,US HWY 431,,,,0.00,N,Not at Intersection,N,Non-Junction,None,,,         ,David,Anderson,Rain,Angle,no,no,no,no,no,Campus
100862021,METROPOLITAN NASHVILLE POLICE DEPT,2015-0574852,Davidson,Nashville,6/17/2015 9:55:00 AM,1,0,0,36.202240,-86.763190,EDITH AVE,,,,427.00,Feet,West,LISCHEY AVE,,,,0.00,N,Not at Intersection, ,"Driveway, Alley Access, etc",None,,,         ,Coleman,Womack,Clear,Not Collision with Motor Vehicle in Transport,no,no,no,no,no,False
100862022,METROPOLITAN NASHVILLE POLICE DEPT,20150574822,Davidson,Nashville,6/17/2015 9:46:00 AM,2,0,0,36.141410,-86.732270,I 40,,,,0.00,,,,,,,213.00,N,Not at Intersection, ,,None,,,         ,James,Curtis,,,no,no,no,no,no,False
100862026,METROPOLITAN NASHVILLE POLICE DEPT,20150574689,Davidson,Nashville,6/17/2015 9:07:00 AM,2,1,0,36.040980,-86.779410,STATE HWY 254,,,,0.00,,,FRANKLIN PIKE CIR,,,,0.00,Y,Four-Way,N,Intersection,None,,,         ,Nathan,Kemp,Clear,Front to Rear,no,no,no,no,no,False
100862036,METROPOLITAN NASHVILLE POLICE DEPT,20150574637,Davidson,Nashville,6/17/2015 8:25:00 AM,2,0,0,36.064990,-86.717290,US HWY 31 ALT,,,,540.00,Feet,South,RAMP,,,,0.00,N,Not at Intersection, ,Non-Junction,None,,,         ,Thomas,West,Clear,Front to Rear,no,no,no,no,no,False
100862038,METROPOLITAN NASHVILLE POLICE DEPT,20150574601,Davidson,Nashville,6/17/2015 8:46:00 AM,2,1,0,36.144060,-86.698580,I 40,,,,0.00,,,,,,,214.80,N,Not at Intersection,N,Non-Junction,None,,,         ,William,Mckay,Clear,Front to Rear,no,no,no,no,yes,False
100862043,METROPOLITAN NASHVILLE POLICE DEPT,20150574477,Davidson,Nashville,6/17/2015 8:00:00 AM,2,0,0,36.043920,-86.693280,STATE HWY 254,,,,0.00,Feet,,BROOK VIEW ESTATES DR,,,,0.00,Y,T-Intersection,N,Intersection-Related,None,,,         ,Steven,Snitzer,Clear,Front to Rear,no,no,no,no,no,False
100862045,METROPOLITAN NASHVILLE POLICE DEPT,20150574461,Davidson,Nashville,6/17/2015 8:15:00 AM,2,1,0,36.241070,-86.755060,STATE HWY 155,,,,0.00,,,EXIT 90B,,,,0.00,Y,OTHER,N,Entrance/Exit Ramp Related,None,,,         ,Jeffery,Burnette,Cloudy,"Sideswipe, Same Direction",no,no,no,no,no,False
100862049,METROPOLITAN NASHVILLE POLICE DEPT,20150574943,Davidson,Nashville,6/17/2015 10:18:00 AM,2,0,0,36.018300,-86.619510,STATE HWY 171,,,,0.00,,,OWEN DR,,,,0.00,Y,Y-Intersection,N,Intersection-Related,None,,,         ,Scott,Carter,Clear,Front to Rear,no,no,no,no,yes,False
100862074,METROPOLITAN NASHVILLE POLICE DEPT,20150575360,Davidson,Nashville,6/17/2015 12:10:00 PM,2,0,0,36.167550,-86.662910,US HWY 70,,,,103.00,Feet,East,STATE HWY 255,,,,0.00,N,Not at Intersection, ,Non-Junction,None,,,         ,Mitchell,McClay,Clear,"Sideswipe, Same Direction",no,no,no,no,no,False