master_record_number,agency,agency_tracking_number,county,city,collision_date,vehicles_involved,number_injured,number_dead,latitude,longitude,roadway_name,roadway_suffix,roadway_number,roadway_local_id,distance_from_reference,miles-feet_indicator,direction_from_reference,intersection_road_name,intersection_road_name_suffix,intersection_road_number,intersection_local_id,mile_marker,intersection_indicator,intersect_type,interchange_related_indicator,relation_to_junction,work_zone_type,construction_maintenance_zone,construction_maintenance_zone_location,fatal_case_number,officer_first_name,officer_last_name,weather_condition(s),manner_of_crash,pedestrian,bicycle,scooter,parking,hitrun,mou
100862077,METROPOLITAN NASHVILLE POLICE DEPT,20150575396,Davidson,Nashville,6/17/2015 12:05:00 PM,2,0,0,36.111080,-86.755240,SIDCO DR,,,,37.00,Feet,South,STATE HWY 155,,,,0.00,N,Not at Intersection, ,Non-Junction,None,,,         ,Thomas,West,Clear,Front to Rear,no,no,no,no,no,False
100862093,METROPOLITAN NASHVILLE POLICE DEPT,20150574889,Davidson,Nashville,6/17/2015 9:55:00 AM,2,0,0,36.129170,-86.788960,LAWRENCE AVE,,,,0.00,,,12TH AVE S,,,,0.00,Y,T-Intersection, ,Intersection-Related,None,,,         ,David,Anderson,Clear,Angle,no,no,no,no,no,False
100862097,METROPOLITAN NASHVILLE POLICE DEPT,2015-0575453,Davidson,Nashville,6/17/2015 12:35:00 PM,2,0,0,36.206160,-86.772780,US HWY 431,,,,523.00,Feet,West,LUCAS LN,,,,0.00,N,Not at Intersection,N,Non-Junction,None,,,         ,Coleman,Womack,Clear,Front to Rear,no,no,no,no,no,False
100862105,METROPOLITAN NASHVILLE POLICE DEPT,20150575058,Davidson,Not in City Limit,6/17/2015 10:46:00 AM,1,1,0,36.015510,-86.621240,-- UNKNOWN RAMP/ROAD --,,,,0.00,,,I 24,,,,0.00,Y,OTHER,N,Entrance/Exit Ramp Related,None,,,         ,David,Simmonds,Clear,Not Collision with Motor Vehicle in Transport,no,no,no,no,no,False
100862117,METROPOLITAN NASHVILLE POLICE DEPT,20150571371,Davidson,Nashville,6/16/2015 1:55:00 PM,1,0,0,36.186050,-86.690720,STATE HWY 155,,,,78.00,Feet,East,-- UNKNOWN RAMP/ROAD --,,,,0.00,N,Not at Intersection,N,Non-Junction,None,,,         ,Kevin,Coleman,Clear,Not Collision with Motor Vehicle in Transport,no,no,no,no,no,False
100862119,GOODLETTSVILLE POLICE DEPT,15-22901,Davidson,Goodlettsville,6/17/2015 12:37:00 PM,2,0,0,36.323120,-86.707510,S CARTWRIGHT ST,,,,0.00,,,STATE HWY 174,,,,0.00,Y,Four-Way,N,Intersection,None,,,         ,George,Forbes,Clear,Angle,no,no,no,no,no,False
100862120,METROPOLITAN NASHVILLE POLICE DEPT,2015-0570596,Davidson,Nashville,6/16/2015 9:58:00 AM,4,3,0,36.080960,-86.751580,WAUFORD DR,,,,7.00,Feet,North,STATE HWY 255,,,,0.00,N,Not at Intersection,N,Non-Junction,None,,,         ,Paul,Joyner,Clear,"Sideswipe, Same Direction",no,no,no,no,no,False
100862121,METROPOLITAN NASHVILLE POLICE DEPT,20150553511,Davidson,Nashville,6/11/2015 11:21:00 AM,1,0,0,36.157240,-86.790840,-- UNKNOWN RAMP/ROAD --,,,,0.00,,,I 40,,,,0.00,Y,Four-Way,Y,Entrance/Exit Ramp Related,None,,,         ,Darrell,Osment,Clear,Not Collision with Motor Vehicle in Transport,no,no,no,no,yes,False
100862122,METROPOLITAN NASHVILLE POLICE DEPT,20150574804,Davidson,Nashville,6/17/2015 9:43:00 AM,2,0,0,36.155970,-86.808710,US HWY 70,,,,3.00,Feet,West,23RD AVE N,,,,0.00,N,Not at Intersection,N,Non-Junction,None,,,         ,Darrell,Osment,Clear,Front to Rear,no,no,no,no,no,False
100862136,METROPOLITAN NASHVILLE POLICE DEPT,2015-0572045,Davidson,Nashville,6/16/2015 4:35:00 PM,2,0,0,0.000000,0.000000,1ST AVE N,,,,0.00,,,CHURCH ST,ST,US1ST AV,,0.00,Y,Four-Way, ,Non-Junction,None,,,         ,Dejuan,Daniels,Clear,Other,no,no,no,no,no,False
100862137,METROPOLITAN NASHVILLE POLICE DEPT,20150575425,Davidson,Nashville,6/17/2015 11:52:00 AM,2,0,0,36.180520,-86.606290,STATE HWY 45,,,,818.00,Feet,South,ANDREW JACKSON WAY,,,,0.00,N,Not at Intersection,N,Non-Junction,None,,,         ,James,Curtis,Clear,Front to Rear,no,no,no,no,no,False
100862145,METROPOLITAN NASHVILLE POLICE DEPT,2015-0572489,Davidson,Nashville,6/16/2015 6:52:00 PM,2,1,0,36.176420,-86.787190,4TH AVE N,,,,253.00,Feet,North,MADISON ST,,,,0.00,N,Not at Intersection,N,Non-Junction,None,,,         ,Brandon,O'Guin,Clear,"Sideswipe, Same Direction",no,no,no,no,no,False
100862146,METROPOLITAN NASHVILLE POLICE DEPT,20150575675,Davidson,Nashville,6/17/2015 1:40:00 PM,2,0,0,36.164510,-86.763350,I 24,,,,0.00,,,,,,,49.10,N,Not at Intersection, ,Entrance/Exit Ramp Related,None,,,         ,Johnny,Crumby Jr.,Clear,Front to Rear,no,no,no,no,no,False
100862148,Metro Park Police,20150568607,Davidson,Nashville,6/15/2015 6:17:00 PM,2,0,0,0.000000,0.000000,465 BENITA DRIVE,,,,2.00,Feet,South,,,,,1.00,N,Not at Intersection,N,Non-Junction,None,,,         ,Curtis,"Avant, Jr.",Clear,Front to Rear,no,no,no,yes,no,False
100862154,METROPOLITAN NASHVILLE POLICE DEPT,2015-0574245,Davidson,Nashville,6/17/2015 6:34:00 AM,2,2,0,36.062880,-86.697480,PACKARD DR,,,,106.00,Feet,West,KEELEY DR,,,,0.00,N,Not at Intersection,N,Non-Junction,None,,,         ,William,Whitworth,Clear,HeadOn,no,no,no,no,yes,False
100862155,METROPOLITAN NASHVILLE POLICE DEPT,2015-0575308,Davidson,Nashville,6/17/2015 11:59:00 AM,2,3,0,36.069370,-86.684020,RICHARDS RD,,,,0.00,,,ANTIOCH PIKE,,,,0.00,Y,T-Intersection,N,Intersection,None,,,         ,William,Whitworth,Clear,Front to Rear,no,no,no,no,yes,False
100862156,METROPOLITAN NASHVILLE POLICE DEPT,2015-0575573,Davidson,Nashville,6/17/2015 12:25:00 PM,2,0,0,36.073160,-86.692250,I 24,,,,0.00,,,,,,,56.70,N,Not at Intersection,Y,Entrance/Exit Ramp Related,Maintenance Zone,Other,Activity Area,         ,William,Whitworth,Clear,Not Collision with Motor Vehicle in Transport,no,no,no,no,no,False
100862165,METROPOLITAN NASHVILLE POLICE DEPT,20150575777,Davidson,Nashville,6/17/2015 2:27:00 PM,2,0,0,36.177220,-86.748480,WOODLAND ST,,,,0.00,,,N 12TH ST,,,,0.00,Y,Four-Way, ,Intersection,None,,,         ,Whitney,Arnold,Clear,Angle,no,no,no,no,no,False
100862173,METROPOLITAN NASHVILLE POLICE DEPT,20150554768,Davidson,Nashville,6/12/2015 5:00:00 PM,2,0,0,36.168190,-86.765750,I 24,,,,0.00,,,,,,,48.80,N,Not at Intersection,N,Non-Junction,None,,,         ,Whitney,Arnold,Clear,Front to Rear,no,no,no,no,no,False
100862181,METROPOLITAN NASHVILLE POLICE DEPT,20150561541,Davidson,Madison,6/13/2015 3:17:00 PM,2,1,0,36.238820,-86.723910,WALTON LN,,,,0.00,,,US HWY 31E,,,,0.00,Y,T-Intersection,N,Intersection-Related,None,,,         ,Carlos,Urrutia,Cloudy,Front to Rear,no,no,no,no,yes,False
100862188,METROPOLITAN NASHVILLE POLICE DEPT,2015-0573070,Davidson,Nashville,6/16/2015 9:43:00 PM,2,2,0,36.086910,-86.730230,US HWY 31 ALT,,,,0.00,,,ELYSIAN FIELDS CT,,,,0.00,Y,Four-Way,N,Intersection,None,,,         ,William,King,Clear,HeadOn,no,no,no,no,no,False
100862191,METROPOLITAN NASHVILLE POLICE DEPT,20150575836,Davidson,Nashville,6/17/2015 3:34:00 PM,2,0,0,36.120690,-86.807970,LOMBARDY AVE,,,,0.00,,,US HWY 431,,,,0.00,Y,T-Intersection, ,Intersection,None,,,         ,Mekisha,Page,Clear,Front to Rear,no,no,no,no,no,False
100862196,METROPOLITAN NASHVILLE POLICE DEPT,15-0575688,Davidson,Nashville,6/17/2015 1:46:00 PM,2,0,0,36.180440,-86.774450,I 24,,,,0.00,,,,,,,47.65,N,Not at Intersection, ,Non-Junction,None,,,         ,Frank,Campbell,Clear,Front to Rear,no,no,no,no,no,False
100862202,METROPOLITAN NASHVILLE POLICE DEPT,20150575808,Davidson,Nashville,6/17/2015 2:37:00 PM,2,0,0,36.111600,-86.767580,POWELL AVE,,,,294.00,Feet,South,BRANSFORD AVE,,,,0.00,N,Not at Intersection,N,OtherLocation,None,,,         ,Tien,Nguyen,Clear,Front to Rear,no,no,no,yes,no,False
100862209,METROPOLITAN NASHVILLE POLICE DEPT,20150576026,Davidson,Nashville,6/17/2015 3:35:00 PM,2,0,0,36.040430,-86.780060,STATE HWY 254,,,,80.00,Feet,East,-- UNKNOWN RAMP/ROAD --,,,,0.00,N,Not at Intersection,N,Non-Junction,None,,,         ,William,King,Clear,"Sideswipe, Same Direction",no,no,no,no,yes,False
100862211,METROPOLITAN NASHVILLE POLICE DEPT,20150576005,Davidson,Nashville,6/17/2015 3:58:00 PM,2,1,0,36.097390,-86.657550,US HWY 41,,,,541.00,Feet,West,OLD MURFREESBORO PIKE,,,,0.00,N,Not at Intersection,N,Non-Junction,None,,,         ,Jessie,Meadows,Clear,Front to Rear,no,no,no,no,no,False
100862220,METROPOLITAN NASHVILLE POLICE DEPT,20150575890,Davidson,Nashville,6/17/2015 3:08:00 PM,4,1,0,36.190040,-86.614800,STATE HWY 45,,,,341.00,Feet,South,OLD LEBANON DIRT RD,,,,0.00,N,Not at Intersection,N,Non-Junction,None,,,         ,Stephen,Soule,Clear,Front to Rear,no,no,no,no,no,False
100862222,METROPOLITAN NASHVILLE POLICE DEPT,20150575832,Davidson,Madison,6/17/2015 2:10:00 PM,2,0,0,36.247080,-86.720930,US HWY 31E,,,,175.00,Feet,North,BERKLEY DR,,,,0.00,N,Not at Intersection,N,Non-Junction,None,,,         ,Nathan,Dungan,Clear,Front to Rear,no,no,no,no,no,False
100862224,METROPOLITAN NASHVILLE POLICE DEPT,20150576065,Davidson,Nashville,6/17/2015 3:38:00 PM,2,0,0,36.248650,-86.783610,I 24,,,,0.00,,,,,,,42.75,N,Not at Intersection,N,Non-Junction,None,,,         ,Michael,Brooks,Cloudy,Front to Rear,no,no,no,no,no,False
100862228,VANDERBILT UNIVERSITY POLICE,15-0576061,Davidson,Nashville,6/17/2015 2:45:00 PM,2,0,0,36.146050,-86.809660,NATCHEZ TRCE,,,,0.00,,,,,,,0.00,,, ,,None,,,         ,Patrick,Conwell,,,no,no,no,yes,no,Campus
100862229,METROPOLITAN NASHVILLE POLICE DEPT,20150576131,Davidson,Nashville,6/17/2015 4:08:00 PM,2,1,0,36.148960,-86.703320,APPLETON DR,,,,0.00,,,ELM HILL PIKE,,,,0.00,Y,Four-Way,N,Intersection,None,,,         ,Leslie,Hale,Clear,Angle,no,no,no,no,no,False
100862235,METROPOLITAN NASHVILLE POLICE DEPT,20150576164,Davidson,Nashville,6/17/2015 12:00:00 AM,2,0,0,36.153440,-86.822570,I 440,,,,0.00,,,,,,,1.70,N,Not at Intersection, ,Non-Junction,None,,,         ,Michael,Collazo,Clear,Front to Rear,no,no,no,no,no,False
100862240,METROPOLITAN NASHVILLE POLICE DEPT,20150573123,Davidson,Nashville,6/16/2015 10:00:00 PM,1,1,0,36.243090,-86.751630,-- UNKNOWN RAMP/ROAD --,,,,0.00,Feet,East,I 65,,,,0.00,N,Not at Intersection,N,Non-Junction,None,,,         ,Nathan,Dungan,Clear,Not Collision with Motor Vehicle in Transport,no,no,no,yes,no,False
100862242,METROPOLITAN NASHVILLE POLICE DEPT,2015-0576041,Davidson,Nashville,6/17/2015 3:50:00 PM,3,0,0,36.167190,-86.763200,SHELBY AVE,,,,166.00,Feet,East,S 4TH ST,,,,0.00,N,Not at Intersection, ,Non-Junction,None,,,         ,Clinton,Schroeder,Clear,Front to Rear,no,no,no,no,no,False
100862245,METROPOLITAN NASHVILLE POLICE DEPT,20150576027,Davidson,Nashville,6/17/2015 3:50:00 PM,2,0,0,36.140160,-86.818280,US HWY 70S,,,,367.00,Feet,South,ACKLEN PARK DR,,,,0.00,N,Not at Intersection, ,,None,,,         ,Charles,Griffin,,,no,no,no,no,no,False
100862247,METROPOLITAN NASHVILLE POLICE DEPT,20150576200,Davidson,Nashville,6/17/2015 4:27:00 PM,2,0,0,36.092750,-86.839760,HARDING PL,,,,0.00,,,ESTES RD,,,,0.00,Y,T-Intersection, ,Intersection,None,,,         ,Michael,Hunnicutt,Clear,Angle,no,no,no,no,no,False
100862253,METROPOLITAN NASHVILLE POLICE DEPT,20150576153,Davidson,Nashville,6/17/2015 4:14:00 PM,2,0,0,36.092980,-86.679200,RAMP,,,,0.00,Feet,East,STATE HWY 255,,,,0.00,N,Not at Intersection,N,Non-Junction,None,,,         ,William,Durham,Clear,Front to Rear,no,no,no,no,no,False
100862254,METROPOLITAN NASHVILLE POLICE DEPT,20150576309,Davidson,Nashville,6/17/2015 4:43:00 PM,2,0,0,36.141430,-86.715200,I 40,,,,0.00,,,,,,,213.90,N,Not at Intersection,N,Non-Junction,None,,,         ,Jiyayi,Suleyman,Clear,Front to Rear,no,no,no,no,no,False
100862255,METROPOLITAN NASHVILLE POLICE DEPT,20150576347,Davidson,Nashville,6/17/2015 5:21:00 PM,2,0,0,36.109300,-86.721590,I 24,,,,0.00,,,,,,,53.75,N,Not at Intersection, ,Non-Junction,None,,,         ,Jessie,Meadows,Clear,"Sideswipe, Same Direction",no,no,no,no,no,False
100862257,METROPOLITAN NASHVILLE POLICE DEPT,20150576310,Davidson,Nashville,6/17/2015 4:51:00 PM,2,0,0,36.184650,-86.741200,FRANKLIN AVE,,,,0.00,,,N 16TH ST,,,,0.00,Y,Four-Way,N,Intersection,None,,,         ,Cressie,Prill,Clear,Angle,no,no,no,no,no,False
100862259,METROPOLITAN NASHVILLE POLICE DEPT,20150576351,Davidson,Nashville,6/17/2015 5:08:00 PM,2,0,0,36.125880,-86.794030,BELMONT BLVD,,,,0.00,,,BEECHWOOD AVE,,,,0.00,Y,Four-Way, ,Intersection-Related,None,,,         ,Tien,Nguyen,Clear,Front to Rear,no,no,no,no,no,False
100862260,METROPOLITAN NASHVILLE POLICE DEPT,2015-0566509,Davidson,Nashville,6/15/2015 6:00:00 AM,2,0,0,36.209160,-86.775940,I 65,,,,0.00,,,,,,,87.55,N,Not at Intersection,Y,Entrance/Exit Ramp Related,Construction Zone,Lane Shift-Crossover,Activity Area,         ,Coleman,Womack,Clear,"Sideswipe, Same Direction",no,no,no,no,yes,False
100862261,METROPOLITAN NASHVILLE POLICE DEPT,20150576308,Davidson,Nashville,6/17/2015 4:58:00 PM,1,1,0,36.090090,-86.728500,SAM BONEY DR,,,,1052.00,Feet,West,ELYSIAN FIELDS CT,,,,0.00,N,Not at Intersection,N,Non-Junction,None,,,         ,Jacob,Masteller,Clear,Not Collision with Motor Vehicle in Transport,no,no,no,yes,no,False
100862263,METROPOLITAN NASHVILLE POLICE DEPT,20150576376,Davidson,Nashville,6/17/2015 4:19:00 PM,2,0,0,36.167990,-86.691290,US HWY 70,,,,0.00,,,CRAIGMEADE DR,,,,0.00,Y,T-Intersection, ,Intersection-Related,None,,,         ,Leslie,Hale,Clear,Front to Rear,no,no,no,no,no,False
100862268,METROPOLITAN NASHVILLE POLICE DEPT,20150575829,Davidson,Nashville,6/17/2015 2:51:00 PM,2,1,0,36.176980,-86.774470,SPRING ST,,,,0.00,,,N 1ST ST,,,,0.00,Y,Four-Way,N,Non-Junction,None,,,         ,Aaron,Thomas,Clear,Rear to Side,no,no,no,no,no,False
100862269,METROPOLITAN NASHVILLE POLICE DEPT,20150573009,Davidson,Nashville,6/16/2015 9:25:00 PM,1,0,0,36.253880,-86.744070,DUE WEST AVE N,,,,0.00,,,PORT DR,,,,0.00,Y,T-Intersection,N,Intersection,None,,,         ,Nathan,Dungan,Clear,Not Collision with Motor Vehicle in Transport,no,no,no,no,no,False
100862273,METROPOLITAN NASHVILLE POLICE DEPT,20150576113,Davidson,Nashville,6/17/2015 4:01:00 PM,2,0,0,36.143530,-86.778900,OLYMPIC ST,,,,0.00,,,US HWY 31,,,,0.00,Y,T-Intersection,N,Intersection,None,,,         ,Mekisha,Page,Clear,Angle,no,no,no,no,no,False
100862274,METROPOLITAN NASHVILLE POLICE DEPT,20150576467,Davidson,Nashville,6/17/2015 5:18:00 PM,2,0,0,36.109880,-86.811510,US HWY 431,,,,277.00,Feet,North,CRESTMOOR RD,,,,0.00,N,Not at Intersection, ,Non-Junction,None,,,         ,Michael,Hunnicutt,Clear,Front to Rear,no,no,no,no,no,False
100862275,METROPOLITAN NASHVILLE POLICE DEPT,20150576227,Davidson,Nashville,6/17/2015 4:37:00 PM,2,0,0,36.153820,-86.756080,US HWY 70,,,,0.00,,,FAIRFIELD AVE,,,,0.00,Y,Four-Way, ,Intersection,None,,,         ,Brent,Palte,Clear,Angle,no,no,no,no,no,False
100862281,METROPOLITAN NASHVILLE POLICE DEPT,20150576533,Davidson,Nashville,6/17/2015 6:00:00 PM,2,1,0,36.110900,-86.770940,I 65,,,,0.00,,,,,,,79.80,N,Not at Intersection,N,Non-Junction,None,,,         ,Tien,Nguyen,Clear,Front to Rear,no,no,no,no,no,False
100862287,METROPOLITAN NASHVILLE POLICE DEPT,20150576505,Davidson,Nashville,6/17/2015 5:52:00 PM,2,0,0,36.120530,-86.802700,I 440,,,,0.00,,,,,,,3.00,N,Not at Intersection, ,Non-Junction,None,,,         ,Mekisha,Page,Clear,Front to Rear,no,no,no,no,no,False
100862296,BERRY HILL POLICE DEPT,15-2350,Davidson,Berry Hill,6/15/2015 6:30:00 PM,2,3,0,36.125910,-86.767530,CRAIGHEAD ST,,,,488.00,Feet,West,BRANSFORD AVE,,,,0.00,N,Not at Intersection,N,Non-Junction,None,,,         ,John,Gleixner,Clear,Angle,no,no,no,no,no,False
100862297,GOODLETTSVILLE POLICE DEPT,15-22939,Davidson,Goodlettsville,6/17/2015 6:03:00 PM,2,1,0,36.297240,-86.714170,I 65,,,,0.00,,,,,,,94.90,N,Not at Intersection,N,Non-Junction,None,,,         ,Matt,Shoesmith,Clear,Front to Rear,no,no,no,no,no,False
100862303,METROPOLITAN NASHVILLE POLICE DEPT,20150575820,Davidson,Nashville,6/17/2015 2:16:00 PM,2,0,0,36.162410,-86.793410,I 40,,,,0.00,,,,,,,208.65,N,Not at Intersection, ,,,,,         ,Caleb,Rogan,,,no,no,no,no,no,False
100862304,METROPOLITAN NASHVILLE POLICE DEPT,2015-0576577,Davidson,Nashville,6/17/2015 5:56:00 PM,2,0,0,36.134810,-86.820390,-- UNKNOWN RAMP/ROAD --,,,,0.00,Feet,East,I 440,,,,0.00,N,Not at Intersection, ,,None,,,         ,Christopher,Clark,,,no,no,no,no,no,False
100862306,METROPOLITAN NASHVILLE POLICE DEPT,20150576697,Davidson,Nashville,6/17/2015 6:51:00 PM,2,0,0,36.213090,-86.731500,GALLATIN PIKE,,,,100.00,Feet,South,MCCHESNEY AVE,,,,0.00,N,Not at Intersection, ,,None,,,         ,Whitney,Arnold,,,no,no,no,no,no,False
100862310,METROPOLITAN NASHVILLE POLICE DEPT,20150576646,Davidson,Not in City Limit,6/17/2015 6:08:00 PM,2,0,0,36.048360,-86.952900,TEMPLE RD,,,,0.00,,,OLD HARDING PIKE,,,,0.00,Y,T-Intersection, ,Intersection-Related,None,,,         ,Brandon,Pedigo,Clear,Front to Rear,no,no,no,no,no,False
100862311,GOODLETTSVILLE POLICE DEPT,15-22943,Davidson,Goodlettsville,6/17/2015 6:40:00 PM,2,0,0,36.300020,-86.714010,ALTA LOMA RD,,,,594.00,Feet,South,DRAPER CIR,,,,0.00,N,Not at Intersection, ,Non-Junction,None,,,         ,Jason,Ayers,Clear,Front to Rear,no,no,no,no,no,False
100862313,METROPOLITAN NASHVILLE POLICE DEPT,20150576490,Davidson,Nashville,6/17/2015 4:55:00 PM,2,0,0,36.194310,-86.591080,TULIP GROVE RD,,,,556.00,Feet,West,WONDERLAND PASS,,,,0.00,N,Not at Intersection,N,Non-Junction,None,,,         ,Shawn,Taylor,Clear,"Sideswipe, Opposite Direction",no,no,no,no,yes,False
100862314,METROPOLITAN NASHVILLE POLICE DEPT,20150576713,Davidson,Nashville,6/17/2015 6:00:00 PM,2,0,0,36.199070,-86.688290,STATE HWY 155,,,,636.00,Feet,North,EXIT 11,,,,0.00,N,Not at Intersection,N,Non-Junction,None,,,         ,Shawn,Taylor,Clear,"Sideswipe, Same Direction",no,no,no,no,no,False
100862317,METROPOLITAN NASHVILLE POLICE DEPT,20150572488,Davidson,Madison,6/16/2015 7:00:00 PM,3,3,0,36.263000,-86.680930,STATE HWY 45,,,,0.00,,,RIO VISTA DR,,,,0.00,Y,Four-Way,N,Intersection-Related,None,,,         ,Nathan,Dungan,Clear,Front to Rear,no,no,no,no,no,False
100862328,METROPOLITAN NASHVILLE POLICE DEPT,20150576039,Davidson,Nashville,6/17/2015 3:37:00 PM,2,0,0,36.166190,-86.765870,-- UNKNOWN RAMP/ROAD --,,,,0.00,,,I 24,,,,0.00,Y,Four-Way, ,Intersection,None,,,         ,Ethan,Luffman,Clear,Front to Rear,no,no,no,no,no,False
100862329,METROPOLITAN NASHVILLE POLICE DEPT,20150576701,Davidson,Nashville,6/17/2015 6:45:00 PM,2,0,0,36.177750,-86.773230,I 24,,,,0.00,,,,,,,47.85,N,Not at Intersection, ,Non-Junction,None,,,         ,Ethan,Luffman,Clear,Front to Rear,no,no,no,no,no,False
100862331,METROPOLITAN NASHVILLE POLICE DEPT,20150572377,Davidson,Madison,6/16/2015 6:10:00 PM,2,2,0,36.262360,-86.681000,E OLD HICKORY BLVD,,,,0.00,,,RIO VISTA DR,,,,0.00,Y,T-Intersection,N,Intersection,None,,,         ,Nathan,Dungan,Clear,Angle,no,no,no,no,no,False
100862334,METROPOLITAN NASHVILLE POLICE DEPT,20150568271,Davidson,Nashville,6/15/2015 5:20:00 PM,2,0,0,36.235890,-86.781160,RICHMOND HILL DR,,,,0.00,,,BRICK CHURCH PIKE,,,,0.00,Y,T-Intersection, ,Intersection-Related,None,,,         ,Nathan,Dungan,Clear,Front to Rear,no,no,no,no,no,False
100862335,METROPOLITAN NASHVILLE POLICE DEPT,20150576666,Davidson,Nashville,6/17/2015 7:04:00 PM,2,0,0,36.046550,-86.713490,US HWY 31 ALT,,,,419.00,Feet,North,STATE HWY 254,,,,0.00,N,Not at Intersection,N,Non-Junction,None,,,         ,Jessie,Meadows,Clear,Angle,no,no,no,no,yes,False
100862343,METROPOLITAN NASHVILLE POLICE DEPT,20150576610,Davidson,Lakewood,6/17/2015 6:19:00 PM,4,0,0,36.239570,-86.637610,RIFLE RANGE RD,,,,0.00,,,,,,,0.00,,,N,Non-Junction,None,,,         ,Thomas,Barnes,Clear,Angle,no,no,no,yes,no,False
100872350,METROPOLITAN NASHVILLE POLICE DEPT,20150576932,Davidson,Nashville,6/17/2015 7:18:00 PM,2,2,0,36.176380,-86.759430,RAMSEY ST,,,,0.00,Feet,,N 8TH ST,,,,0.00,Y,Four-Way,N,Intersection-Related,None,,,         ,Kimberly,Brown,Clear,Angle,no,no,no,no,no,False
100872353,METROPOLITAN NASHVILLE POLICE DEPT,20150576063,Davidson,Nashville,6/17/2015 3:55:00 PM,2,0,0,36.168150,-86.778940,2ND AVE N,,,,195.00,Feet,North,US HWY 31,,,,0.00,N,Not at Intersection, ,Non-Junction,None,,,         ,William,Waters,Clear,Front to Rear,no,no,no,no,no,False
100872355,METROPOLITAN NASHVILLE POLICE DEPT,20150576975,Davidson,Nashville,6/17/2015 8:15:00 PM,2,0,0,36.142310,-86.734900,I 40,,,,0.00,,,,,,,212.80,N,Not at Intersection,N,Non-Junction,None,,,         ,John,Kelley,Clear,"Sideswipe, Same Direction",no,no,no,no,yes,False
100872364,METROPOLITAN NASHVILLE POLICE DEPT,20150568498,Davidson,Nashville,6/15/2015 7:20:00 PM,2,0,0,36.079680,-86.725610,RAMP,,,,0.00,Feet,East,STATE HWY 255,,,,0.00,N,Not at Intersection, ,Non-Junction,None,,,         ,Miguel,Garcia,Clear,Front to Rear,no,no,no,no,no,False
100872375,METROPOLITAN NASHVILLE POLICE DEPT,20150577133,Davidson,Nashville,6/17/2015 9:11:00 PM,2,0,0,36.040250,-86.816390,STATE HWY 254,,,,0.00,,,GRANNY WHITE PIKE,,,,0.00,Y,Four-Way,N,Intersection-Related,None,,,         ,Tien,Nguyen,Clear,Angle,no,no,no,no,no,False
100872384,METROPOLITAN NASHVILLE POLICE DEPT,20150577127,Davidson,Nashville,6/17/2015 9:10:00 PM,2,2,0,36.175610,-86.782220,1ST AVE N,,,,0.00,,,SPRING ST,,,,0.00,Y,Four-Way,Y,Intersection,None,,,         ,Ethan,Luffman,Clear,Front to Rear,no,no,no,no,no,False
100872387,TENNESSEE STATE UNIVERSITY ,15-TSU-12589,Davidson,Nashville,6/17/2015 3:00:00 PM,1,0,0,36.164770,-86.826390,33RD AVE N,,,,0.00,Feet,East,ALAMEDA ST,,,,0.00,N,Not at Intersection, ,Non-Junction,None,,,         ,Bruce,Baghai,Clear,Not Collision with Motor Vehicle in Transport,no,no,no,yes,no,False
100872388,METROPOLITAN NASHVILLE POLICE DEPT,20150576619,Davidson,Nashville,6/17/2015 6:20:00 PM,2,0,0,36.175220,-86.758330,MAIN ST,,,,154.00,Feet,East,N 8TH ST,,,,0.00,N,Not at Intersection, ,Non-Junction,Work Zone,,,         ,Clinton,Schroeder,Clear,Front to Rear,no,no,no,yes,yes,False
100872393,METROPOLITAN NASHVILLE POLICE DEPT,20150573182,Davidson,Not in City Limit,6/16/2015 10:28:00 PM,2,2,0,36.263060,-86.711910,STATE HWY 45,,,,0.00,,,US HWY 31E,,,,0.00,Y,Four-Way,N,Intersection-Related,None,,,         ,Royce,McLester,Clear,Angle,no,no,no,no,no,False
100872396,METROPOLITAN NASHVILLE POLICE DEPT,20150576797,Davidson,Not in City Limit,6/17/2015 7:15:00 PM,3,0,0,36.263820,-86.737660,I 65,,,,0.00,,,,,,,92.20,N,Not at Intersection,N,Non-Junction,None,,,         ,Jerry,Pirtle,Cloudy,"Sideswipe, Same Direction",no,no,no,no,no,False
100872408,METROPOLITAN NASHVILLE POLICE DEPT,20150577331,Davidson,Nashville,6/17/2015 10:45:00 PM,2,0,0,36.121150,-86.809230,SHARONDALE DR,,,,0.00,,,US HWY 431,,,,0.00,Y,T-Intersection, ,Intersection,None,,,         ,Mekisha,Page,Clear,Angle,no,no,no,no,no,False
100872410,METROPOLITAN NASHVILLE POLICE DEPT,20150577309,Davidson,Nashville,6/17/2015 10:16:00 PM,2,0,0,36.064760,-86.628450,HAMILTON CHURCH RD,,,,0.00,,,US HWY 41,,,,0.00,Y,Four-Way,N,Intersection,None,,,         ,William,Durham,Clear,Angle,no,no,no,no,no,False
100872414,METROPOLITAN NASHVILLE POLICE DEPT,20150577437,Davidson,Nashville,6/17/2015 11:10:00 PM,1,1,0,36.124300,-86.750950,EXIT 6,,,,0.00,,,I 440,,,,0.00,Y,T-Intersection,N,Entrance/Exit Ramp Related,None,,,         ,Brian,Penny,Clear,Not Collision with Motor Vehicle in Transport,no,no,no,no,no,False
100872419,METROPOLITAN NASHVILLE POLICE DEPT,20150577433,Davidson,Nashville,6/17/2015 10:37:00 PM,2,0,0,36.167640,-86.663240,US HWY 70,,,,0.00,,,STATE HWY 255,,,,0.00,Y,T-Intersection, ,Intersection,None,,,         ,Curtis,Fisher,Clear,Angle,no,no,no,no,no,False