master_record_number,agency,agency_tracking_number,county,city,collision_date,vehicles_involved,number_injured,number_dead,latitude,longitude,roadway_name,roadway_suffix,roadway_number,roadway_local_id,distance_from_reference,miles-feet_indicator,direction_from_reference,intersection_road_name,intersection_road_name_suffix,intersection_road_number,intersection_local_id,mile_marker,intersection_indicator,intersect_type,interchange_related_indicator,relation_to_junction,work_zone_type,construction_maintenance_zone,construction_maintenance_zone_location,fatal_case_number,officer_first_name,officer_last_name,weather_condition(s),manner_of_crash,pedestrian,bicycle,scooter,parking,hitrun,mou
100873388,METROPOLITAN NASHVILLE POLICE DEPT,20150584486,Davidson,Nashville,6/19/2015 4:15:00 PM,2,0,0,36.247820,-86.720450,US HWY 31E,,,,84.00,Feet,South,DUE WEST AVE E,,,,0.00,N,Not at Intersection, ,Non-Junction,None,,,         ,Ryan,Allen,Clear,Angle,no,no,no,no,no,False
100873389,METROPOLITAN NASHVILLE POLICE DEPT,20150584656,Davidson,Not in City Limit,6/19/2015 5:10:00 PM,2,0,0,36.277360,-86.769790,STATE HWY 45,,,,0.00,,,GOOD MORNING DR,,,,0.00,Y,T-Intersection, ,Non-Junction,None,,,         ,Ryan,Allen,Clear,Front to Rear,no,no,no,no,no,False
100873400,METROPOLITAN NASHVILLE POLICE DEPT,20150577384,Davidson,Nashville,6/17/2015 10:57:00 PM,2,1,0,36.044810,-86.662550,STATE HWY 254,,,,307.00,Feet,West,CANE RIDGE RD,,,,0.00,N,Not at Intersection,N,Non-Junction,None,,,         ,Jeffrey,Mathes,Clear,Front to Rear,no,no,no,no,no,False
100873401,METROPOLITAN NASHVILLE POLICE DEPT,20150584837,Davidson,Nashville,6/19/2015 5:57:00 PM,2,0,0,36.140730,-86.732280,I 40,,,,0.00,,,,,,,213.00,N,Not at Intersection, ,Non-Junction,None,,,         ,Tyler,Conrads,Rain,Front to Rear,no,no,no,no,no,False
100873412,METROPOLITAN NASHVILLE POLICE DEPT,20150584798,Davidson,Nashville,6/19/2015 5:55:00 PM,2,0,0,36.144930,-86.766650,US HWY 31 ALT,,,,0.00,,,CHESTNUT ST,,,,0.00,Y,Four-Way, ,Intersection,None,,,         ,Brenton,Adcox,Rain,Angle,no,no,no,no,yes,False
100873423,METROPOLITAN NASHVILLE POLICE DEPT,20150584903,Davidson,Goodlettsville,6/19/2015 6:20:00 PM,2,2,0,36.293950,-86.718290,I 65,,,,0.00,,,,,,,94.60,N,Not at Intersection,N,Non-Junction,None,,,         ,Ryan,Allen,Clear,Front to Rear,no,no,no,no,yes,False
100873426,METROPOLITAN NASHVILLE POLICE DEPT,20150584129,Davidson,Nashville,6/19/2015 2:28:00 PM,3,0,0,36.237530,-86.757900,-- UNKNOWN RAMP/ROAD --,,,,0.00,,,I 65,,,,0.00,Y,Four-Way,N,Non-Junction,None,,,         ,Anthony,Cavis,Clear,HeadOn,no,no,no,no,yes,False
100873428,METROPOLITAN NASHVILLE POLICE DEPT,20150581647,Davidson,Nashville,6/19/2015 8:45:00 PM,2,0,0,0.000000,0.000000,331 HARDING PL,PL,,331,0.25,Miles,West,ANTIOCH PIKE,PIKE,,,0.00,N,Not at Intersection, ,Non-Junction,None,,,         ,David,Collins,Clear,Angle,no,no,no,yes,yes,False
100873430,METROPOLITAN NASHVILLE POLICE DEPT,20150584789,Davidson,Nashville,6/19/2015 5:53:00 PM,2,0,0,36.218110,-86.837130,US HWY 41 ALT,,,,141.00,Feet,South,KINGS LN,,,,0.00,N,Not at Intersection, ,Non-Junction,None,,,         ,Christopher,Kelly,Clear,Angle,no,no,no,no,no,False
100873432,METROPOLITAN NASHVILLE POLICE DEPT,20150584715,Davidson,Lakewood,6/19/2015 5:29:00 PM,2,0,0,36.247480,-86.641270,STATE HWY 45,,,,0.00,,,24TH ST,,,,0.00,Y,Four-Way, ,,None,,,         ,Shawn,Taylor,,,no,no,no,no,no,False
100873435,METROPOLITAN NASHVILLE POLICE DEPT,20150584943,Davidson,Nashville,6/19/2015 4:45:00 PM,2,0,0,36.169870,-86.675260,US HWY 70,,,,209.00,Feet,East,PARK DR,,,,0.00,N,Not at Intersection, ,Non-Junction,None,,,         ,Bradley,McIntyre,Rain,"Sideswipe, Same Direction",no,no,no,no,no,False
100873438,METROPOLITAN NASHVILLE POLICE DEPT,2015580589,Davidson,Nashville,6/18/2015 5:22:00 PM,2,0,0,36.155590,-86.766190,US HWY 70,,,,0.00,,,ACADEMY PL,,,,0.00,Y,OTHER, ,Non-Junction,None,,,         ,Jacob,Paul,Clear,"Sideswipe, Same Direction",no,no,no,no,no,False
100873443,METROPOLITAN NASHVILLE POLICE DEPT,20150584930,Davidson,Nashville,6/19/2015 6:48:00 PM,2,0,0,36.080650,-86.805420,TYNE BLVD,,,,0.00,,,GRANNY WHITE PIKE,,,,0.00,Y,Four-Way, ,Intersection,None,,,         ,Megan,Lamon,Clear,Front to Rear,no,no,no,no,no,False
100873448,METROPOLITAN NASHVILLE POLICE DEPT,20150584962,Davidson,Not in City Limit,6/19/2015 6:30:00 PM,2,0,0,36.297110,-86.811180,I 24,,,,0.00,,,,,,,39.00,N,Not at Intersection, ,Non-Junction,None,,,         ,Zachary,Ronan,Clear,Front to Rear,no,no,no,no,no,False
100873449,METROPOLITAN NASHVILLE POLICE DEPT,20150584854,Davidson,Nashville,6/19/2015 5:35:00 PM,2,0,0,36.141780,-86.733440,I 40,,,,0.00,,,,,,,212.90,N,Not at Intersection, ,Non-Junction,None,,,         ,Bradley,McIntyre,Rain,"Sideswipe, Same Direction",no,no,no,no,yes,False
100873456,METROPOLITAN NASHVILLE POLICE DEPT,20150584743,Davidson,Nashville,6/19/2015 5:37:00 PM,2,0,0,36.251970,-86.717630,US HWY 31E,,,,0.00,,,E WEBSTER ST,,,,0.00,Y,T-Intersection,N,"Driveway, Alley Access, etc",None,,,         ,Edward,Draves,Cloudy,Angle,no,no,no,no,no,False
100873459,METROPOLITAN NASHVILLE POLICE DEPT,20150584185,Davidson,Nashville,6/19/2015 2:59:00 PM,2,0,0,36.085360,-86.702070,STATE HWY 255,,,,139.00,Feet,East,-- UNKNOWN RAMP/ROAD --,,,,0.00,N,Not at Intersection,N,Non-Junction,None,,,         ,William,Durham,Clear,Front to Rear,no,no,no,no,no,False
100873460,METROPOLITAN NASHVILLE POLICE DEPT,20150584154,Davidson,Nashville,6/19/2015 1:10:00 PM,2,2,0,36.130820,-86.727470,I 24,,,,0.00,,,,,,,51.10,N,Not at Intersection,N,Non-Junction,None,,,         ,William,Durham,Clear,Front to Rear,no,no,no,no,yes,False
100873461,METROPOLITAN NASHVILLE POLICE DEPT,20150584648,Davidson,Nashville,6/19/2015 5:10:00 PM,2,0,0,36.045500,-86.712150,STATE HWY 254,,,,154.00,Feet,East,RAMP,,,,0.00,N,Not at Intersection,N,Non-Junction,None,,,         ,William,Durham,Rain,Angle,no,no,no,yes,yes,False
100873462,METROPOLITAN NASHVILLE POLICE DEPT,20150585016,Davidson,Nashville,6/19/2015 6:59:00 PM,1,0,0,36.108180,-86.720210,EXIT 54,,,,0.00,Feet,East,I 24,,,,0.00,N,Not at Intersection,N,Entrance/Exit Ramp Related,None,,,         ,William,Durham,Rain,Not Collision with Motor Vehicle in Transport,no,no,no,no,yes,False
100873468,METROPOLITAN NASHVILLE POLICE DEPT,20150584764,Davidson,Nashville,6/19/2015 5:40:00 PM,3,0,0,36.033250,-86.775770,CHURCH ST E,,,,91.00,Feet,West,CONNECTING ROAD,,,,0.00,N,Not at Intersection, ,Non-Junction,None,,,         ,Royce,McLester,Rain,Front to Rear,no,no,no,no,no,False
100873470,METROPOLITAN NASHVILLE POLICE DEPT,20150567718,Davidson,Nashville,6/15/2015 3:10:00 PM,2,0,0,36.183330,-86.610310,STATE HWY 45,,,,146.00,Feet,East,ANDREW JACKSON PKWY,,,,0.00,N,Not at Intersection, ,Non-Junction,None,,,         ,James,DeSantis,Clear,Front to Rear,no,no,no,no,no,False
100873471,METROPOLITAN NASHVILLE POLICE DEPT,20150585102,Davidson,Nashville,6/19/2015 6:31:00 PM,2,0,0,36.096940,-86.656850,US HWY 41,,,,300.00,Feet,West,RAMP,,,,0.00,N,Not at Intersection,N,Non-Junction,None,,,         ,Brandon,Vance,Clear,Front to Rear,no,no,no,no,yes,False
100873472,METROPOLITAN NASHVILLE POLICE DEPT,2015-0584741,Davidson,Nashville,6/19/2015 5:24:00 PM,2,0,0,36.231520,-86.758920,US HWY 31W,,,,86.00,Feet,North,OAK VALLEY DR,,,,0.00,N,Not at Intersection, ,Non-Junction,None,,,         ,Anthony,Cavis,Clear,Angle,no,no,no,no,no,False
100873474,METROPOLITAN NASHVILLE POLICE DEPT,20150584871,Davidson,Nashville,6/19/2015 6:18:00 PM,2,1,0,36.152760,-86.623360,BELL RD,,,,505.00,Feet,East,STEWARTS FERRY PIKE,,,,0.00,N,Not at Intersection,N,Non-Junction,None,,,         ,Sarah,Hartman,Rain,HeadOn,no,no,no,no,no,False
100873476,METROPOLITAN NASHVILLE POLICE DEPT,20150584998,Davidson,Nashville,6/19/2015 6:50:00 PM,2,0,0,36.082440,-86.697930,I 24,,,,0.00,,,,,,,56.00,N,Not at Intersection, ,Non-Junction,None,,,         ,Ryan,Hampton,Clear,Front to Rear,no,no,no,no,no,False
100873487,METROPOLITAN NASHVILLE POLICE DEPT,20150585036,Davidson,Nashville,6/19/2015 6:22:00 PM,2,0,0,36.227600,-86.597480,SAUNDERSVILLE RD,,,,234.00,Feet,North,WYNTERGRACE FARM RD,,,,0.00,N,Not at Intersection, ,Non-Junction,None,,,         ,Shawn,Taylor,Rain,Front to Rear,no,no,no,no,no,False
100873488,METROPOLITAN NASHVILLE POLICE DEPT,20150584905,Davidson,Nashville,6/19/2015 6:20:00 PM,3,1,0,36.227920,-86.597430,SAUNDERSVILLE RD,,,,352.00,Feet,North,WYNTERGRACE FARM CT,,,,0.00,N,Not at Intersection,N,Non-Junction,None,,,         ,Shawn,Taylor,Rain,Angle,no,no,no,no,no,False
100873503,METROPOLITAN NASHVILLE POLICE DEPT,20150585021,Davidson,Nashville,6/19/2015 6:08:00 PM,2,0,0,36.152760,-86.623360,BELL RD,,,,505.00,Feet,East,STEWARTS FERRY PIKE,,,,0.00,N,Not at Intersection, ,Non-Junction,None,,,         ,Sarah,Hartman,Rain,Front to Rear,no,no,no,no,no,False
100873517,METROPOLITAN NASHVILLE POLICE DEPT,20150585132,Davidson,Nashville,6/19/2015 7:10:00 PM,2,0,0,36.074470,-86.920910,STATE HWY 251,,,,0.00,Feet,,US HWY 70S,,,,0.00,Y,Four-Way, ,Intersection-Related,None,,,         ,Michael,Russell,Clear,Front to Rear,no,no,no,no,no,False
100873539,METROPOLITAN NASHVILLE POLICE DEPT,20150584269,Davidson,Nashville,6/19/2015 3:51:00 PM,2,0,0,36.069820,-86.686210,HAYWOOD LN,,,,90.00,Feet,East,-- UNKNOWN RAMP/ROAD --,,,,0.00,N,Not at Intersection, ,Non-Junction,None,,,         ,Jessie,Meadows,Clear,"Sideswipe, Same Direction",no,no,no,no,no,False
100873540,METROPOLITAN NASHVILLE POLICE DEPT,20150584436,Davidson,Nashville,6/19/2015 4:33:00 PM,3,1,0,36.124370,-86.737570,I 440,,,,0.00,,,,,,,7.00,N,Not at Intersection,N,Non-Junction,None,,,         ,Jessie,Meadows,Clear,Front to Rear,no,no,no,no,no,False
100873541,METROPOLITAN NASHVILLE POLICE DEPT,20150584360,Davidson,Nashville,6/19/2015 5:01:00 PM,2,0,0,36.133150,-86.726950,-- UNKNOWN RAMP/ROAD --,,,,0.00,Feet,East,I 24,,,,0.00,N,Not at Intersection, ,Non-Junction,None,,,         ,Jessie,Meadows,Clear,Front to Rear,no,no,no,no,no,False
100873543,METROPOLITAN NASHVILLE POLICE DEPT,20150585087,Davidson,Nashville,6/19/2015 7:40:00 PM,4,1,0,36.068730,-86.716060,HAYWOOD LN,,,,54.00,Feet,East,HOPEDALE DR,,,,0.00,N,Not at Intersection,N,Non-Junction,None,,,         ,Jessie,Meadows,Clear,Front to Rear,no,no,no,no,no,False
100873544,METROPOLITAN NASHVILLE POLICE DEPT,20150584661,Davidson,Nashville,6/19/2015 5:36:00 PM,3,0,0,36.110580,-86.717720,STATE HWY 155,,,,168.00,Feet,East,RAMP,,,,0.00,N,Not at Intersection,N,Non-Junction,None,,,         ,Jessie,Meadows,Clear,Front to Rear,no,no,no,no,yes,False
100873548,METROPOLITAN NASHVILLE POLICE DEPT,20150585555,Davidson,Nashville,6/19/2015 9:15:00 PM,2,0,0,36.161750,-86.793290,I 40,,,,0.00,,,,,,,208.70,N,Not at Intersection, ,,,,,         ,Pedro,Rivera Chaparro,,,no,no,no,no,no,False
100873571,METROPOLITAN NASHVILLE POLICE DEPT,20150585791,Davidson,Nashville,6/19/2015 10:30:00 PM,2,0,0,36.191860,-86.781480,I 65,,,,0.00,,,,,,,86.25,N,Not at Intersection, ,Non-Junction,None,,,         ,Douglas,Smith,Rain,Front to Rear,no,no,no,no,no,False
100873585,METROPOLITAN NASHVILLE POLICE DEPT,2015-0585970,Davidson,Nashville,6/19/2015 11:50:00 PM,2,0,0,36.157900,-86.772600,2ND AVE S,,,,0.00,,,GATEWAY BLVD,,,,0.00,Y,Four-Way,N,Intersection,None,,,         ,Doyle,Wilhoite,Rain,Front to Rear,no,no,no,no,no,False
100873592,METROPOLITAN NASHVILLE POLICE DEPT,20150585849,Davidson,Nashville,6/19/2015 11:16:00 PM,2,0,0,36.168050,-86.765580,-- UNKNOWN RAMP/ROAD --,,,,0.00,Feet,East,I 24,,,,0.00,N,Not at Intersection,N,Non-Junction,None,,,         ,Steven,Wiser,Rain,Angle,no,no,no,no,no,False
100873594,METROPOLITAN NASHVILLE POLICE DEPT,20150586082,Davidson,Not in City Limit,6/19/2015 11:40:00 PM,1,1,0,36.079350,-86.959180,COLEY DAVIS RD,,,,1026.00,Feet,West,EXIT 196,,,,0.00,N,Not at Intersection,N,Non-Junction,None,,,         ,Melvin,Foster,Rain,Not Collision with Motor Vehicle in Transport,no,no,no,no,no,False
100873597,METROPOLITAN NASHVILLE POLICE DEPT,20150586242,Davidson,Nashville,6/20/2015 12:59:00 AM,2,0,0,36.047080,-86.647990,MOUNT VIEW RD,,,,0.00,,,BELL FORGE LN E,,,,0.00,Y,OTHER,N,Non-Junction,None,,,         ,Steven,Williams,Rain,Angle,no,no,no,yes,no,False
100873599,METROPOLITAN NASHVILLE POLICE DEPT,20150586348,Davidson,Nashville,6/20/2015 2:30:00 AM,2,0,0,36.238820,-86.723910,WALTON LN,,,,0.00,,,US HWY 31E,,,,0.00,Y,T-Intersection, ,Intersection,None,,,         ,Brian,Mclarty,Rain,HeadOn,no,no,no,no,yes,False
100873600,METROPOLITAN NASHVILLE POLICE DEPT,20150585984,Davidson,Nashville,6/19/2015 11:35:00 PM,2,0,0,36.229710,-86.802140,CLAYMILLE BLVD,,,,20.00,Feet,South,CLAYMILLE CT,,,,0.00,N,Not at Intersection, ,Non-Junction,None,,,         ,Matthew,Lachance,Rain,Angle,no,no,no,no,no,False
100873603,METROPOLITAN NASHVILLE POLICE DEPT,20150586287,Davidson,Nashville,6/20/2015 1:48:00 AM,1,1,0,36.144200,-86.648070,I 40,,,,0.00,,,,,,,217.30,N,Not at Intersection,N,Non-Junction,None,,,         ,Codey,Mullins,Rain,Not Collision with Motor Vehicle in Transport,no,no,no,no,no,False
100873616,METROPOLITAN NASHVILLE POLICE DEPT,20150585915,Davidson,Nashville,6/19/2015 11:30:00 PM,1,0,0,36.205570,-86.821160,BUENA VISTA PIKE,,,,357.00,Feet,North,TUCKER RD,,,,0.00,N,Not at Intersection,N,Non-Junction,None,,,         ,Benjamin,Spees,Rain,Not Collision with Motor Vehicle in Transport,no,no,no,no,yes,False
100873617,METROPOLITAN NASHVILLE POLICE DEPT,20150586360,Davidson,Nashville,6/20/2015 2:50:00 AM,2,0,0,36.161070,-86.777190,4TH AVE S,,,,0.00,,,US HWY 70,,,,0.00,Y,Four-Way,N,Intersection,None,,,         ,Brandon,Hicks,Rain,Front to Rear,no,no,no,no,yes,False
100873628,METROPOLITAN NASHVILLE POLICE DEPT,20150585774,Davidson,Nashville,6/19/2015 10:44:00 PM,2,1,0,36.147310,-86.744070,I 40,,,,0.00,,,,,,,212.00,N,Not at Intersection,N,Non-Junction,None,,,         ,Raymond,Heymann,Cloudy,"Sideswipe, Same Direction",no,no,no,no,no,False
100873631,METROPOLITAN NASHVILLE POLICE DEPT,20150586411,Davidson,Nashville,6/20/2015 3:20:00 AM,1,1,0,36.230680,-86.719050,HAYSBORO AVE,,,,151.00,Feet,West,LOG CABIN RD,,,,0.00,N,Not at Intersection,N,Non-Junction,None,,,         ,Douglas,Smith,Rain,Not Collision with Motor Vehicle in Transport,no,no,no,no,no,False
100873634,METROPOLITAN NASHVILLE POLICE DEPT,20150586365,Davidson,Nashville,6/20/2015 1:00:00 AM,2,0,0,36.073130,-86.599560,WELLFLEET CT,,,,0.00,,,BELLE OAKS PL,,,,0.00,Y,OTHER, ,Non-Junction,None,,,         ,Benjamin,Froehlich,Clear,Front to Rear,no,no,no,no,no,False
100873635,METROPOLITAN NASHVILLE POLICE DEPT,20150582782,Davidson,Nashville,6/19/2015 5:23:00 AM,2,0,0,36.133740,-86.722280,US HWY 41,,,,0.00,,,CONNECTING ROAD,,,,0.00,Y,OTHER,N,SharedUsePathOrTrail,None,,,         ,Charles,Shaw,Clear,Front to Rear,no,no,no,no,yes,False
100873637,METROPOLITAN NASHVILLE POLICE DEPT,20150585812,Davidson,Nashville,6/19/2015 11:00:00 PM,1,0,0,36.233860,-86.746610,US HWY 31E,,,,27.00,Feet,South,-- UNKNOWN RAMP/ROAD --,,,,0.00,N,Not at Intersection,N,Non-Junction,None,,,         ,Terrance,McBride,Rain,Not Collision with Motor Vehicle in Transport,no,no,no,no,no,False
100873644,METROPOLITAN NASHVILLE POLICE DEPT,20150586587,Davidson,Nashville,6/20/2015 5:20:00 AM,1,1,0,36.223810,-86.774550,I 65,,,,0.00,,,,,,,88.50,N,Not at Intersection,N,Non-Junction,Construction Zone,Intermittent Moving Work,Activity Area,         ,Matthew,Lachance,Rain,Not Collision with Motor Vehicle in Transport,no,no,no,no,no,False
100873646,METROPOLITAN NASHVILLE POLICE DEPT,20150561218,Davidson,Nashville,6/13/2015 11:32:00 AM,2,0,0,36.170640,-86.754300,S 9TH ST,,,,0.00,Feet,,SHELBY AVE,,,,0.00,Y,Four-Way,N,Non-Junction,None,,,         ,Jamell,Randall,Rain,Angle,no,no,no,no,no,False
100873647,METROPOLITAN NASHVILLE POLICE DEPT,20150586597,Davidson,Nashville,6/20/2015 5:27:00 AM,1,0,0,36.195750,-86.721160,PORTER RD,,,,201.00,Feet,West,TAMMANY DR,,,,0.00,N,Not at Intersection,N,Non-Junction,None,,,         ,Steven,Wiser,Rain,Not Collision with Motor Vehicle in Transport,no,no,no,no,no,False
100873654,METROPOLITAN NASHVILLE POLICE DEPT,20150583392,Davidson,Nashville,6/19/2015 9:56:00 AM,2,0,0,36.154380,-86.804110,21ST AVE N,,,,0.00,,,PATTERSON ST,,,,0.00,Y,Four-Way, ,Intersection,None,,,         ,Erik,Wagner,Cloudy,Angle,no,no,no,no,no,False
100873656,METROPOLITAN NASHVILLE POLICE DEPT,2015-0586547,Davidson,Nashville,6/20/2015 4:51:00 AM,2,0,0,36.172570,-86.599790,STATE HWY 265,,,,761.00,Feet,East,STATE HWY 45,,,,0.00,N,Not at Intersection,N,Non-Junction,None,,,         ,Matthew,Harris,Rain,Front to Rear,no,no,no,no,no,False
100873665,METROPOLITAN NASHVILLE POLICE DEPT,20150586412,Davidson,Nashville,6/20/2015 3:05:00 AM,2,0,0,36.148540,-86.745660,I 40,,,,0.00,,,,,,,211.90,N,Not at Intersection,N,Non-Junction,None,,,         ,Conner,Harris,Rain,"Sideswipe, Same Direction",no,no,no,no,no,False
100873667,METROPOLITAN NASHVILLE POLICE DEPT,20150584089,Davidson,Nashville,6/20/2015 2:18:00 PM,2,0,0,36.134230,-86.779040,WEDGEWOOD AVE,,,,0.00,,,US HWY 31,,,,0.00,Y,Four-Way, ,Intersection-Related,None,,,         ,John,Daugherty,Clear,"Sideswipe, Same Direction",no,no,no,no,no,False
100873677,METROPOLITAN NASHVILLE POLICE DEPT,20150586630,Davidson,Nashville,6/20/2015 12:00:00 AM,1,1,0,36.170320,-86.823010,SCHRADER LN,,,,0.00,,,SCHRADER ACRES DR,,,,0.00,Y,T-Intersection,N,Non-Junction,None,,,         ,Nicholas,Carter,Clear,Not Collision with Motor Vehicle in Transport,no,no,no,no,no,False
100873678,METROPOLITAN NASHVILLE POLICE DEPT,20150586455,Davidson,Nashville,6/20/2015 3:55:00 AM,1,2,0,36.085800,-86.700040,I 24,,,,0.00,,,,,,,55.75,N,Not at Intersection,Y,Entrance/Exit Ramp Related,None,,,         ,Kurt,Lewton,Rain,Not Collision with Motor Vehicle in Transport,no,no,no,no,no,False
100873684,METROPOLITAN NASHVILLE POLICE DEPT,20150586540,Davidson,Nashville,6/20/2015 4:45:00 AM,1,0,0,36.150240,-86.771400,I 40,,,,0.00,,,,,,,210.35,N,Not at Intersection,N,Non-Junction,None,,,         ,Michael,Baron,Rain,Not Collision with Motor Vehicle in Transport,no,no,no,no,no,False
100873696,METROPOLITAN NASHVILLE POLICE DEPT,2015-0570107,Davidson,Nashville,6/16/2015 7:24:00 AM,2,0,0,36.154690,-86.627500,STEWARTS FERRY PIKE,,,,0.00,,,EXIT 219,,,,0.00,Y,Four-Way,N,Intersection,None,,,         ,Jeb,Johnston,Clear,Front to Rear,no,no,no,no,yes,False
100873698,Nashville Airport Police,15-01315,Davidson,Nashville,6/17/2015 11:35:00 AM,2,1,0,36.135530,-86.667710,TERMINAL DR,,,,0.00,,,RAMP,,,,0.00,Y,OTHER,N,Unknown,None,,,         ,Thomas,McNew,Clear,"Sideswipe, Same Direction",no,no,no,no,no,False
100873703,METROPOLITAN NASHVILLE POLICE DEPT,20150586700,Davidson,Nashville,6/20/2015 12:00:00 AM,1,0,0,36.130240,-86.726970,I 24,,,,0.00,,,,,,,52.15,N,Not at Intersection,N,Non-Junction,None,,,         ,Brian,Murphy,Rain,Not Collision with Motor Vehicle in Transport,no,no,no,no,yes,False
100873710,METROPOLITAN NASHVILLE POLICE DEPT,20150583904,Davidson,Nashville,6/19/2015 1:05:00 PM,2,0,0,36.169900,-86.800710,14TH AVE N,,,,0.00,,,MEHARRY BLVD,,,,0.00,Y,Four-Way,N,Intersection,None,,,         ,Joseph,Cadden,Clear,Angle,no,no,no,no,no,False
100873720,METROPOLITAN NASHVILLE POLICE DEPT,20150583940,Davidson,Nashville,6/19/2015 1:20:00 PM,2,1,0,36.110630,-86.745050,US HWY 31 ALT,,,,113.00,Feet,South,STATE HWY 155,,,,0.00,N,Not at Intersection,N,Non-Junction,None,,,         ,Ian,Hammond,Cloudy,Angle,no,no,no,no,no,False
100873721,METROPOLITAN NASHVILLE POLICE DEPT,20150586678,Davidson,Nashville,6/20/2015 5:10:00 AM,2,1,0,36.060120,-86.679710,I 24,,,,0.00,,,,,,,57.85,N,Not at Intersection,N,Non-Junction,None,,,         ,Ian,Hammond,Cloudy,Front to Rear,no,no,no,no,yes,False
100873722,METROPOLITAN NASHVILLE POLICE DEPT,2015-0583829,Davidson,Nashville,6/19/2015 12:00:00 PM,2,0,0,36.196830,-86.689530,-- UNKNOWN RAMP/ROAD --,,,,0.00,Feet,East,GAYLORD DR,,,,0.00,N,Not at Intersection, ,Entrance/Exit Ramp Related,None,,,         ,Jeb,Johnston,Cloudy,"Sideswipe, Same Direction",no,no,no,no,no,False
100873724,METROPOLITAN NASHVILLE POLICE DEPT,20150586844,Davidson,Nashville,6/20/2015 8:56:00 AM,2,0,0,36.185030,-86.798110,US HWY 41 ALT,,,,51.00,Feet,East,RAMP,,,,0.00,N,Not at Intersection, ,Entrance/Exit Ramp Related,None,,,         ,Charles,Ward,Rain,Front to Rear,no,no,no,no,no,False
100873731,METROPOLITAN NASHVILLE POLICE DEPT,20150586953,Davidson,Nashville,6/20/2015 9:45:00 AM,2,0,0,36.155450,-86.622660,BELL RD,,,,1009.00,Feet,East,-- UNKNOWN RAMP/ROAD --,,,,0.00,N,Not at Intersection, ,,None,,,         ,Mitchell,McClay,,,no,no,no,no,no,False
100873737,METROPOLITAN NASHVILLE POLICE DEPT,2015-0586744,Davidson,Nashville,6/20/2015 7:40:00 AM,2,0,0,36.167230,-86.779620,3RD AVE N,,,,0.00,,,US HWY 31,,,,0.00,Y,Four-Way, ,Intersection,None,,,         ,Dale,Tomlin,Cloudy,Angle,no,no,no,no,no,False
100873739,METROPOLITAN NASHVILLE POLICE DEPT,20150586917,Davidson,Madison,6/20/2015 8:18:00 AM,2,1,0,36.305520,-86.687200,NORTHSIDE DR,,,,108.00,Feet,South,US HWY 31E,,,,0.00,N,Not at Intersection,N,Non-Junction,None,,,         ,Jordan,Lowry,Rain,Front to Rear,no,no,no,no,yes,False
100873744,METROPOLITAN NASHVILLE POLICE DEPT,20150586813,Davidson,Nashville,6/20/2015 8:31:00 AM,2,0,0,36.074830,-86.634390,ANDERSON RD,,,,200.00,Feet,East,BELL RD,,,,0.00,N,Not at Intersection,N,Non-Junction,None,,,         ,Justin,Franklin,Cloudy,Angle,no,no,no,no,no,False
100873745,METROPOLITAN NASHVILLE POLICE DEPT,20150586843,Davidson,Nashville,6/20/2015 9:33:00 AM,2,0,0,36.044960,-86.647260,CROSSINGS BLVD,,,,80.00,Feet,South,RAMP,,,,0.00,N,Not at Intersection, ,Non-Junction,None,,,         ,Megan,Arnett,Clear,Front to Rear,no,no,no,no,yes,False
100873746,METROPOLITAN NASHVILLE POLICE DEPT,2015-0515417,Davidson,Nashville,6/17/2015 12:26:00 PM,1,1,0,36.170630,-86.702990,DEARBORN DR,,,,115.00,Feet,South,DONELSON HILLS DR,,,,0.00,N,Not at Intersection,N,Non-Junction,None,,,         ,Jeb,Johnston,Cloudy,Not Collision with Motor Vehicle in Transport,yes,no,no,yes,no,False
100873749,METROPOLITAN NASHVILLE POLICE DEPT,2015-0586918,Davidson,Nashville,6/20/2015 9:45:00 AM,1,0,0,36.146810,-86.878090,I 40,,,,0.00,,,,,,,202.75,N,Not at Intersection,N,Non-Junction,None,,,         ,Benjamin,Cantrell,Cloudy,Unknown,no,no,no,no,no,False
100873752,METROPOLITAN NASHVILLE POLICE DEPT,2015-0583807,Davidson,Nashville,6/19/2015 12:39:00 PM,4,2,0,36.191810,-86.780070,EXIT 86B,,,,0.00,,,I 65,,,,0.00,Y,Y-Intersection,Y,Entrance/Exit Ramp Related,None,,,         ,Paul,Sorace,Cloudy,Front to Rear,no,no,no,no,no,False
100873753,METROPOLITAN NASHVILLE POLICE DEPT,20150586978,Davidson,Madison,6/20/2015 10:23:00 AM,2,0,0,36.262270,-86.679050,EAGAN CIR,,,,0.00,,,STATE HWY 45,,,,0.00,Y,Four-Way, ,Intersection-Related,None,,,         ,William,Coy,Cloudy,Angle,no,no,no,no,no,False
100873755,METROPOLITAN NASHVILLE POLICE DEPT,20150579608,Davidson,Nashville,6/18/2015 12:00:00 AM,1,0,0,36.168550,-86.813330,-- UNKNOWN RAMP/ROAD --,,,,0.00,,,I 40,,,,0.00,Y,Y-Intersection,N,Entrance/Exit Ramp Related,None,,,         ,Joseph,Cadden,Clear,Not Collision with Motor Vehicle in Transport,no,no,no,no,yes,False
100873756,METROPOLITAN NASHVILLE POLICE DEPT,20150586869,Davidson,Nashville,6/20/2015 9:15:00 AM,2,0,0,36.081970,-86.761370,-- UNKNOWN RAMP/ROAD --,,,,0.00,,,STATE HWY 255,,,,0.00,Y,Four-Way, ,Entrance/Exit Ramp Related,None,,,         ,James,Smith,Cloudy,Front to Rear,no,no,no,no,no,False