master_record_number,agency,agency_tracking_number,county,city,collision_date,vehicles_involved,number_injured,number_dead,latitude,longitude,roadway_name,roadway_suffix,roadway_number,roadway_local_id,distance_from_reference,miles-feet_indicator,direction_from_reference,intersection_road_name,intersection_road_name_suffix,intersection_road_number,intersection_local_id,mile_marker,intersection_indicator,intersect_type,interchange_related_indicator,relation_to_junction,work_zone_type,construction_maintenance_zone,construction_maintenance_zone_location,fatal_case_number,officer_first_name,officer_last_name,weather_condition(s),manner_of_crash,pedestrian,bicycle,scooter,parking,hitrun,mou
100873757,METROPOLITAN NASHVILLE POLICE DEPT,20150586980,Davidson,Nashville,6/20/2015 10:17:00 AM,2,0,0,36.167770,-86.797680,IRELAND ST,,,,229.00,Feet,West,12TH AVE N,,,,0.00,N,Not at Intersection, ,Non-Junction,None,,,         ,Charles,Ward,Cloudy,Rear to Rear,no,no,no,no,yes,False
100873765,METROPOLITAN NASHVILLE POLICE DEPT,20150575588,Davidson,Nashville,6/17/2015 12:45:00 PM,2,0,0,36.160770,-86.793680,US HWY 70,,,,0.00,,,EXIT 209,,,,0.00,Y,Four-Way, ,Intersection-Related,None,,,         ,Steven,Spillers,Clear,"Sideswipe, Same Direction",no,no,no,no,no,False
100873773,METROPOLITAN NASHVILLE POLICE DEPT,2015-0584064,Davidson,Madison,6/19/2015 1:25:00 PM,3,1,0,36.305740,-86.687440,US HWY 31E,,,,0.00,,,NORTHSIDE DR,,,,0.00,Y,T-Intersection,N,Intersection-Related,None,,,         ,Nicholas,Truan,Clear,Front to Rear,no,no,no,no,no,False
100873779,METROPOLITAN NASHVILLE POLICE DEPT,20150587134,Davidson,Nashville,6/20/2015 11:49:00 AM,2,0,0,36.242000,-86.757230,US HWY 31W,,,,0.00,Feet,,-- UNKNOWN RAMP/ROAD --,,,,0.00,Y,OTHER, ,Intersection-Related,None,,,         ,William,Coy,Cloudy,Front to Rear,no,no,no,no,no,False
100873782,METROPOLITAN NASHVILLE POLICE DEPT,20150587132,Davidson,Nashville,6/20/2015 3:00:00 AM,1,0,0,36.193820,-86.628080,BONNABROOK DR,,,,0.00,,,BONNASIDE DR,,,,0.00,Y,T-Intersection, ,Non-Junction,None,,,         ,William,Mckay,Cloudy,Not Collision with Motor Vehicle in Transport,no,no,no,no,yes,False
100873786,METROPOLITAN NASHVILLE POLICE DEPT,20150587079,Davidson,Nashville,6/20/2015 11:15:00 AM,1,0,0,36.230510,-86.768680,EWING DR,,,,0.00,,,LARKSPUR DR,,,,0.00,Y,T-Intersection, ,Intersection,None,,,         ,Eric,Westbrook,Cloudy,Not Collision with Motor Vehicle in Transport,no,no,no,no,yes,False
100873787,METROPOLITAN NASHVILLE POLICE DEPT,20150586872,Davidson,Nashville,6/20/2015 8:49:00 AM,2,1,0,36.120140,-86.702780,US HWY 41,,,,334.00,Feet,West,JUNIPER DR,,,,0.00,N,Not at Intersection,N,Non-Junction,None,,,         ,Cassandra,Del Bosco,Cloudy,Front to Rear,no,no,no,no,no,False
100873795,THP District 3 - Nashville,315032031,Davidson,Nashville,6/20/2015 2:15:00 AM,3,0,0,36.146680,-86.743100,I 40,,,,0.00,,,,,,,212.10,N,Not at Intersection,N,Non-Junction,None,,,         ,Charles,Cooper,Rain,Front to Rear,no,no,no,no,no,False
100873796,METROPOLITAN NASHVILLE POLICE DEPT,20150587162,Davidson,Nashville,6/20/2015 12:00:00 PM,2,0,0,36.171930,-86.796780,JEFFERSON ST,,,,91.00,Feet,East,11TH AVE N,,,,0.00,N,Not at Intersection, ,Non-Junction,None,,,         ,Clint,Gilleland,Cloudy,Front to Rear,no,no,no,no,no,False
100873816,METROPOLITAN NASHVILLE POLICE DEPT,20150587181,Davidson,Nashville,6/20/2015 12:15:00 PM,2,0,0,36.212900,-86.775690,I 65,,,,0.00,,,,,,,87.80,N,Not at Intersection, ,Non-Junction,Construction Zone,,,         ,Noah,Melton,Cloudy,"Sideswipe, Same Direction",no,no,no,no,no,False
100873825,METROPOLITAN NASHVILLE POLICE DEPT,20150587140,Davidson,Nashville,6/20/2015 11:53:00 AM,2,0,0,36.191380,-86.733640,DOUGLAS AVE,,,,105.00,Feet,West,SCOTT AVE,,,,0.00,N,Not at Intersection, ,Non-Junction,None,,,         ,Jamell,Randall,Cloudy,HeadOn,no,no,no,no,no,False
100873826,VANDERBILT UNIVERSITY POLICE,15-0587282,Davidson,Nashville,6/20/2015 12:30:00 PM,2,0,0,36.140850,-86.801490,DIXIE PL,,,,0.00,,,MEDICAL CENTER DR,,,,0.00,Y,OTHER, ,,None,,,         ,Karl,Haury,,,no,no,no,yes,no,Campus
100873830,METROPOLITAN NASHVILLE POLICE DEPT,20150587280,Davidson,Nashville,6/20/2015 1:30:00 PM,2,0,0,36.167910,-86.765580,I 24,,,,0.00,,,,,,,48.85,N,Not at Intersection, ,Non-Junction,None,,,         ,Jared,Eaves,Clear,Front to Rear,no,no,no,no,no,False
100873831,METROPOLITAN NASHVILLE POLICE DEPT,20150587206,Davidson,Madison,6/20/2015 12:30:00 PM,3,0,0,36.305740,-86.687440,US HWY 31E,,,,0.00,,,NORTHSIDE DR,,,,0.00,Y,T-Intersection, ,Intersection-Related,None,,,         ,Jordan,Lowry,Cloudy,Front to Rear,no,no,no,no,no,False
100873840,METROPOLITAN NASHVILLE POLICE DEPT,20150587279,Davidson,Nashville,6/20/2015 1:15:00 PM,2,0,0,36.076970,-86.694350,I 24,,,,0.00,,,,,,,56.45,N,Not at Intersection, ,Non-Junction,None,,,         ,Brian,Lamb,Clear,Angle,no,no,no,no,no,False
100873843,METROPOLITAN NASHVILLE POLICE DEPT,20150587154,Davidson,Nashville,6/20/2015 11:52:00 AM,2,0,0,36.045800,-86.653880,HICKORY HOLLOW PKWY,,,,20.00,Feet,South,CONNECTING ROAD,,,,0.00,N,Not at Intersection,N,Non-Junction,None,,,         ,Mark,Harrison,Cloudy,Angle,no,no,no,yes,no,False
100873848,METROPOLITAN NASHVILLE POLICE DEPT,20150587196,Davidson,Nashville,6/20/2015 2:00:00 AM,2,0,0,36.237440,-86.747840,SLATE DR,,,,351.00,Feet,North,WALTON LN,,,,0.00,N,Not at Intersection, ,"Driveway, Alley Access, etc",None,,,         ,Garren,Hoskins,Unknown,HeadOn,no,no,no,yes,no,False
100873861,METROPOLITAN NASHVILLE POLICE DEPT,20150583966,Davidson,Nashville,6/19/2015 1:28:00 PM,2,0,0,36.179760,-86.800510,I 65,,,,0.00,,,,,,,85.00,N,Not at Intersection, ,Non-Junction,None,,,         ,Ky,Luu,Cloudy,"Sideswipe, Opposite Direction",no,no,no,no,no,False
100873881,METROPOLITAN NASHVILLE POLICE DEPT,20150587394,Davidson,Nashville,6/20/2015 2:45:00 PM,2,2,0,36.151810,-86.771240,US HWY 41,,,,0.00,,,4TH AVE S,,,,0.00,Y,Four-Way,N,Intersection,None,,,         ,Blaze,Williams,Clear,Angle,no,no,no,no,no,False
100873882,METROPOLITAN NASHVILLE POLICE DEPT,20150579743,Davidson,Nashville,6/18/2015 2:05:00 PM,2,0,0,36.226600,-86.778080,I 24,,,,0.00,,,,,,,44.70,N,Not at Intersection,N,Non-Junction,Construction Zone,Laneclosure,Advanced Warning Area,         ,Ky,Luu,Clear,"Sideswipe, Same Direction",no,no,no,no,yes,False
100873884,METROPOLITAN NASHVILLE POLICE DEPT,20150587388,Davidson,Nashville,6/20/2015 2:35:00 PM,2,2,0,36.108900,-86.679260,US HWY 41,,,,776.00,Feet,West,DELL PKWY,,,,0.00,N,Not at Intersection,N,Non-Junction,None,,,         ,Matthew,Johnson,Clear,Front to Rear,no,no,no,no,no,False
100873894,METROPOLITAN NASHVILLE POLICE DEPT,20150587460,Davidson,Nashville,6/20/2015 3:10:00 PM,1,2,0,36.136000,-86.727300,EXIT 52,,,,0.00,Feet,East,I 24,,,,0.00,N,Not at Intersection,Y,Entrance/Exit Ramp Related,None,,,         ,John,Kelley,Clear,Not Collision with Motor Vehicle in Transport,no,no,no,no,no,False
100873897,METROPOLITAN NASHVILLE POLICE DEPT,20150584184,Davidson,Nashville,6/19/2015 3:02:00 PM,2,1,0,36.152260,-86.624960,BELL RD,,,,0.00,,,STEWARTS FERRY PIKE,,,,0.00,Y,Four-Way,N,Intersection,None,,,         ,Michael,Apsey,Clear,Angle,no,no,no,no,no,False
100873900,METROPOLITAN NASHVILLE POLICE DEPT,20150587525,Davidson,Nashville,6/20/2015 3:05:00 PM,2,0,0,36.204890,-86.757670,JONES AVE,,,,81.00,Feet,South,E TRINITY LN,,,,0.00,N,Not at Intersection, ,Non-Junction,None,,,         ,Kevin,Reynolds,Clear,Front to Rear,no,no,no,no,yes,False
100873901,METROPOLITAN NASHVILLE POLICE DEPT,20150587334,Davidson,Nashville,6/20/2015 1:39:00 PM,2,0,0,36.061210,-86.680840,I 24,,,,0.00,,,,,,,57.75,N,Not at Intersection,N,Non-Junction,None,,,         ,Megan,Arnett,Clear,Front to Rear,no,no,no,no,no,False
100873907,METROPOLITAN NASHVILLE POLICE DEPT,20150587554,Davidson,Nashville,6/20/2015 3:50:00 PM,1,0,0,36.150020,-86.691070,STATE HWY 155,,,,268.00,Feet,North,EXIT 7,,,,0.00,N,Not at Intersection, ,,,,,         ,Shaun,Heath,,,no,no,no,no,no,False
100873909,METROPOLITAN NASHVILLE POLICE DEPT,20150585733,Davidson,Nashville,6/19/2015 10:10:00 PM,2,0,0,36.160650,-86.646790,CREEKSTONE CIR,,,,0.00,,,STEWARTS FERRY PIKE,,,,0.00,Y,T-Intersection,N,Non-Junction,None,,,         ,Sarah,Hartman,Rain,Angle,no,no,no,yes,yes,False
100873914,METROPOLITAN NASHVILLE POLICE DEPT,20150587482,Davidson,Nashville,6/20/2015 3:24:00 PM,1,1,0,36.150340,-86.762230,CHARLES E DAVIS BLVD,,,,230.00,Feet,South,CANNON ST,,,,0.00,N,Not at Intersection,N,Non-Junction,None,,,         ,Bradley,McIntyre,Clear,Not Collision with Motor Vehicle in Transport,yes,no,no,no,yes,False
100873917,METROPOLITAN NASHVILLE POLICE DEPT,20150585726,Davidson,Nashville,6/20/2015 10:14:00 PM,2,0,0,36.163990,-86.782290,UNION ST,,,,0.00,,,6TH AVE N,,,,0.00,Y,Four-Way, ,Intersection,None,,,         ,Caleb,Rogan,Rain,"Sideswipe, Same Direction",no,no,no,no,no,False
100873918,METROPOLITAN NASHVILLE POLICE DEPT,20150587416,Davidson,Nashville,6/20/2015 2:51:00 PM,2,3,0,36.044860,-86.670470,STATE HWY 254,,,,0.00,,,HICKORY PARK DR,,,,0.00,Y,T-Intersection,N,Intersection,None,,,         ,David,Collins,Clear,Angle,no,no,no,no,no,False
100873921,METROPOLITAN NASHVILLE POLICE DEPT,20150587530,Davidson,Nashville,6/20/2015 3:35:00 PM,2,0,0,36.189950,-86.687270,-- UNKNOWN RAMP/ROAD --,,,,0.00,,,RAMP,,,,0.00,Y,Four-Way,N,Intersection,None,,,         ,Tyler,Conrads,Clear,Angle,no,no,no,no,no,False
100873927,METROPOLITAN NASHVILLE POLICE DEPT,20150587709,Davidson,Nashville,6/20/2015 2:39:00 PM,2,0,0,36.084780,-86.728110,US HWY 31 ALT,,,,9.00,Feet,South,PARAGON MILLS RD,,,,0.00,N,Not at Intersection, ,Non-Junction,None,,,         ,Michael,Moss,Clear,"Sideswipe, Same Direction",no,no,no,no,yes,False
100873928,METROPOLITAN NASHVILLE POLICE DEPT,20150587539,Davidson,Nashville,6/20/2015 2:00:00 PM,2,0,0,36.086770,-86.699860,-- UNKNOWN RAMP/ROAD --,,,,0.00,Feet,East,I 24,,,,0.00,N,Not at Intersection, ,Entrance/Exit Ramp Related,None,,,         ,Jarret,Sonnenberg,Clear,Front to Rear,no,no,no,no,no,False
100873929,METROPOLITAN NASHVILLE POLICE DEPT,20150587602,Davidson,Nashville,6/20/2015 4:25:00 PM,2,1,0,36.081970,-86.761340,-- UNKNOWN RAMP/ROAD --,,,,0.00,,,STATE HWY 255,,,,0.00,Y,Four-Way,N,Entrance/Exit Ramp Related,None,,,         ,Peter,Knisley,Clear,Front to Rear,no,no,no,no,no,False
100873933,METROPOLITAN NASHVILLE POLICE DEPT,20150584784,Davidson,Not in City Limit,6/19/2015 6:00:00 PM,2,0,0,36.263060,-86.711910,STATE HWY 45,,,,0.00,,,US HWY 31E,,,,0.00,Y,Four-Way, ,Intersection,None,,,         ,Landon,Bagwell,Clear,Angle,no,no,no,no,no,False
100873934,METROPOLITAN NASHVILLE POLICE DEPT,20150587578,Davidson,Nashville,6/20/2015 4:10:00 PM,2,0,0,36.197690,-86.687790,-- UNKNOWN RAMP/ROAD --,,,,0.00,,,STATE HWY 155,,,,0.00,Y,Traffic Circle, ,Non-Junction,None,,,         ,Austin,Childress,Clear,Front to Rear,no,no,no,no,no,False
100873940,METROPOLITAN NASHVILLE POLICE DEPT,20150587761,Davidson,Nashville,6/20/2015 6:06:00 PM,2,0,0,36.051660,-86.717930,OCALA DR,,,,0.00,,,,,,,0.00,,, ,Non-Junction,None,,,         ,Mekisha,Page,Clear,Unknown,no,no,no,yes,yes,False
100873944,METROPOLITAN NASHVILLE POLICE DEPT,20150587860,Davidson,Nashville,6/20/2015 5:50:00 PM,2,0,0,36.150010,-86.765860,US HWY 41,,,,0.00,,,1ST AVE S,,,,0.00,Y,T-Intersection,Y,Intersection,None,,,         ,John,Kelley,Clear,Angle,no,no,no,no,yes,False
100873946,Nashville Airport Police,2015-1338,Davidson,Nashville,6/20/2015 2:52:00 PM,2,0,0,36.135530,-86.667710,TERMINAL DR,,,,0.00,,,RAMP,,,,0.00,Y,OTHER, ,,None,,,         ,Sarah,Taylor,,,no,no,no,no,no,False
100873947,METROPOLITAN NASHVILLE POLICE DEPT,20150587569,Davidson,Nashville,6/20/2015 3:56:00 PM,2,0,0,36.131340,-86.773860,I 65,,,,0.00,,,,,,,81.15,N,Not at Intersection, ,Non-Junction,None,,,         ,Brenton,Adcox,Clear,Front to Rear,no,no,no,no,no,False
100873954,METROPOLITAN NASHVILLE POLICE DEPT,20150587764,Davidson,Nashville,6/20/2015 3:45:00 PM,2,0,0,36.152790,-86.791940,16TH AVE S,,,,182.00,Feet,South,MCGAVOCK ST,,,,0.00,N,Not at Intersection, ,Non-Junction,None,,,         ,Royce,McLester,Clear,Front to Rear,no,no,no,yes,yes,False
100873956,METROPOLITAN NASHVILLE POLICE DEPT,20150587876,Davidson,Nashville,6/20/2015 5:57:00 PM,2,0,0,36.136150,-86.778850,US HWY 31,,,,3.00,Feet,North,ARGYLE AVE,,,,0.00,N,Not at Intersection,N,Non-Junction,None,,,         ,Nicholas,Smith,Clear,Front to Rear,no,no,no,no,no,False
100873957,METROPOLITAN NASHVILLE POLICE DEPT,20150587935,Davidson,Nashville,6/20/2015 6:22:00 PM,2,0,0,36.082670,-86.727250,WELSHWOOD DR,,,,0.00,,,US HWY 31 ALT,,,,0.00,Y,T-Intersection, ,Intersection,None,,,         ,Mekisha,Page,Clear,Front to Rear,no,no,no,no,no,False
100873966,METROPOLITAN NASHVILLE POLICE DEPT,20150587824,Davidson,Nashville,6/20/2015 5:44:00 PM,2,0,0,36.038970,-86.712890,US HWY 31 ALT,,,,1244.00,Feet,North,BRENTWOOD HIGHLANDS DR,,,,0.00,N,Not at Intersection,N,Non-Junction,None,,,         ,Peter,Knisley,Clear,"Sideswipe, Opposite Direction",no,no,no,no,no,False
100873974,BERRY HILL POLICE DEPT,15-2425,Davidson,Berry Hill,6/20/2015 6:00:00 PM,1,0,0,36.119210,-86.760490,MELROSE AVE,,,,0.00,,,E IRIS DR,,,,0.00,Y,OTHER,N,Non-Junction,None,,,         ,Roy,Morris,Clear,Not Collision with Motor Vehicle in Transport,no,no,no,no,no,False
100873982,METROPOLITAN NASHVILLE POLICE DEPT,20150587491,Davidson,Nashville,6/20/2015 3:15:00 PM,2,1,0,36.177880,-86.800970,EXIT 84B,,,,0.00,,,I 65,,,,0.00,Y,OTHER,Y,Non-Junction,None,,,         ,Ashton,Hill,Clear,"Sideswipe, Same Direction",no,no,no,no,no,False
100873992,METROPOLITAN NASHVILLE POLICE DEPT,20150587661,Davidson,Nashville,6/20/2015 12:00:00 AM,2,0,0,36.132960,-86.796640,PORTLAND AVE,,,,185.00,Feet,East,18TH AVE S,,,,0.00,N,Not at Intersection,N,Non-Junction,None,,,         ,Michael,Collazo,Unknown,"Sideswipe, Same Direction",no,no,no,no,yes,False
100874001,METROPOLITAN NASHVILLE POLICE DEPT,20150587566,Davidson,Nashville,6/20/2015 4:00:00 PM,2,0,0,36.139670,-86.879800,US HWY 70,,,,245.00,Feet,South,RUSSLEO DR,,,,0.00,N,Not at Intersection, ,Non-Junction,None,,,         ,Michael,Russell,Clear,"Sideswipe, Opposite Direction",no,no,no,no,no,False
100874005,METROPOLITAN NASHVILLE POLICE DEPT,20150587878,Davidson,Nashville,6/20/2015 5:10:00 PM,2,0,0,36.145110,-86.812390,28TH AVE N,,,,0.00,,,US HWY 70S,,,,0.00,Y,T-Intersection,Y,Intersection-Related,None,,,         ,Austin,Kendrick,Clear,Front to Rear,no,no,no,no,no,Campus
100874006,METROPOLITAN NASHVILLE POLICE DEPT,20150588265,Davidson,Nashville,6/20/2015 7:30:00 PM,2,0,0,36.115980,-86.810580,US HWY 431,,,,15.00,Feet,South,HAMPTON AVE,,,,0.00,N,Not at Intersection, ,,None,,,         ,Douglas,Sykes,,,no,no,no,no,no,False
100874010,METROPOLITAN NASHVILLE POLICE DEPT,20150588170,Davidson,Nashville,6/20/2015 6:55:00 PM,2,0,0,36.211590,-86.732570,GALLATIN PIKE,,,,0.00,,,HART LN,,,,0.00,Y,T-Intersection, ,Intersection,None,,,         ,Clinton,Schroeder,Clear,"Sideswipe, Same Direction",no,no,no,no,no,False
100874011,METROPOLITAN NASHVILLE POLICE DEPT,20150588092,Davidson,Nashville,6/20/2015 5:56:00 PM,2,0,0,36.056570,-86.687760,BART DR,,,,30.00,Feet,West,KAREN RAY DR,,,,0.00,N,Not at Intersection,N,Non-Junction,None,,,         ,Jared,Jenkins,Clear,Front to Rear,no,no,no,no,yes,False
100874026,METROPOLITAN NASHVILLE POLICE DEPT,20150584742,Davidson,Nashville,6/19/2015 5:01:00 PM,2,0,0,36.153190,-86.665830,STATE HWY 255,,,,256.00,Feet,North,WELLMAN DR,,,,0.00,N,Not at Intersection,N,Non-Junction,None,,,         ,Bryan,Byrnes,Rain,Angle,no,no,no,no,no,False
100874042,METROPOLITAN NASHVILLE POLICE DEPT,2015-0588473,Davidson,Nashville,6/20/2015 9:03:00 PM,3,0,0,36.217330,-86.775140,I 65,,,,0.00,,,,,,,88.10,N,Not at Intersection, ,Entrance/Exit Ramp Related,None,,,         ,Anthony,Cavis,Clear,Front to Rear,no,no,no,no,no,False
100874044,METROPOLITAN NASHVILLE POLICE DEPT,20150588318,Davidson,Nashville,6/20/2015 8:23:00 PM,1,1,0,36.155510,-86.711230,US HWY 70,,,,0.00,,,,,,,0.00,,,N,Non-Junction,None,,,         ,George,Krukowski,Clear,Not Collision with Motor Vehicle in Transport,no,no,no,no,no,False
100874050,METROPOLITAN NASHVILLE POLICE DEPT,20150588669,Davidson,Nashville,6/20/2015 10:35:00 PM,1,1,0,36.182590,-86.845650,HOSPITAL LN,,,,0.00,,,COUNTY HOSPITAL RD,,,,0.00,Y,Four-Way,N,Intersection,None,,,         ,Christopher,Kelly,Clear,Not Collision with Motor Vehicle in Transport,no,no,no,no,no,False
100874060,METROPOLITAN NASHVILLE POLICE DEPT,20150588624,Davidson,Nashville,6/20/2015 10:00:00 PM,2,5,0,36.047320,-86.862730,STATE HWY 254,,,,0.00,,,US HWY 431,,,,0.00,Y,Four-Way,N,Intersection,None,,,         ,Eric,Burford,Clear,HeadOn,no,no,no,no,no,False
100874064,METROPOLITAN NASHVILLE POLICE DEPT,20150588780,Davidson,Nashville,6/21/2015 10:00:00 PM,1,0,0,36.164020,-86.793900,I 40,,,,0.00,,,,,,,208.50,N,Not at Intersection, ,,None,,,         ,Benjamin,Cole,,,no,no,no,no,no,False
100874077,METROPOLITAN NASHVILLE POLICE DEPT,20150586371,Davidson,Nashville,6/20/2015 12:00:00 AM,1,0,0,36.113720,-86.773800,-- UNKNOWN RAMP/ROAD --,,,,0.00,Feet,East,I 65,,,,0.00,N,Not at Intersection,Y,Non-Junction,None,,,         ,John,Riddle,Rain,Not Collision with Motor Vehicle in Transport,no,no,no,no,no,False
100874081,METROPOLITAN NASHVILLE POLICE DEPT,20150588678,Davidson,Nashville,6/20/2015 10:40:00 PM,2,0,0,36.151360,-86.799320,20TH AVE S,,,,0.00,,,20TH AVE N,,,,0.00,Y,OTHER,N,"Driveway, Alley Access, etc",None,,,         ,Charles,Wingo,Clear,"Sideswipe, Opposite Direction",no,no,no,yes,no,Campus
100874085,METROPOLITAN NASHVILLE POLICE DEPT,20150588932,Davidson,Nashville,6/21/2015 12:27:00 AM,2,0,0,36.155640,-86.789710,US HWY 70,,,,0.00,,,14TH AVE,,,,0.00,Y,Four-Way, ,Intersection,None,,,         ,John,Riddle,Clear,"Sideswipe, Same Direction",no,no,no,no,yes,False
100874096,METROPOLITAN NASHVILLE POLICE DEPT,2015-0589172,Davidson,Nashville,6/21/2015 2:09:00 AM,2,0,0,36.200100,-86.731100,MONETTA AVE,,,,255.00,Feet,West,PENNINGTON AVE,,,,0.00,N,Not at Intersection,N,Non-Junction,None,,,         ,Scott,Toney,Clear,HeadOn,no,no,no,no,no,False
100874107,METROPOLITAN NASHVILLE POLICE DEPT,2015-0588697,Davidson,Nashville,6/20/2015 10:47:00 PM,2,0,0,36.155990,-86.836080,41ST AVE N,,,,326.00,Feet,South,INDIANA AVE,,,,0.00,N,Not at Intersection,N,Non-Junction,None,,,         ,Barry,Scarbrough,Clear,Unknown,no,no,no,no,yes,False
100874108,METROPOLITAN NASHVILLE POLICE DEPT,20150589280,Davidson,Nashville,6/21/2015 3:03:00 AM,2,1,0,36.152790,-86.666670,WELLMAN DR,,,,144.00,Feet,West,STATE HWY 255,,,,0.00,N,Not at Intersection,N,"Driveway, Alley Access, etc",None,,,         ,Curtis,Fisher,Clear,Angle,no,no,no,no,no,False
100874116,METROPOLITAN NASHVILLE POLICE DEPT,20150589274,Davidson,Nashville,6/21/2015 1:35:00 AM,1,0,0,36.174000,-86.805630,UNDERWOOD ST,,,,0.00,,,17TH AVE N,,,,0.00,Y,T-Intersection,N,Intersection-Related,None,,,         ,Alex,Marchak,Clear,Not Collision with Motor Vehicle in Transport,no,no,no,no,yes,False
100874119,METROPOLITAN NASHVILLE POLICE DEPT,20150589122,Davidson,Nashville,6/21/2015 1:10:00 AM,1,0,0,36.079490,-86.737170,COVENTRY DR,,,,27.00,Feet,West,BELLINGRATH DR,,,,0.00,N,Not at Intersection, ,Non-Junction,None,,,         ,Charles,Holmes,Clear,Not Collision with Motor Vehicle in Transport,no,no,no,no,no,False
100874122,METROPOLITAN NASHVILLE POLICE DEPT,20150589044,Davidson,Nashville,6/20/2015 10:45:00 PM,2,0,0,36.227160,-86.835800,US HWY 41 ALT,,,,0.00,Feet,,STATE HWY 155,,,,0.00,Y,T-Intersection, ,Non-Junction,None,,,         ,Matthew,Lachance,Clear,"Sideswipe, Same Direction",no,no,no,no,no,False
100874123,METROPOLITAN NASHVILLE POLICE DEPT,20150589268,Davidson,Nashville,6/21/2015 12:00:00 AM,1,0,0,36.153530,-86.757060,I 40,,,,0.00,,,,,,,211.15,N,Not at Intersection,Y,Entrance/Exit Ramp Related,None,,,         ,Trevin,Tolbert,Clear,Not Collision with Motor Vehicle in Transport,no,no,no,no,no,False
100874127,METROPOLITAN NASHVILLE POLICE DEPT,20150587330,Davidson,Nashville,6/20/2015 1:44:00 PM,2,0,0,36.211280,-86.840430,FAIRVIEW DR,,,,0.00,Feet,,MEADOW RD,,,,0.00,Y,Four-Way,N,Non-Junction,None,,,         ,Clint,Gilleland,Clear,Angle,no,no,no,no,no,False
100874131,METROPOLITAN NASHVILLE POLICE DEPT,20150586357,Davidson,Nashville,6/20/2015 2:30:00 AM,2,6,0,36.148110,-86.744730,-- UNKNOWN RAMP/ROAD --,,,,0.00,Feet,East,I 40,,,,0.00,N,Not at Intersection,N,Non-Junction,None,,,         ,Jessica,Johnson,Rain,Other,no,no,no,no,no,False
100874139,METROPOLITAN NASHVILLE POLICE DEPT,20150588813,Davidson,Nashville,6/20/2015 12:00:00 AM,2,0,0,36.087460,-86.920710,STATE HWY 251,,,,155.00,Feet,South,WOODBURY FALLS DR,,,,0.00,N,Not at Intersection,N,Non-Junction,None,,,         ,Ryan,McManman,Clear,"Sideswipe, Same Direction",no,no,no,no,yes,False
100874156,METROPOLITAN NASHVILLE POLICE DEPT,20150583594,Davidson,Nashville,6/19/2015 11:21:00 AM,3,1,0,36.045430,-86.713080,STATE HWY 254,,,,0.00,,,US HWY 31 ALT,,,,0.00,Y,Four-Way,N,Intersection-Related,None,,,         ,David,Simmonds,Cloudy,Front to Rear,no,no,no,no,no,False
100874164,METROPOLITAN NASHVILLE POLICE DEPT,20150586933,Davidson,Antioch,6/20/2015 6:00:00 AM,4,0,0,0.000000,0.000000,ANDERSON,RD,,COUNTY,0.00,,,TOWNE VILLAGE,RD,,,0.00,Y,T-Intersection,N,Non-Junction,None,,,         ,Kevin,Caperton,Rain,Not Collision with Motor Vehicle in Transport,no,no,no,no,yes,False
100874171,METROPOLITAN NASHVILLE POLICE DEPT,20150589564,Davidson,Nashville,6/21/2015 7:48:00 AM,2,0,0,36.055090,-86.742640,MCMURRAY DR,,,,0.00,Feet,,EDMONDSON PIKE,,,,0.00,Y,Four-Way,Y,Intersection-Related,None,,,         ,Richard,Conger,Clear,Front to Rear,no,no,no,no,no,False
100874177,METROPOLITAN NASHVILLE POLICE DEPT,20150589513,Davidson,Nashville,6/21/2015 3:00:00 AM,1,0,0,36.048320,-86.626370,MOUNT VIEW RD,,,,358.00,Feet,South,SANTI LN,,,,0.00,N,Not at Intersection,N,Non-Junction,None,,,         ,Steven,Snitzer,Unknown,Not Collision with Motor Vehicle in Transport,no,no,no,no,yes,False
100874190,METROPOLITAN NASHVILLE POLICE DEPT,2015-0583525,Davidson,Nashville,6/19/2015 10:54:00 AM,2,2,0,36.153820,-86.756080,US HWY 70,,,,0.00,,,FAIRFIELD AVE,,,,0.00,Y,Four-Way,N,Intersection,None,,,         ,Jeb,Johnston,Cloudy,HeadOn,no,no,no,no,no,False
100874192,METROPOLITAN NASHVILLE POLICE DEPT,20150587214,Davidson,Nashville,6/20/2015 11:30:00 AM,2,0,0,36.089100,-86.649990,US HWY 41,,,,0.00,,,RANSOM PL,,,,0.00,Y,Four-Way, ,,None,,,         ,Ian,Hammond,,,no,no,no,no,no,False
100874211,METROPOLITAN NASHVILLE POLICE DEPT,2015-0589694,Davidson,Nashville,6/21/2015 12:00:00 AM,3,0,0,36.050020,-86.649500,MOUNT VIEW RD,,,,0.00,,,STATE HWY 254,,,,0.00,Y,Four-Way, ,Intersection,None,,,         ,Brent,Hedgcoth,Clear,Front to Rear,no,no,no,no,yes,False
100874218,METROPOLITAN NASHVILLE POLICE DEPT,20150589782,Davidson,Nashville,6/21/2015 10:19:00 AM,2,0,0,36.042380,-86.830930,STATE HWY 254,,,,228.00,Feet,East,BRIDLEWOOD LN,,,,0.00,N,Not at Intersection,N,Non-Junction,None,,,         ,Arthur,Hummell,Clear,Front to Rear,no,no,no,no,no,False
100874230,GOODLETTSVILLE POLICE DEPT,15-23429,Davidson,Goodlettsville,6/21/2015 10:45:00 AM,2,0,0,36.308090,-86.703580,I 65,,,,0.00,,,RIVERGATE PKWY,,,,0.00,Y,Y-Intersection, ,Entrance/Exit Ramp Related,None,,,         ,Daniel,Knalls,Clear,Angle,no,no,no,no,no,False