master_record_number,agency,agency_tracking_number,county,city,collision_date,vehicles_involved,number_injured,number_dead,latitude,longitude,roadway_name,roadway_suffix,roadway_number,roadway_local_id,distance_from_reference,miles-feet_indicator,direction_from_reference,intersection_road_name,intersection_road_name_suffix,intersection_road_number,intersection_local_id,mile_marker,intersection_indicator,intersect_type,interchange_related_indicator,relation_to_junction,work_zone_type,construction_maintenance_zone,construction_maintenance_zone_location,fatal_case_number,officer_first_name,officer_last_name,weather_condition(s),manner_of_crash,pedestrian,bicycle,scooter,parking,hitrun,mou
100874256,METROPOLITAN NASHVILLE POLICE DEPT,20150589930,Davidson,Nashville,6/21/2015 12:10:00 PM,2,1,0,36.078830,-86.885220,STATE HWY 100,,,,0.00,,,VAUGHNS GAP RD,,,,0.00,Y,T-Intersection,N,Intersection-Related,None,,,         ,Corteze,Armstrong,Clear,Front to Rear,no,no,no,no,no,False
100874262,METROPOLITAN NASHVILLE POLICE DEPT,20150589922,Davidson,Nashville,6/21/2015 12:02:00 PM,2,0,0,36.027540,-86.712720,US HWY 31 ALT,,,,271.00,Feet,North,LORDS CHAPEL DR,,,,0.00,N,Not at Intersection, ,Non-Junction,None,,,         ,Richard,Conger,Clear,Front to Rear,no,no,no,no,no,False
100874273,METROPOLITAN NASHVILLE POLICE DEPT,20150589857,Davidson,Nashville,6/21/2015 10:58:00 AM,2,0,0,36.135990,-86.790710,14TH AVE S,,,,0.00,,,WEDGEWOOD AVE,,,,0.00,Y,Four-Way, ,Intersection,None,,,         ,James,Smith,Clear,Rear to Side,no,no,no,no,no,False
100874275,METROPOLITAN NASHVILLE POLICE DEPT,20150589943,Davidson,Nashville,6/21/2015 12:00:00 AM,2,0,0,36.077110,-86.641390,US HWY 41,,,,0.00,,,LAKEVILLA DR,,,,0.00,Y,Four-Way, ,,None,,,         ,John,Tyree,,,no,no,no,no,no,False
100874279,METROPOLITAN NASHVILLE POLICE DEPT,20150589975,Davidson,Not in City Limit,6/21/2015 1:00:00 PM,3,0,0,36.305740,-86.687440,US HWY 31E,,,,0.00,Feet,,NORTHSIDE DR,,,,0.00,Y,Four-Way,N,Intersection,None,,,         ,Jordan,Lowry,Clear,Front to Rear,no,no,no,no,no,False
100874287,METROPOLITAN NASHVILLE POLICE DEPT,20150590009,Davidson,Nashville,6/21/2015 1:07:00 PM,2,1,0,36.156060,-86.782740,10TH AVE S,,,,0.00,,,DEMONBREUN ST,,,,0.00,Y,Four-Way,N,Intersection-Related,None,,,         ,Bryan,Birdwell,Clear,Front to Rear,no,no,no,no,no,False
100874302,METROPOLITAN NASHVILLE POLICE DEPT,2015-0588662,Davidson,Bellevue,6/20/2015 10:30:00 PM,1,0,0,36.043400,-86.944870,MEADOW VIEW DR,,,,328.00,Feet,West,TEMPLEGATE DR,,,,0.00,N,Not at Intersection,N,"Driveway, Alley Access, etc",None,,,         ,Michael,Russell,Clear,Not Collision with Motor Vehicle in Transport,yes,no,no,no,no,False
100874323,METROPOLITAN NASHVILLE POLICE DEPT,20150590124,Davidson,Nashville,6/21/2015 2:45:00 PM,1,0,0,36.190420,-86.745450,GALLATIN AVE,,,,0.00,,,W GREENWOOD AVE,,,,0.00,Y,T-Intersection,Y,Intersection,None,,,         ,Paul,Stein,Clear,Not Collision with Motor Vehicle in Transport,no,no,no,no,yes,False
100874333,THP District 3 - Nashville,315032287,Davidson,Nashville,6/21/2015 2:42:00 PM,2,0,0,36.200780,-86.776460,I 65,,,,0.00,,,,,,,86.90,N,Not at Intersection, ,Non-Junction,Construction Zone,,,         ,Joseph,Agee,Clear,Angle,no,no,no,no,no,False
100874339,METROPOLITAN NASHVILLE POLICE DEPT,20150590125,Davidson,Nashville,6/21/2015 2:49:00 PM,1,1,0,36.089980,-86.642770,LONG HUNTER CT,,,,109.00,Feet,North,NASHBORO BLVD,,,,0.00,N,Not at Intersection,N,Non-Junction,None,,,         ,Thomas,Barnes,Clear,Not Collision with Motor Vehicle in Transport,no,no,no,no,no,False
100874345,METROPOLITAN NASHVILLE POLICE DEPT,20150588616,Davidson,Nashville,6/20/2015 9:56:00 PM,2,0,0,36.170350,-86.769610,WOODLAND ST,,,,0.00,,,,,,,0.00,,,N,Non-Junction,None,,,         ,Mikala,Moore,Clear,Rear to Side,no,no,no,yes,yes,False
100874352,METROPOLITAN NASHVILLE POLICE DEPT,20150590294,Davidson,Nashville,6/21/2015 4:05:00 PM,2,0,0,36.163490,-86.777240,3RD AVE N,,,,235.00,Feet,North,COMMERCE ST,,,,0.00,N,Not at Intersection, ,,,,,         ,Mikala,Moore,,,no,no,no,no,no,False
100874353,METROPOLITAN NASHVILLE POLICE DEPT,20150590297,Davidson,Nashville,6/21/2015 4:01:00 PM,2,0,0,36.153050,-86.792100,16TH AVE S,,,,76.00,Feet,South,MCGAVOCK ST,,,,0.00,N,Not at Intersection, ,Non-Junction,None,,,         ,Nicholas,Smith,Clear,Angle,no,no,no,no,no,False
100874357,METROPOLITAN NASHVILLE POLICE DEPT,20150574214,Davidson,Nashville,6/17/2015 6:30:00 AM,2,0,0,36.187900,-86.607260,OLD LEBANON DIRT RD,,,,0.00,,,CHANDLER RD,,,,0.00,Y,T-Intersection,N,Intersection,None,,,         ,Bridget,Griepentrog,Clear,Front to Rear,no,no,no,no,no,False
100874362,METROPOLITAN NASHVILLE POLICE DEPT,20150590301,Davidson,Not in City Limit,6/21/2015 4:12:00 PM,2,0,0,36.043780,-86.958890,COLLINS RD,,,,73.00,Feet,South,LEARNING LN,,,,0.00,N,Not at Intersection, ,Non-Junction,None,,,         ,Tamara,Zurawski,Clear,Front to Rear,no,no,no,no,no,False
100874375,METROPOLITAN NASHVILLE POLICE DEPT,20150590242,Davidson,Not in City Limit,6/21/2015 3:26:00 PM,2,0,0,36.269380,-86.756440,STATE HWY 45,,,,72.00,Feet,West,RAMP,,,,0.00,N,Not at Intersection, ,Non-Junction,None,,,         ,Luis,Lopez,Clear,Front to Rear,no,no,no,no,no,False
100874382,METROPOLITAN NASHVILLE POLICE DEPT,20150590505,Davidson,Not in City Limit,6/21/2015 6:05:00 PM,2,1,0,36.263700,-86.718110,STATE HWY 45,,,,104.00,Feet,West,GIBSON DR,,,,0.00,N,Not at Intersection,N,Non-Junction,None,,,         ,Ryan,Allen,Clear,"Sideswipe, Same Direction",no,no,no,no,yes,False
100874403,METROPOLITAN NASHVILLE POLICE DEPT,15-0590542,Davidson,Nashville,6/21/2015 6:33:00 PM,2,1,0,36.144150,-86.700580,-- UNKNOWN RAMP/ROAD --,,,,0.00,,,I 40,,,,0.00,Y,OTHER,Y,Entrance/Exit Ramp Related,None,,,         ,Bryan,Byrnes,Clear,"Sideswipe, Same Direction",no,no,no,no,no,False
100874413,METROPOLITAN NASHVILLE POLICE DEPT,20150590524,Davidson,Nashville,6/21/2015 5:47:00 PM,2,0,0,36.083390,-86.689050,ANTIOCH PIKE,,,,0.00,,,EZELL PIKE,,,,0.00,Y,Four-Way, ,Intersection,None,,,         ,James,Williams,Clear,Angle,no,no,no,no,no,False
100874415,METROPOLITAN NASHVILLE POLICE DEPT,20150590752,Davidson,Not in City Limit,6/21/2015 8:14:00 PM,1,0,0,36.074480,-86.977120,I 40,,,,0.00,,,,,,,195.00,N,Not at Intersection, ,Non-Junction,None,,,         ,Jeremy,Huffine,Clear,Not Collision with Motor Vehicle in Transport,no,no,no,no,no,False
100874424,METROPOLITAN NASHVILLE POLICE DEPT,20150588442,Davidson,Nashville,6/20/2015 8:40:00 PM,2,0,0,36.151750,-86.797020,19TH AVE S,,,,229.00,Feet,South,US HWY 70S,,,,0.00,N,Not at Intersection, ,Non-Junction,None,,,         ,Royce,McLester,Clear,Front to Rear,no,no,no,yes,yes,False
100874453,METROPOLITAN NASHVILLE POLICE DEPT,20150590949,Davidson,Nashville,6/21/2015 8:10:00 PM,1,0,0,36.077530,-86.689950,BAKERTOWN RD,,,,0.00,,,EZELL RD,,,,0.00,Y,Four-Way,N,Intersection,None,,,         ,Jonathan,Frith,Clear,Not Collision with Motor Vehicle in Transport,no,no,no,no,yes,False
100874456,METROPOLITAN NASHVILLE POLICE DEPT,2015-0590919,Davidson,Nashville,6/21/2015 9:30:00 PM,2,1,0,36.185940,-86.612990,STATE HWY 45,,,,0.00,,,CONNECTING ROAD,,,,0.00,Y,OTHER,N,Non-Junction,None,,,         ,Colby,Mathis,Clear,Front to Rear,no,no,no,no,no,False
100874458,METROPOLITAN NASHVILLE POLICE DEPT,20150590955,Davidson,Nashville,6/21/2015 10:40:00 PM,1,1,0,36.161580,-86.775980,US HWY 70,,,,0.00,,,3RD AVE N,,,,0.00,Y,Four-Way,N,Intersection,None,,,         ,William,Thorowgood,Clear,Not Collision with Motor Vehicle in Transport,no,yes,no,no,no,False
100874459,METROPOLITAN NASHVILLE POLICE DEPT,20150590805,Davidson,Nashville,6/21/2015 2:00:00 PM,2,1,0,36.130940,-86.806050,24TH AVE S,,,,0.00,,,BLAIR BLVD,,,,0.00,Y,T-Intersection,N,Non-Junction,None,,,         ,Tamara,Zurawski,Clear,Front to Rear,no,no,no,no,yes,False
100874467,METROPOLITAN NASHVILLE POLICE DEPT,20150590980,Davidson,Nashville,6/21/2015 11:55:00 PM,2,1,0,36.117880,-86.699890,US HWY 41,,,,117.00,Feet,South,RAMP,,,,0.00,N,Not at Intersection,N,Non-Junction,None,,,         ,Joshua,Vaughn,Clear,Front to Rear,no,no,no,no,no,False
100874472,METROPOLITAN NASHVILLE POLICE DEPT,20150590992,Davidson,Nashville,6/21/2015 12:00:00 AM,2,0,0,36.206180,-86.776270,I 65,,,,0.00,,,,,,,87.30,N,Not at Intersection, ,Non-Junction,Construction Zone,,,         ,Robert,Crow,Clear,"Sideswipe, Same Direction",no,no,no,no,no,False
100874487,METROPOLITAN NASHVILLE POLICE DEPT,20150586647,Davidson,Nashville,6/20/2015 6:12:00 AM,1,1,0,36.067430,-86.692670,APACHE TRL,,,,567.00,Feet,North,ANTON CT,,,,0.00,N,Not at Intersection,N,Non-Junction,None,,,         ,Wallis,Massey,Clear,Not Collision with Motor Vehicle in Transport,no,no,no,no,no,False
100874503,METROPOLITAN NASHVILLE POLICE DEPT,20150591168,Davidson,Nashville,6/22/2015 12:17:00 AM,2,0,0,36.212690,-86.764820,US HWY 31W,,,,4.00,Feet,North,GORDON TER,,,,0.00,N,Not at Intersection,N,Non-Junction,None,,,         ,Terrance,McBride,Clear,"Sideswipe, Same Direction",no,no,no,no,yes,False
100874510,METROPOLITAN NASHVILLE POLICE DEPT,20150591319,Davidson,Nashville,6/22/2015 1:55:00 AM,2,1,0,36.167230,-86.779620,3RD AVE N,,,,0.00,,,US HWY 31,,,,0.00,Y,Four-Way,Y,Intersection,None,,,         ,Brian,Smith,Clear,Angle,no,no,no,no,no,False
100874521,BERRY HILL POLICE DEPT,15-2445,Davidson,Berry Hill,6/22/2015 3:30:00 PM,1,0,0,36.125020,-86.776630,INVERNESS AVE,,,,0.00,,,,,,,0.00,,, ,Non-Junction,None,,,         ,Larry,Carter,Clear,Not Collision with Motor Vehicle in Transport,no,no,no,yes,yes,False
100874537,METROPOLITAN NASHVILLE POLICE DEPT,20150591059,Davidson,Not in City Limit,6/21/2015 11:30:00 PM,1,0,0,36.289590,-86.743680,OLD DICKERSON PIKE,,,,0.00,,,LOWES LN,,,,0.00,Y,T-Intersection, ,,None,,,         ,Brian,Mclarty,,,no,no,no,no,no,False
100874538,BERRY HILL POLICE DEPT,15-2418,Davidson,Berry Hill,6/20/2015 12:30:00 AM,2,0,0,36.127630,-86.776810,MELPARK DR,,,,200.00,Feet,East,US HWY 31,,,,0.00,N,Not at Intersection, ,Non-Junction,None,,,         ,Rick,Willliams,Rain,Front to Rear,no,no,no,yes,no,False
100874542,METROPOLITAN NASHVILLE POLICE DEPT,20150589095,Davidson,Nashville,6/20/2015 11:27:00 PM,2,0,0,36.055090,-86.619320,MURFREESBORO,,,,200.00,Feet,North,MOUNT VIEW,,,,0.00,N,Not at Intersection,N,Non-Junction,None,,,         ,Erik,Dabbs,Clear,"Sideswipe, Opposite Direction",no,no,no,no,yes,False
100874546,METROPOLITAN NASHVILLE POLICE DEPT,2015-0586643,Davidson,Nashville,6/20/2015 6:08:00 AM,1,1,0,36.041400,-86.646570,CROSSINGS BLVD,,,,135.00,Feet,South,CONNECTING ROAD,,,,0.00,N,Not at Intersection,N,Non-Junction,None,,,         ,Benjamin,Froehlich,Rain,Not Collision with Motor Vehicle in Transport,no,no,no,no,no,False
100874547,METROPOLITAN NASHVILLE POLICE DEPT,20150591687,Davidson,Nashville,6/22/2015 12:00:00 AM,1,0,0,36.220450,-86.870570,HOCKETT DR,,,,0.00,,,GILMORE CROSSING LN,,,,0.00,Y,Four-Way, ,,,,,         ,Peter,Finnegan,,,no,no,no,no,no,False
100874561,METROPOLITAN NASHVILLE POLICE DEPT,20150590031,Davidson,Nashville,6/21/2015 1:31:00 PM,2,0,0,36.088840,-86.830390,US HWY 431,,,,83.00,Feet,North,STANFORD DR,,,,0.00,N,Not at Intersection, ,Non-Junction,None,,,         ,Corteze,Armstrong,Clear,Front to Rear,no,no,no,no,no,False
100874571,METROPOLITAN NASHVILLE POLICE DEPT,2015-0586447,Davidson,Nashville,6/20/2015 3:47:00 AM,1,0,0,36.161940,-86.775190,US HWY 70,,,,0.00,,,2ND AVE N,,,,0.00,Y,Four-Way,N,Intersection-Related,None,,,         ,Alex,Moore,Cloudy,Not Collision with Motor Vehicle in Transport,no,no,no,no,no,False
100874581,METROPOLITAN NASHVILLE POLICE DEPT,20150591763,Davidson,Nashville,6/22/2015 12:00:00 AM,1,0,0,36.200540,-86.620960,STATE HWY 45,,,,0.00,,,PLANTATION DR,,,,0.00,Y,T-Intersection,N,Non-Junction,None,,,         ,John,Anderson,Clear,Not Collision with Motor Vehicle in Transport,no,no,no,no,no,False
100874585,METROPOLITAN NASHVILLE POLICE DEPT,20150591764,Davidson,Nashville,6/22/2015 7:07:00 AM,2,2,0,36.112680,-86.795600,STATE HWY 155,,,,280.00,Feet,West,NOELTON AVE,,,,0.00,N,Not at Intersection,N,Non-Junction,None,,,         ,James,Smith,Clear,Front to Rear,no,no,no,no,no,False
100874587,METROPOLITAN NASHVILLE POLICE DEPT,20150583430,Davidson,Nashville,6/19/2015 10:10:00 AM,2,0,0,36.206720,-86.780120,US HWY 431,,,,510.00,Feet,West,HAMPTON ST,,,,0.00,N,Not at Intersection,N,Non-Junction,None,,,         ,Richard,Olive,Clear,"Sideswipe, Same Direction",no,no,no,no,no,False
100874588,METROPOLITAN NASHVILLE POLICE DEPT,20150587377,Davidson,Nashville,6/20/2015 2:33:00 PM,2,0,1,36.143560,-86.794890,EDGEHILL AVE,,,,148.00,Feet,West,17TH AVE S,,,,0.00,N,Not at Intersection,N,Non-Junction,None,,,15-0377  ,Jessie,Loy,Clear,Not Collision with Motor Vehicle in Transport,no,no,no,no,no,Campus
100874592,METROPOLITAN NASHVILLE POLICE DEPT,20150591822,Davidson,Nashville,6/22/2015 7:30:00 AM,2,1,0,36.185940,-86.798100,-- UNKNOWN RAMP/ROAD --,,,,0.00,,,I 65,,,,0.00,Y,OTHER,N,Entrance/Exit Ramp Related,None,,,         ,Joshua,Baker,Clear,Front to Rear,no,no,no,no,no,False
100874599,METROPOLITAN NASHVILLE POLICE DEPT,20150591753,Davidson,Nashville,6/22/2015 7:35:00 AM,3,0,0,36.086600,-86.771960,STATE HWY 255,,,,0.00,,,US HWY 31,,,,0.00,Y,Four-Way,N,Intersection,None,,,         ,Justin,Pinkelton,Clear,Front to Rear,no,no,no,no,no,False
100874603,THP District 9 - Administrative,315032399,Davidson,Not in City Limit,6/22/2015 7:58:00 AM,2,0,0,36.094470,-86.706650,I 24,,,,0.00,,,,,,,55.00,N,Not at Intersection, ,Non-Junction,None,,,         ,Michael,Morgan,Clear,Front to Rear,no,no,no,no,no,False
100874613,METROPOLITAN NASHVILLE POLICE DEPT,20150591807,Davidson,Nashville,6/22/2015 7:06:00 AM,2,0,0,36.163410,-86.613370,DODSON CHAPEL RD,,,,74.00,Feet,West,BELL RD,,,,0.00,N,Not at Intersection,N,Non-Junction,None,,,         ,Sean,Wuethrich,Clear,Front to Rear,no,no,no,no,no,False
100874617,METROPOLITAN NASHVILLE POLICE DEPT,2015-0591745,Davidson,Nashville,6/22/2015 6:45:00 AM,1,0,0,36.170610,-86.785030,5TH AVE N,,,,201.00,Feet,North,HARRISON ST,,,,0.00,N,Not at Intersection, ,Non-Junction,None,,,         ,Paul,Sorace,Clear,Not Collision with Motor Vehicle in Transport,no,no,no,no,no,False
100874619,Nashville Airport Police,15-01342,Davidson,Nashville,6/21/2015 8:25:00 AM,2,0,0,36.132240,-86.665310,TERMINAL DR,,,,0.00,,,RAMP,,,,0.00,Y,OTHER, ,Non-Junction,None,,,         ,George,Youssef,Clear,Front to Rear,no,no,no,no,no,False
100874623,METROPOLITAN NASHVILLE POLICE DEPT,2015-0578573,Davidson,Nashville,6/18/2015 7:18:00 AM,1,1,0,36.164990,-86.651670,STEWARTS FERRY PIKE,,,,177.00,Feet,West,MCCAMPBELL AVE,,,,0.00,N,Not at Intersection,N,Rail Grade Crossing,None,,,         ,Jeb,Johnston,Cloudy,Not Collision with Motor Vehicle in Transport,no,no,no,no,no,False
100874626,METROPOLITAN NASHVILLE POLICE DEPT,20150591813,Davidson,Nashville,6/22/2015 7:35:00 AM,4,0,0,36.233450,-86.768040,I 65,,,,0.00,,,,,,,89.30,N,Not at Intersection,N,Non-Junction,Construction Zone,,,         ,Christian,Martin,Clear,Front to Rear,no,no,no,no,no,False
100874628,METROPOLITAN NASHVILLE POLICE DEPT,2015-0591955,Davidson,Not in City Limit,6/22/2015 12:00:00 AM,1,0,0,36.084990,-86.943270,SAWYER BROWN RD,,,,292.00,Feet,South,WESTFIELD DR,,,,0.00,N,Not at Intersection,N,Non-Junction,None,,,         ,Curtis,Rich,Unknown,Not Collision with Motor Vehicle in Transport,no,no,no,no,yes,False
100874629,METROPOLITAN NASHVILLE POLICE DEPT,20150591774,Davidson,Nashville,6/22/2015 7:14:00 AM,2,2,0,36.037380,-86.791000,STATE HWY 254,,,,0.00,,,EASTPARK DR,,,,0.00,Y,Four-Way,Y,Intersection,None,,,         ,Reuben,Hewit,Clear,Angle,no,no,no,no,no,False
100874630,METROPOLITAN NASHVILLE POLICE DEPT,2015590016,Davidson,Nashville,6/22/2015 1:14:00 PM,2,0,0,36.146300,-86.761530,TRIMBLE ST,,,,0.00,,,CLAIBORNE ST,,,,0.00,Y,T-Intersection, ,Non-Junction,None,,,         ,Kevin,Caperton,Clear,Front to Rear,no,no,no,no,no,False
100874639,METROPOLITAN NASHVILLE POLICE DEPT,20150589832,Davidson,Nashville,6/21/2015 10:53:00 AM,3,4,0,36.233700,-86.724860,GALLATIN PIKE,,,,31.00,Feet,North,RAMP,,,,0.00,N,Not at Intersection,N,Unknown,None,,,         ,Aaron,Wigginton,Clear,Front to Rear,no,no,no,no,no,False
100874645,METROPOLITAN NASHVILLE POLICE DEPT,20150591897,Davidson,Nashville,6/22/2015 8:00:00 AM,2,0,0,36.106870,-86.719260,I 24,,,,0.00,,,,,,,54.00,N,Not at Intersection,N,Non-Junction,None,,,         ,James,Thomas,Clear,Front to Rear,no,no,no,no,no,False
100874649,METROPOLITAN NASHVILLE POLICE DEPT,20150591877,Davidson,Nashville,6/22/2015 8:46:00 AM,2,0,0,36.166500,-86.761600,S 5TH ST,,,,0.00,,,SYLVAN ST,,,,0.00,Y,T-Intersection, ,,None,,,         ,Ian,Herlein,,,no,no,no,no,no,False
100874652,METROPOLITAN NASHVILLE POLICE DEPT,20150590029,Davidson,Nashville,6/21/2015 1:25:00 PM,4,1,0,36.039220,-86.782430,STATE HWY 254,,,,0.00,,,-- UNKNOWN RAMP/ROAD --,,,,0.00,Y,T-Intersection,Y,Intersection-Related,None,,,         ,Richard,Conger,Clear,Front to Rear,no,no,no,no,yes,False
100874654,METROPOLITAN NASHVILLE POLICE DEPT,20150592023,Davidson,Nashville,6/22/2015 8:47:00 AM,2,0,0,36.068220,-86.759270,BARRYWOOD DR,,,,0.00,,,TROUSDALE DR,,,,0.00,Y,Four-Way, ,Intersection,None,,,         ,Reuben,Hewit,Clear,Front to Rear,no,no,no,no,no,False
100874656,METROPOLITAN NASHVILLE POLICE DEPT,20150591858,Davidson,Nashville,6/22/2015 7:40:00 AM,2,1,0,36.146690,-86.742820,I 40,,,,0.00,,,,,,,212.10,N,Not at Intersection,N,Non-Junction,None,,,         ,Julian,Pirtle,Clear,Front to Rear,no,no,no,no,no,False
100874659,METROPOLITAN NASHVILLE POLICE DEPT,20150591932,Davidson,Nashville,6/22/2015 8:18:00 AM,2,0,0,36.106550,-86.673340,RAMP,,,,0.00,Feet,East,US HWY 41,,,,0.00,N,Not at Intersection, ,,None,,,         ,Steven,Rowlett,,,no,no,no,no,no,False
100874660,METROPOLITAN NASHVILLE POLICE DEPT,20150592072,Davidson,Antioch,6/22/2015 9:10:00 AM,2,0,0,36.010290,-86.622950,CRAFTWOOD,CT,,,30.00,Feet,North,HURLEY,CT,,,0.00,N,Not at Intersection,N,Non-Junction,None,,,         ,Joseph,Smith,Clear,"Sideswipe, Opposite Direction",no,no,no,no,no,False
100874661,METROPOLITAN NASHVILLE POLICE DEPT,20150592103,Davidson,Nashville,6/22/2015 9:30:00 AM,2,0,0,36.082630,-86.697830,I 24,,,,0.00,,,,,,,56.00,N,Not at Intersection, ,Non-Junction,None,,,         ,Brian,Lamb,Clear,Not Collision with Motor Vehicle in Transport,no,no,no,no,no,False
100874683,VANDERBILT UNIVERSITY POLICE,15-592318,Davidson,Nashville,6/22/2015 10:15:00 AM,1,0,0,36.150080,-86.774540,MULBERRY ST,,,,0.00,,,,,,,0.00,,, ,Non-Junction,None,,,         ,Jason,Bates,Clear,Not Collision with Motor Vehicle in Transport,no,no,no,yes,no,False
100874684,Nashville Airport Police,2015-01292,Davidson,Nashville,6/15/2015 12:39:00 PM,2,0,0,0.000000,0.000000,DONELSON,PIKE,SR255,00,500.00,Feet,South,,,I40,,216.00,N,Not at Intersection, ,Non-Junction,None,,,         ,William,Green,Clear,"Sideswipe, Same Direction",no,no,no,no,no,False
100874686,METROPOLITAN NASHVILLE POLICE DEPT,20150592463,Davidson,Not in City Limit,6/22/2015 11:46:00 AM,1,2,0,36.265860,-86.711030,DULING AVE,,,,0.00,,,US HWY 31E,,,,0.00,Y,T-Intersection,N,Intersection,None,,,         ,Christian,Martin,Clear,Not Collision with Motor Vehicle in Transport,no,no,no,no,no,False
100874687,METROPOLITAN NASHVILLE POLICE DEPT,20150592451,Davidson,Not in City Limit,6/22/2015 11:20:00 AM,2,0,0,36.277890,-86.734710,I 65,,,,0.00,,,,,,,93.20,N,Not at Intersection, ,Non-Junction,None,,,         ,Caleb,Foster,Clear,Not Collision with Motor Vehicle in Transport,no,no,no,no,no,False
100874692,METROPOLITAN NASHVILLE POLICE DEPT,2015-0592565,Davidson,Nashville,6/22/2015 10:58:00 AM,2,0,0,36.230510,-86.768680,EWING DR,,,,0.00,,,LARKSPUR DR,,,,0.00,Y,T-Intersection, ,Intersection-Related,None,,,         ,Adam,Gartner,Clear,Front to Rear,no,no,no,no,no,False
100874693,METROPOLITAN NASHVILLE POLICE DEPT,20150592540,Davidson,Nashville,6/22/2015 12:05:00 PM,2,0,0,36.143080,-86.706260,I 40,,,,0.00,,,,,,,214.40,N,Not at Intersection, ,,None,,,         ,James,Curtis,,,no,no,no,no,no,False
100874697,METROPOLITAN NASHVILLE POLICE DEPT,20150592055,Davidson,Nashville,6/22/2015 8:00:00 AM,2,0,0,36.082920,-86.717340,SHASTA DR,,,,600.00,Feet,North,WELCH RD,,,,0.00,N,Not at Intersection, ,Non-Junction,None,,,         ,Brian,Lamb,Clear,Angle,no,no,no,no,yes,False
100874699,BELLE MEADE POLICE DEPT,15-0155,Davidson,Belle Meade,6/19/2015 9:40:00 AM,2,0,0,36.094410,-86.856680,BELLE MEADE BLVD,,,,516.00,Feet,South,HARDING PL,,,,0.00,N,Not at Intersection,N,Non-Junction,None,,,         ,Doris,Howell,Clear,Not Collision with Motor Vehicle in Transport,no,no,no,no,no,False
100874705,Metro Park Police,2015-591720,Davidson,Nashville,6/22/2015 6:28:00 AM,2,0,0,36.150770,-86.811000,25TH AVE N,,,,200.00,Feet,South,PATTERSON ST,,,,0.00,N,Not at Intersection, ,"Driveway, Alley Access, etc",None,,,         ,Aubrey,"Whitworth, Jr.",Clear,Angle,no,no,no,no,no,False
100874706,Metro Park Police,20150592158,Davidson,Nashville,6/22/2015 9:40:00 AM,2,0,0,36.173520,-86.760320,WOODLAND ST,,,,0.00,,,S 7TH ST,,,,0.00,Y,OTHER,N,Non-Junction,None,,,         ,Aubrey,"Whitworth, Jr.",Clear,"Sideswipe, Same Direction",no,no,no,yes,no,False
100874707,VANDERBILT UNIVERSITY POLICE,15-0592626,Davidson,Nashville,6/22/2015 12:15:00 PM,2,0,0,36.138870,-86.802970,CHILDRENS WAY,,,,0.00,,,23RD AVE S,,,,0.00,Y,OTHER, ,Non-Junction,None,,,         ,Karl,Haury,Clear,Front to Rear,no,no,no,yes,no,Campus
100874712,METROPOLITAN NASHVILLE POLICE DEPT,2015-0592708,Davidson,Nashville,6/22/2015 1:10:00 PM,1,1,0,36.138440,-86.881710,US HWY 70,,,,421.00,Feet,West,ANNEX AVE,,,,0.00,N,Not at Intersection,N,Non-Junction,None,,,         ,Curtis,Rich,Clear,Not Collision with Motor Vehicle in Transport,yes,no,no,yes,no,False
100874713,METROPOLITAN NASHVILLE POLICE DEPT,20150592675,Davidson,Nashville,6/22/2015 12:25:00 PM,2,0,0,36.111090,-86.754470,STATE HWY 155,,,,0.00,Feet,West,EUGENIA AVE,,,,0.00,N,Not at Intersection, ,,None,,,         ,Justin,Pinkelton,,,no,no,no,no,no,False
100874720,METROPOLITAN NASHVILLE POLICE DEPT,2015-0589711,Davidson,Nashville,6/21/2015 10:10:00 AM,2,0,0,36.152060,-86.771400,4TH AVE S,,,,0.00,,,RAMP,,,,0.00,Y,Four-Way,N,Intersection,None,,,         ,Dale,Tomlin,Clear,Angle,no,no,no,no,no,False
100874731,METROPOLITAN NASHVILLE POLICE DEPT,20150592614,Davidson,Nashville,6/22/2015 12:41:00 PM,2,0,0,36.224950,-86.776410,I 24,,,,0.00,,,,,,,44.85,N,Not at Intersection, ,Entrance/Exit Ramp Related,Construction Zone,,,         ,Michael,McCord,Clear,"Sideswipe, Same Direction",no,no,no,no,yes,False
100874734,METROPOLITAN NASHVILLE POLICE DEPT,20150592288,Davidson,Nashville,6/22/2015 10:42:00 AM,2,1,0,36.106380,-86.742880,MORTON AVE,,,,0.00,,,US HWY 31 ALT,,,,0.00,Y,Four-Way,N,Intersection-Related,None,,,         ,John,Daugherty,Clear,"Sideswipe, Same Direction",no,no,no,no,no,False
100874735,METROPOLITAN NASHVILLE POLICE DEPT,20150590008,Davidson,Nashville,6/22/2015 12:20:00 PM,2,0,0,36.205860,-86.811900,W TRINITY LN,,,,275.00,Feet,West,OLD BUENA VISTA PIKE,,,,0.00,N,Not at Intersection,N,Non-Junction,None,,,         ,Richard,Olive,Clear,Angle,no,no,no,no,no,False
100874738,METROPOLITAN NASHVILLE POLICE DEPT,20150592422,Davidson,Nashville,6/22/2015 11:35:00 AM,2,1,0,36.188010,-86.797510,5TH AVE N,,,,49.00,Feet,South,DOMINICAN DR,,,,0.00,N,Not at Intersection,N,Non-Junction,None,,,         ,Charles,Ward,Clear,Front to Rear,no,no,no,no,no,False