master_record_number,agency,agency_tracking_number,county,city,collision_date,vehicles_involved,number_injured,number_dead,latitude,longitude,roadway_name,roadway_suffix,roadway_number,roadway_local_id,distance_from_reference,miles-feet_indicator,direction_from_reference,intersection_road_name,intersection_road_name_suffix,intersection_road_number,intersection_local_id,mile_marker,intersection_indicator,intersect_type,interchange_related_indicator,relation_to_junction,work_zone_type,construction_maintenance_zone,construction_maintenance_zone_location,fatal_case_number,officer_first_name,officer_last_name,weather_condition(s),manner_of_crash,pedestrian,bicycle,scooter,parking,hitrun,mou
100875857,METROPOLITAN NASHVILLE POLICE DEPT,20150601170,Davidson,Nashville,6/24/2015 5:01:00 PM,2,0,0,36.082050,-86.761140,STATE HWY 255,,,,62.00,Feet,East,CSX DR,,,,0.00,N,Not at Intersection, ,Non-Junction,None,,,         ,Brenton,Adcox,Clear,Angle,no,no,no,no,no,False
100875864,METROPOLITAN NASHVILLE POLICE DEPT,20150601296,Davidson,Nashville,6/24/2015 5:33:00 PM,2,0,0,36.113690,-86.746640,US HWY 31 ALT,,,,361.00,Feet,South,CENTRAL AVE,,,,0.00,N,Not at Intersection,N,Non-Junction,None,,,         ,Jacob,Masteller,Clear,"Sideswipe, Same Direction",no,no,no,no,yes,False
100875865,METROPOLITAN NASHVILLE POLICE DEPT,20150601179,Davidson,Nashville,6/24/2015 5:05:00 PM,2,0,0,0.000000,0.000000,336 HARDING PL,PL,,336,200.00,Feet,East,METROPLEX,DR,,,0.00,N,Not at Intersection, ,Non-Junction,None,,,         ,David,Collins,Clear,Front to Rear,no,no,no,yes,no,False
100875867,TENNESSEE STATE UNIVERSITY ,15-TSU-13365,Davidson,Nashville,6/24/2015 6:25:00 PM,2,0,0,36.170860,-86.824280,SCHRADER LN,,,,425.00,Feet,West,SCHRADER ACRES DR,,,,0.00,N,Not at Intersection, ,OtherLocation,None,,,         ,Bruce,Baghai,Clear,Rear to Side,no,no,no,yes,no,False
100875874,METROPOLITAN NASHVILLE POLICE DEPT,20150601347,Davidson,Nashville,6/24/2015 5:45:00 PM,3,1,0,36.111090,-86.754470,STATE HWY 155,,,,0.00,,,EUGENIA AVE,,,,0.00,Y,T-Intersection,N,Intersection,None,,,         ,Mekisha,Page,Clear,Front to Rear,no,no,no,no,no,False
100875881,METROPOLITAN NASHVILLE POLICE DEPT,20150601533,Davidson,Nashville,6/24/2015 6:23:00 PM,3,1,0,36.073950,-86.638130,US HWY 41,,,,234.00,Feet,South,RURAL HILL RD,,,,0.00,N,Not at Intersection,N,Non-Junction,None,,,         ,William,Durham,Clear,Front to Rear,no,no,no,no,no,False
100875882,METROPOLITAN NASHVILLE POLICE DEPT,20150601311,Davidson,Nashville,6/24/2015 5:35:00 PM,2,0,0,36.194300,-86.618250,CONNECTING ROAD,,,,0.00,Feet,,STATE HWY 45,,,,0.00,Y,Four-Way,Y,Intersection,None,,,         ,John,Kelley,Clear,Angle,no,no,no,no,no,False
100875886,METROPOLITAN NASHVILLE POLICE DEPT,20150601112,Davidson,Goodlettsville,6/24/2015 4:30:00 PM,2,0,0,36.290260,-86.722940,I 65,,,,0.00,,,,,,,94.25,N,Not at Intersection, ,Non-Junction,None,,,         ,Nathan,Dungan,Clear,Front to Rear,no,no,no,no,no,False
100875904,METROPOLITAN NASHVILLE POLICE DEPT,2015-0601488,Davidson,Nashville,6/24/2015 5:30:00 PM,2,0,0,0.000000,0.000000,UNION AVE,AVE,US117,,10.00,Feet,East,UNION AVE,AVE,US,,0.00,N,Not at Intersection,N,Non-Junction,None,,,         ,Dejuan,Daniels,Clear,Front to Rear,no,no,no,no,no,False
100875908,BERRY HILL POLICE DEPT,15-2477,Davidson,Berry Hill,6/24/2015 3:30:00 PM,2,2,0,36.112400,-86.768650,STATE HWY 155,,,,183.00,Feet,West,POWELL AVE,,,,0.00,N,Not at Intersection,N,Non-Junction,None,,,         ,John,Gleixner,Clear,HeadOn,no,no,no,no,no,False
100875920,METROPOLITAN NASHVILLE POLICE DEPT,20150601705,Davidson,Nashville,6/24/2015 6:07:00 PM,2,0,0,36.106210,-86.673020,US HWY 41,,,,0.00,Feet,,STATE HWY 255,,,,0.00,Y,Four-Way,N,Intersection-Related,None,,,         ,William,Waters,Clear,Front to Rear,no,no,no,no,no,False
100875943,METROPOLITAN NASHVILLE POLICE DEPT,20150601354,Davidson,Nashville,6/24/2015 5:50:00 PM,2,0,0,36.176990,-86.774600,SPRING ST,,,,0.00,,,N 1ST ST,,,,0.00,Y,Four-Way, ,Intersection-Related,None,,,         ,Ethan,Luffman,Clear,Angle,no,no,no,no,no,False
100875944,METROPOLITAN NASHVILLE POLICE DEPT,20150601229,Davidson,Nashville,6/24/2015 5:21:00 PM,2,0,0,36.042470,-86.713010,US HWY 31 ALT,,,,0.00,,,SWISS AVE,,,,0.00,Y,Four-Way,N,Non-Junction,None,,,         ,Ricki,Armstrong,Clear,"Sideswipe, Same Direction",no,no,no,no,yes,False
100875945,METROPOLITAN NASHVILLE POLICE DEPT,20150601469,Davidson,Nashville,6/24/2015 6:23:00 PM,2,2,0,36.221080,-86.685610,WESTERN HILLS DR,,,,63.00,Feet,North,CREALEWOOD DR,,,,0.00,N,Not at Intersection,N,Non-Junction,None,,,         ,Thomas,Barnes,Clear,Front to Rear,no,no,no,no,no,False
100875947,METROPOLITAN NASHVILLE POLICE DEPT,20150601373,Davidson,Nashville,6/24/2015 5:57:00 PM,1,0,0,36.182180,-86.814410,SEIFRIED ST,,,,0.00,,,,,,,0.00,,,N,OtherLocation,None,,,         ,Michael,Brooks,Unknown,Not Collision with Motor Vehicle in Transport,no,no,no,yes,yes,False
100875948,METROPOLITAN NASHVILLE POLICE DEPT,20150601651,Davidson,Nashville,6/24/2015 7:31:00 PM,1,1,0,36.248470,-86.784020,I 24,,,,0.00,,,,,,,42.80,N,Not at Intersection,N,Non-Junction,None,,,         ,Michael,Brooks,Cloudy,Not Collision with Motor Vehicle in Transport,no,no,no,no,no,False
100875949,METROPOLITAN NASHVILLE POLICE DEPT,20150601831,Davidson,Nashville,6/24/2015 8:37:00 PM,2,0,0,36.249160,-86.784100,I 24,,,,0.00,,,,,,,42.75,N,Not at Intersection, ,,None,,,         ,Michael,Brooks,,,no,no,no,no,no,False
100875950,METROPOLITAN NASHVILLE POLICE DEPT,20150602087,Davidson,Nashville,6/24/2015 9:43:00 PM,3,0,0,36.221440,-86.774720,I 24,,,,0.00,,,,,,,44.90,N,Not at Intersection,Y,Entrance/Exit Ramp Related,Construction Zone,Other,Advanced Warning Area,         ,Michael,Brooks,Clear,Front to Rear,no,no,no,no,yes,False
100875958,METROPOLITAN NASHVILLE POLICE DEPT,20150602044,Davidson,Nashville,6/24/2015 9:29:00 PM,2,1,0,36.064380,-86.717160,US HWY 31 ALT,,,,554.00,Feet,North,RAMP,,,,0.00,N,Not at Intersection,N,Non-Junction,None,,,         ,Charles,Griffin,Clear,Angle,no,no,no,no,no,False
100875962,METROPOLITAN NASHVILLE POLICE DEPT,20150601088,Davidson,Nashville,6/24/2015 4:39:00 PM,2,1,0,36.113740,-86.919790,EXIT 199,,,,0.00,Feet,East,I 40,,,,0.00,N,Not at Intersection,N,Entrance/Exit Ramp Related,None,,,         ,John,Thomas,Clear,Angle,no,no,no,no,no,False
100875965,METROPOLITAN NASHVILLE POLICE DEPT,20150601645,Davidson,Nashville,6/24/2015 7:28:00 PM,1,0,0,36.213520,-86.596220,TRENTON DR,,,,109.00,Feet,East,BATON ROUGE DR,,,,0.00,N,Not at Intersection,N,Non-Junction,None,,,         ,Shawn,Taylor,Clear,Not Collision with Motor Vehicle in Transport,no,no,no,no,yes,False
100875969,METROPOLITAN NASHVILLE POLICE DEPT,20150602107,Davidson,Antioch,6/24/2015 9:37:00 PM,1,0,0,36.012310,-86.618670,-- UNKNOWN RAMP/ROAD --,,,,0.00,Feet,East,I 24,,,,0.00,N,Not at Intersection, ,Entrance/Exit Ramp Related,None,,,         ,William,Durham,Clear,Not Collision with Motor Vehicle in Transport,no,no,no,no,no,False
100875971,METROPOLITAN NASHVILLE POLICE DEPT,20150602241,Davidson,Nashville,6/24/2015 9:27:00 PM,2,0,0,36.143300,-86.653670,ELM HILL PIKE,,,,407.00,Feet,East,MCCRORY CREEK RD,,,,0.00,N,Not at Intersection, ,Non-Junction,None,,,         ,Curtis,Fisher,Clear,Front to Rear,no,no,no,no,no,False
100875989,METROPOLITAN NASHVILLE POLICE DEPT,20150602508,Davidson,Not in City Limit,6/25/2015 11:00:00 PM,1,0,0,36.210190,-86.928500,STATE HWY 12,,,,2256.00,Feet,West,OLD HICKORY BLVD,,,,0.00,N,Not at Intersection, ,Non-Junction,None,,,         ,Eric,Mumaw,Clear,Not Collision with Motor Vehicle in Transport,no,no,no,no,no,False
100875997,METROPOLITAN NASHVILLE POLICE DEPT,20150602695,Davidson,Nashville,6/24/2015 6:28:00 PM,1,0,0,36.096180,-86.712280,DONNA KAY DR,,,,88.00,Feet,East,MELVA DR,,,,0.00,N,Not at Intersection,N,Non-Junction,None,,,         ,Kurt,Lewton,Clear,Not Collision with Motor Vehicle in Transport,no,no,no,no,yes,False
100876007,METROPOLITAN NASHVILLE POLICE DEPT,20150602539,Davidson,Nashville,6/24/2015 8:50:00 PM,2,0,0,36.063010,-86.683650,APACHE TRL,,,,0.00,,,CIMARRON WAY,,,,0.00,Y,T-Intersection,N,Intersection-Related,None,,,         ,William,Williams,Clear,Front to Rear,no,no,no,no,yes,False
100876019,GOODLETTSVILLE POLICE DEPT,15-23831,Davidson,Goodlettsville,6/24/2015 5:10:00 PM,2,0,0,36.328130,-86.714600,US HWY31/41,,US31/41,,19.00,Feet,North,LINDBERG STREET,,,,0.00,N,Not at Intersection, ,Non-Junction,None,,,         ,Daniel,Knalls,Clear,Front to Rear,no,no,no,no,no,False
100876041,METROPOLITAN NASHVILLE POLICE DEPT,20150600576,Davidson,Nashville,6/24/2015 1:59:00 PM,2,0,0,36.223420,-86.625550,STATE HWY 45,,,,0.00,,,6TH ST,,,,0.00,Y,T-Intersection,N,Intersection,Work Zone,Laneclosure,Transition Area,         ,James,Curtis,Clear,Front to Rear,no,no,no,no,no,False
100876064,METROPOLITAN NASHVILLE POLICE DEPT,20150600574,Davidson,Nashville,6/24/2015 1:59:00 PM,1,1,0,36.114820,-86.771750,-- UNKNOWN RAMP/ROAD --,,,,0.00,Feet,East,I 440,,,,0.00,N,Not at Intersection,N,Non-Junction,None,,,         ,Thomas,West,Clear,Not Collision with Motor Vehicle in Transport,no,no,no,no,no,False
100876070,METROPOLITAN NASHVILLE POLICE DEPT,20150599513,Davidson,Nashville,6/24/2015 7:28:00 AM,1,1,0,36.135820,-86.727560,EXIT 52,,,,0.00,,,I 24,,,,0.00,Y,OTHER,Y,Entrance/Exit Ramp Related,None,,,         ,David,Simmonds,Clear,Not Collision with Motor Vehicle in Transport,no,no,no,no,no,False
100876071,METROPOLITAN NASHVILLE POLICE DEPT,2015-0600514,Davidson,Nashville,6/24/2015 1:32:00 PM,2,1,0,36.137310,-86.798140,19TH AVE S,,,,0.00,,,WEDGEWOOD AVE,,,,0.00,Y,Four-Way,N,Intersection,None,,,         ,Emily,Davies,Rain,Angle,no,no,no,no,no,Campus
100876077,METROPOLITAN NASHVILLE POLICE DEPT,2015-0600188,Davidson,Nashville,6/24/2015 11:25:00 AM,2,0,0,36.203100,-86.776620,I 65,,,,0.00,,,,,,,87.10,N,Not at Intersection,Y,Entrance/Exit Ramp Related,Construction Zone,Lane Shift-Crossover,Advanced Warning Area,         ,Coleman,Womack,Cloudy,Front to Rear,no,no,no,no,yes,False
100876084,METROPOLITAN NASHVILLE POLICE DEPT,20150603581,Davidson,Nashville,6/25/2015 8:10:00 AM,2,0,0,36.042420,-86.726450,STATE HWY 254,,,,59.00,Feet,North,WOODLANDS AVE,,,,0.00,N,Not at Intersection, ,Non-Junction,None,,,         ,Nathan,Kemp,Clear,Front to Rear,no,no,no,no,no,False
100876094,METROPOLITAN NASHVILLE POLICE DEPT,20150603614,Davidson,Nashville,6/25/2015 8:13:00 AM,2,0,0,36.141630,-86.732970,I 40,,,,0.00,,,,,,,212.90,N,Not at Intersection, ,Non-Junction,None,,,         ,James,Curtis,Cloudy,Front to Rear,no,no,no,no,no,False
100876098,METROPOLITAN NASHVILLE POLICE DEPT,20150603598,Davidson,Nashville,6/25/2015 8:27:00 AM,2,0,0,36.162100,-86.782630,CHURCH ST,,,,0.00,,,7TH AVE N,,,,0.00,Y,Four-Way, ,Intersection,None,,,         ,Michael,Johnson,Cloudy,Rear to Side,no,no,no,no,no,False
100876099,METROPOLITAN NASHVILLE POLICE DEPT,2015-0600076,Davidson,Nashville,6/24/2015 10:20:00 AM,2,0,0,36.198300,-86.775960,I 65,,,,0.00,,,,,,,86.75,N,Not at Intersection, ,Non-Junction,Construction Zone,,,         ,Coleman,Womack,Cloudy,Front to Rear,no,no,no,no,no,False
100876101,METROPOLITAN NASHVILLE POLICE DEPT,20150603702,Davidson,Nashville,6/25/2015 8:40:00 AM,2,0,0,36.176570,-86.769640,US HWY 31W,,,,13.00,Feet,East,RAMP,,,,0.00,N,Not at Intersection, ,,None,,,         ,Adam,Gartner,,,no,no,no,no,no,False
100876102,METROPOLITAN NASHVILLE POLICE DEPT,20150600607,Davidson,Nashville,6/24/2015 2:00:00 PM,2,0,0,36.196640,-86.742230,CAHAL AVE,,,,0.00,Feet,,GALLATIN PIKE,,,,0.00,Y,T-Intersection, ,Intersection-Related,None,,,         ,Ronald,Raynore,Clear,"Sideswipe, Same Direction",no,no,no,no,no,False
100876103,VANDERBILT UNIVERSITY POLICE,2015-603620,Davidson,Nashville,6/24/2015 12:00:00 AM,2,0,0,36.145240,-86.796910,SCARRITT PL,,,,0.00,,,,,,,0.00,,, ,,None,,,         ,Bridney,Jones,,,no,no,no,yes,no,Campus
100876104,METROPOLITAN NASHVILLE POLICE DEPT,20150603580,Davidson,Nashville,6/25/2015 8:15:00 AM,2,0,0,36.156550,-86.631220,STEWARTS FERRY PIKE,,,,0.00,,,EXIT 219,,,,0.00,Y,OTHER, ,Non-Junction,None,,,         ,Julian,Pirtle,Clear,Front to Rear,no,no,no,no,no,False
100876109,METROPOLITAN NASHVILLE POLICE DEPT,2015-0600321,Davidson,Nashville,6/24/2015 12:35:00 PM,2,0,0,36.130210,-86.899990,US HWY 70,,,,92.00,Feet,West,RAMP,,,,0.00,N,Not at Intersection, ,Non-Junction,None,,,         ,Coleman,Womack,Cloudy,"Sideswipe, Same Direction",no,no,no,no,no,False
100876129,METROPOLITAN NASHVILLE POLICE DEPT,2015-0603638,Davidson,Nashville,6/25/2015 8:25:00 AM,2,0,0,36.121680,-86.727140,I 24,,,,0.00,,,,,,,52.80,N,Not at Intersection,N,Non-Junction,None,,,         ,Jeffrey,Nidiffer,Cloudy,"Sideswipe, Same Direction",no,no,no,no,no,False
100876134,METROPOLITAN NASHVILLE POLICE DEPT,20150600670,Davidson,Nashville,6/24/2015 2:37:00 PM,2,0,0,36.113970,-86.810880,STATE HWY 155,,,,0.00,,,US HWY 431,,,,0.00,Y,Four-Way,Y,Intersection,None,,,         ,Michael,Hunnicutt,Clear,Front to Rear,no,no,no,no,yes,False
100876139,METROPOLITAN NASHVILLE POLICE DEPT,20150604056,Davidson,Nashville,6/25/2015 10:52:00 AM,2,0,0,36.162850,-86.783100,7TH AVE N,,,,310.00,Feet,North,CHURCH ST,,,,0.00,N,Not at Intersection, ,Non-Junction,None,,,         ,Michael,Johnson,Cloudy,"Sideswipe, Same Direction",no,no,no,no,yes,False
100876156,METROPOLITAN NASHVILLE POLICE DEPT,2015-0603394,Davidson,Nashville,6/25/2015 4:35:00 AM,1,1,0,36.234320,-86.764380,LARKSPUR DR,,,,362.00,Feet,East,SOUTHRIDGE DR,,,,0.00,N,Not at Intersection,N,Non-Junction,None,,,         ,Coleman,Womack,Cloudy,Not Collision with Motor Vehicle in Transport,no,no,no,no,no,False
100876164,METROPOLITAN NASHVILLE POLICE DEPT,2015-0604158,Davidson,Not in City Limit,6/25/2015 11:22:00 AM,2,0,0,36.262730,-86.712020,US HWY 31E,,,,47.00,Feet,North,RAMP,,,,0.00,N,Not at Intersection, ,Non-Junction,None,,,         ,Nicholas,Truan,Clear,Front to Rear,no,no,no,no,no,False
100876168,METROPOLITAN NASHVILLE POLICE DEPT,20150604234,Davidson,Nashville,6/25/2015 11:45:00 AM,2,0,0,36.128930,-86.787510,11TH AVE S,,,,40.00,Feet,South,LAWRENCE AVE,,,,0.00,N,Not at Intersection,N,Non-Junction,None,,,         ,Thomas,West,Clear,Angle,no,no,no,no,no,False
100876170,METROPOLITAN NASHVILLE POLICE DEPT,20150604200,Davidson,Madison,6/25/2015 11:40:00 AM,2,0,0,36.300500,-86.695360,US HWY 31E,,,,196.00,Feet,West,SHEPHERD HILLS DR,,,,0.00,N,Not at Intersection, ,Non-Junction,None,,,         ,David,Boone,Clear,Angle,no,no,no,no,no,False
100876173,THP District 9 - Administrative,315032911,Davidson,Nashville,6/25/2015 10:22:00 AM,2,0,0,36.174690,-86.781970,1ST AVE N,,,,323.00,Feet,East,2ND AVE N,,,,0.00,N,Not at Intersection, ,"Driveway, Alley Access, etc",None,,,         ,Brian,Carmouche,Clear,Angle,no,no,no,no,no,False
100876179,METROPOLITAN NASHVILLE POLICE DEPT,20150604265,Davidson,Nashville,6/25/2015 12:00:00 AM,2,0,0,36.239430,-86.707260,BENAY RD,,,,239.00,Feet,South,PENN MEADE WAY,,,,0.00,N,Not at Intersection, ,Non-Junction,None,,,         ,Daniel,Crockett,Unknown,Unknown,no,no,no,no,yes,False
100876182,METROPOLITAN NASHVILLE POLICE DEPT,20150604369,Davidson,Nashville,6/25/2015 12:33:00 PM,1,0,0,36.152030,-86.767240,I 40,,,,0.00,,,,,,,210.55,N,Not at Intersection, ,Non-Junction,None,,,         ,Mitchell,McClay,Clear,Not Collision with Motor Vehicle in Transport,no,no,no,no,no,False
100876184,METROPOLITAN NASHVILLE POLICE DEPT,20150604175,Davidson,Nashville,6/25/2015 11:25:00 AM,1,0,0,36.120830,-86.790530,12TH AVE S,,,,0.00,,,KIRKWOOD AVE,,,,0.00,Y,Four-Way, ,Intersection,None,,,         ,Nathan,Kemp,Clear,Not Collision with Motor Vehicle in Transport,no,no,no,no,no,False
100876191,METROPOLITAN NASHVILLE POLICE DEPT,2015-0604269,Davidson,Nashville,6/25/2015 12:05:00 PM,2,2,0,36.161940,-86.775190,2ND AVE S,,,,0.00,,,US HWY 70,,,,0.00,Y,Four-Way,N,Intersection-Related,None,,,         ,Alex,Moore,Clear,Front to Rear,no,no,no,no,no,False
100876197,METROPOLITAN NASHVILLE POLICE DEPT,20150604443,Davidson,Nashville,6/25/2015 12:51:00 PM,2,0,0,36.039160,-86.712860,US HWY 31 ALT,,,,685.00,Feet,South,CONNECTING ROAD,,,,0.00,N,Not at Intersection, ,Non-Junction,None,,,         ,Nathan,Kemp,Clear,Front to Rear,no,no,no,no,no,False
100876201,METROPOLITAN NASHVILLE POLICE DEPT,2015-0604368,Davidson,Nashville,6/25/2015 12:25:00 PM,2,1,0,36.163630,-86.787540,RAMP,,,,0.00,,,CHARLOTTE AVE,,,,0.00,Y,Four-Way,N,Intersection,None,,,         ,Paul,Sorace,Cloudy,Front to Rear,no,no,no,no,no,False
100876205,METROPOLITAN NASHVILLE POLICE DEPT,2015-0604525,Davidson,Nashville,6/25/2015 1:00:00 PM,2,0,0,36.091300,-86.827160,HARDING PL,,,,136.00,Feet,East,RAMP,,,,0.00,N,Not at Intersection, ,,None,,,         ,Curtis,Rich,,,no,no,no,no,no,False
100876208,METROPOLITAN NASHVILLE POLICE DEPT,2015-0603494,Davidson,Nashville,6/25/2015 5:30:00 AM,2,0,0,36.186540,-86.739380,BENJAMIN ST,,,,289.00,Feet,East,N 16TH ST,,,,0.00,N,Not at Intersection,N,Non-Junction,None,,,         ,Coleman,Womack,Cloudy,Front to Rear,no,no,no,no,no,False
100876223,METROPOLITAN NASHVILLE POLICE DEPT,20150604553,Davidson,Nashville,6/25/2015 1:32:00 PM,2,0,0,36.158060,-86.790290,US HWY 70,,,,162.00,Feet,South,CHURCH ST,,,,0.00,N,Not at Intersection, ,,None,,,         ,Michael,Johnson,,,no,no,no,no,no,False
100876230,METROPOLITAN NASHVILLE POLICE DEPT,20150604575,Davidson,Not in City Limit,6/25/2015 1:00:00 PM,1,0,0,36.004340,-87.028780,OLD HARDING PIKE,,,,749.00,Feet,South,STATE HWY 96,,,,0.00,N,Not at Intersection,N,Non-Junction,None,,,         ,Wesley,Tilley,Clear,Not Collision with Motor Vehicle in Transport,no,no,no,no,yes,False
100876261,METROPOLITAN NASHVILLE POLICE DEPT,20150604767,Davidson,Nashville,6/25/2015 2:50:00 PM,2,0,0,36.253250,-86.716760,EMMITT AVE,,,,0.00,,,US HWY 31E,,,,0.00,Y,Four-Way, ,,None,,,         ,Ryan,Sabel,,,no,no,no,no,no,False
100876278,METROPOLITAN NASHVILLE POLICE DEPT,20150602099,Davidson,Nashville,6/24/2015 12:00:00 AM,2,0,0,36.154330,-86.743290,US HWY 70,,,,0.00,,,FESSLERS LN,,,,0.00,Y,T-Intersection,N,Intersection,None,,,         ,Brandon,Vance,Clear,Angle,no,no,no,no,yes,False
100876280,METROPOLITAN NASHVILLE POLICE DEPT,2015-0601167,Davidson,Nashville,6/24/2015 4:45:00 PM,2,0,0,36.109280,-86.720050,BELL,,,,0.00,,,BLUE HOLE,,,,0.00,Y,Four-Way,N,Intersection-Related,None,,,         ,Benjamin,Winkler,Clear,Angle,no,no,no,no,no,False
100876282,METROPOLITAN NASHVILLE POLICE DEPT,20150602094,Davidson,Nashville,6/24/2015 9:38:00 PM,2,0,0,36.152370,-86.837040,42ND AVE N,,,,0.00,,,US HWY 70,,,,0.00,Y,Four-Way,Y,Intersection,None,,,         ,Michael,Hunnicutt,Clear,Front to Rear,no,no,no,no,no,False
100876290,METROPOLITAN NASHVILLE POLICE DEPT,20150604942,Davidson,Nashville,6/25/2015 3:41:00 PM,2,0,0,36.112970,-86.799010,STATE HWY 155,,,,298.00,Feet,East,BELMONT BLVD,,,,0.00,N,Not at Intersection, ,Non-Junction,None,,,         ,Mekisha,Page,Clear,Angle,no,no,no,no,no,False
100876302,METROPOLITAN NASHVILLE POLICE DEPT,20150604835,Davidson,Nashville,6/25/2015 2:04:00 PM,2,0,0,36.109530,-86.727940,STATE HWY 155,,,,29.00,Feet,East,SOUTHLAKE DR,,,,0.00,N,Not at Intersection, ,Non-Junction,None,,,         ,William,Durham,Clear,Front to Rear,no,no,no,no,no,False
100876310,METROPOLITAN NASHVILLE POLICE DEPT,20150604687,Davidson,Madison,6/25/2015 2:15:00 PM,2,0,0,36.256150,-86.714370,NEELYS BEND RD,,,,0.00,,,US HWY 31E,,,,0.00,Y,T-Intersection,N,Intersection,None,,,         ,Nathan,Dungan,Clear,Angle,no,no,no,no,no,False
100876320,METROPOLITAN NASHVILLE POLICE DEPT,20150605111,Davidson,Nashville,6/25/2015 12:00:00 AM,2,0,0,36.267300,-86.767340,RUGBY DR,,,,675.00,Feet,South,SUSSEX CT,,,,0.00,N,Not at Intersection,N,Non-Junction,None,,,         ,Ryan,Allen,Clear,Unknown,no,no,no,no,yes,False
100876321,METROPOLITAN NASHVILLE POLICE DEPT,20150604929,Davidson,Nashville,6/25/2015 3:40:00 PM,2,1,0,36.268770,-86.755930,US HWY 31W,,,,44.00,Feet,South,RAMP,,,,0.00,N,Not at Intersection,N,Non-Junction,None,,,         ,Nathan,Dungan,Clear,Front to Rear,no,no,no,no,no,False
100876322,METROPOLITAN NASHVILLE POLICE DEPT,20150605048,Davidson,Nashville,6/25/2015 4:10:00 PM,2,1,0,36.146270,-86.742430,I 40,,,,0.00,,,,,,,212.10,N,Not at Intersection,N,Non-Junction,None,,,         ,Leslie,Hale,Clear,Front to Rear,no,no,no,no,no,False
100876323,METROPOLITAN NASHVILLE POLICE DEPT,20150605121,Davidson,Nashville,6/25/2015 4:49:00 PM,2,0,0,36.110590,-86.771120,I 65,,,,0.00,,,,,,,79.80,N,Not at Intersection, ,Non-Junction,None,,,         ,Mekisha,Page,Clear,Front to Rear,no,no,no,no,yes,False
100876329,METROPOLITAN NASHVILLE POLICE DEPT,20150605031,Davidson,Nashville,6/25/2015 4:06:00 PM,1,1,0,36.155860,-86.722550,SPENCE LN,,,,846.00,Feet,North,US HWY 70,,,,0.00,N,Not at Intersection,N,"Driveway, Alley Access, etc",None,,,         ,James,Curtis,Clear,Not Collision with Motor Vehicle in Transport,no,no,no,yes,no,False
100876331,METROPOLITAN NASHVILLE POLICE DEPT,20150605097,Davidson,Nashville,6/25/2015 4:21:00 PM,2,1,0,36.047540,-86.656040,HICKORY HOLLOW PKWY,,,,0.00,,,STATE HWY 254,,,,0.00,Y,Four-Way,N,Intersection,None,,,         ,Kevin,Keating,Clear,Angle,no,no,no,no,no,False
100876341,METROPOLITAN NASHVILLE POLICE DEPT,20150601246,Davidson,Nashville,6/24/2015 5:00:00 PM,2,0,0,36.239670,-86.774740,STATE HWY 155,,,,500.00,Feet,West,MOOREWOOD DR,,,,0.00,N,Not at Intersection,N,Non-Junction,None,,,         ,Nathan,Dungan,Clear,Front to Rear,no,no,no,no,yes,False
100876342,METROPOLITAN NASHVILLE POLICE DEPT,20150602103,Davidson,Goodlettsville,6/24/2015 9:45:00 PM,2,0,0,36.297330,-86.689260,PAULA DR,,,,416.00,Feet,South,TWIN HILLS DR,,,,0.00,N,Not at Intersection,N,Non-Junction,None,,,         ,Nathan,Dungan,Clear,Front to Rear,no,no,no,no,no,False
100876343,METROPOLITAN NASHVILLE POLICE DEPT,20150605124,Davidson,Nashville,6/25/2015 4:26:00 PM,1,0,0,36.175760,-86.678800,MCGAVOCK PIKE,,,,300.00,Feet,South,MAPLECREST DR,,,,0.00,N,Not at Intersection,N,Non-Junction,None,,,         ,Tyler,Conrads,Clear,Not Collision with Motor Vehicle in Transport,no,no,no,no,yes,False
100876345,METROPOLITAN NASHVILLE POLICE DEPT,20150600777,Davidson,Nashville,6/24/2015 1:51:00 PM,2,0,0,36.040070,-86.768350,CLOVERLAND DR,,,,25.00,Feet,South,STATE HWY 254,,,,0.00,N,Not at Intersection, ,Non-Junction,None,,,         ,Miguel,Garcia,Clear,Front to Rear,no,no,no,no,no,False
100876346,METROPOLITAN NASHVILLE POLICE DEPT,20150605246,Davidson,Nashville,6/25/2015 4:45:00 PM,2,0,0,36.032570,-86.783340,I 65,,,,0.00,,,,,,,74.10,N,Not at Intersection, ,Non-Junction,None,,,         ,Miguel,Garcia,Clear,"Sideswipe, Same Direction",no,no,no,no,yes,False
100876349,METROPOLITAN NASHVILLE POLICE DEPT,20150604061,Davidson,Nashville,6/25/2015 10:46:00 AM,2,0,0,36.148760,-86.666200,ELM HILL PIKE,,,,0.00,,,STATE HWY 255,,,,0.00,Y,Four-Way,N,Intersection,None,,,         ,James,Curtis,Clear,"Sideswipe, Same Direction",no,no,no,no,no,False
100876353,METROPOLITAN NASHVILLE POLICE DEPT,20150605218,Davidson,Nashville,6/25/2015 4:45:00 PM,2,1,0,36.041050,-86.776120,STATE HWY 254,,,,0.00,,,BRENTWOOD COMMONS WAY,,,,0.00,Y,Four-Way,N,Intersection,None,,,         ,Eric,Burford,Clear,"Sideswipe, Same Direction",no,no,no,no,no,False