master_record_number,agency,agency_tracking_number,county,city,collision_date,vehicles_involved,number_injured,number_dead,latitude,longitude,roadway_name,roadway_suffix,roadway_number,roadway_local_id,distance_from_reference,miles-feet_indicator,direction_from_reference,intersection_road_name,intersection_road_name_suffix,intersection_road_number,intersection_local_id,mile_marker,intersection_indicator,intersect_type,interchange_related_indicator,relation_to_junction,work_zone_type,construction_maintenance_zone,construction_maintenance_zone_location,fatal_case_number,officer_first_name,officer_last_name,weather_condition(s),manner_of_crash,pedestrian,bicycle,scooter,parking,hitrun,mou
100876736,BRENTWOOD POLICE DEPT,201500018374,Davidson,Nashville,6/26/2015 11:44:00 AM,2,0,0,36.035990,-86.787210,US HWY 31,,,,42.00,Feet,North,PEWITT DR,,,,0.00,N,Not at Intersection, ,,,,,         ,David,HuYoung,,,no,no,no,no,no,False
100876737,METROPOLITAN NASHVILLE POLICE DEPT,2015-0608497,Davidson,Nashville,6/26/2015 11:30:00 AM,2,0,0,36.151730,-86.786460,I 40,,,,0.00,,,,,,,209.45,N,Not at Intersection, ,Non-Junction,Maintenance Zone,,,         ,Paul,Sorace,Cloudy,"Sideswipe, Same Direction",no,no,no,no,no,False
100876739,METROPOLITAN NASHVILLE POLICE DEPT,20150608387,Davidson,Nashville,6/26/2015 11:13:00 AM,2,0,0,36.045450,-86.703660,STATE HWY 254,,,,0.00,,,EULALA DR,,,,0.00,Y,Four-Way, ,Intersection-Related,None,,,         ,David,Simmonds,Clear,Front to Rear,no,no,no,no,no,False
100876740,METROPOLITAN NASHVILLE POLICE DEPT,20150608294,Davidson,Nashville,6/26/2015 10:45:00 AM,2,1,0,36.045300,-86.714310,STATE HWY 254,,,,282.00,Feet,West,US HWY 31 ALT,,,,0.00,N,Not at Intersection,N,Non-Junction,None,,,         ,James,Smith,Clear,"Sideswipe, Same Direction",no,no,no,no,no,False
100876741,METROPOLITAN NASHVILLE POLICE DEPT,20150608591,Davidson,Nashville,6/26/2015 12:14:00 PM,2,0,0,36.155360,-86.743430,FESSLERS LN,,,,378.00,Feet,North,US HWY 70,,,,0.00,N,Not at Intersection, ,Non-Junction,None,,,         ,Michael,Johnson,Clear,"Sideswipe, Same Direction",no,no,no,no,yes,False
100876742,METROPOLITAN NASHVILLE POLICE DEPT,20150608435,Davidson,Nashville,6/26/2015 11:23:00 AM,2,2,0,36.209620,-86.832300,W HAMILTON AVE,,,,0.00,,,HAROLD PREWETT DR,,,,0.00,Y,T-Intersection,N,Non-Junction,None,,,         ,Noah,Melton,Clear,Other,no,no,no,no,no,False
100876743,METROPOLITAN NASHVILLE POLICE DEPT,2015-0608467,Davidson,Nashville,6/26/2015 9:49:00 AM,2,0,0,0.000000,0.000000,I40 WEST,,,,100.00,Feet,East,,,,,213.40,N,Not at Intersection, ,Non-Junction,None,,,         ,Caleb,Jernigan,Clear,Front to Rear,no,no,no,no,no,False
100876753,METROPOLITAN NASHVILLE POLICE DEPT,2015-0608746,Davidson,Nashville,6/26/2015 12:55:00 PM,2,1,0,36.151830,-86.842220,46TH AVE N,,,,126.00,Feet,South,US HWY 70,,,,0.00,N,Not at Intersection,N,Non-Junction,None,,,         ,Curtis,Rich,Cloudy,Front to Rear,no,no,no,no,no,False
100876755,METROPOLITAN NASHVILLE POLICE DEPT,2015-0608708,Davidson,Nashville,6/26/2015 12:00:00 PM,2,0,0,36.103920,-86.819590,HILLSBORO CIR,,,,419.00,Feet,South,BANDYWOOD DR,,,,0.00,N,Not at Intersection, ,Non-Junction,None,,,         ,Paul,Junkmann,Cloudy,Rear to Rear,no,no,no,yes,yes,False
100876762,METROPOLITAN NASHVILLE POLICE DEPT,2015-0608237,Davidson,Nashville,6/26/2015 10:20:00 AM,2,0,0,36.146100,-86.810230,US HWY 70S,,,,120.00,Feet,West,NATCHEZ TRCE,,,,0.00,N,Not at Intersection, ,Non-Junction,None,,,         ,David,Anderson,Cloudy,"Sideswipe, Same Direction",no,no,no,no,no,Campus
100876770,METROPOLITAN NASHVILLE POLICE DEPT,20150608762,Davidson,Nashville,6/26/2015 12:31:00 PM,2,0,0,36.135800,-86.802710,ACKLEN AVE,,,,505.00,Feet,West,US HWY 431,,,,0.00,N,Not at Intersection, ,Non-Junction,None,,,         ,Justin,Pinkelton,Clear,Angle,no,no,no,no,no,Campus
100876773,METROPOLITAN NASHVILLE POLICE DEPT,20150608740,Davidson,Nashville,6/26/2015 12:27:00 PM,2,0,0,36.040670,-86.779660,STATE HWY 254,,,,100.00,Feet,West,FRANKLIN PIKE CIR,,,,0.00,N,Not at Intersection, ,Non-Junction,None,,,         ,Nathan,Kemp,Clear,Front to Rear,no,no,no,no,no,False
100876776,METROPOLITAN NASHVILLE POLICE DEPT,20150608356,Davidson,Nashville,6/26/2015 11:00:00 AM,2,0,0,0.000000,0.000000,HERMITAGE,AVE,,,0.00,,,PEABODY,ST,,,0.00,Y,Four-Way,N,Intersection,Construction Zone,Work On Shoulder Or Median,Activity Area,         ,Jose,Salazar,Clear,Front to Rear,no,no,no,no,no,False
100876777,METROPOLITAN NASHVILLE POLICE DEPT,2015-0608808,Davidson,Nashville,6/26/2015 12:55:00 PM,2,0,0,36.154370,-86.758060,I 24,,,,0.00,,,,,,,49.90,N,Not at Intersection, ,Entrance/Exit Ramp Related,None,,,         ,Charles,Coe,Cloudy,Front to Rear,no,no,no,no,no,False
100876783,METROPOLITAN NASHVILLE POLICE DEPT,20150608892,Davidson,Nashville,6/26/2015 12:46:00 PM,2,0,0,36.070460,-86.704350,MARGO LN,,,,0.00,,,BARLOW DR,,,,0.00,Y,T-Intersection, ,Non-Junction,None,,,         ,Kenneth,Alexandrow,Clear,Rear to Side,no,no,no,no,no,False
100876784,METROPOLITAN NASHVILLE POLICE DEPT,20150608040,Davidson,Nashville,6/26/2015 9:41:00 AM,2,0,0,36.151360,-86.852900,US HWY 70,,,,219.00,Feet,East,54TH AVE N,,,,0.00,N,Not at Intersection, ,Non-Junction,None,,,         ,Ryan,Burger,Clear,"Sideswipe, Same Direction",no,no,no,no,no,False
100876785,GOODLETTSVILLE POLICE DEPT,15-24079,Davidson,Goodlettsville,6/26/2015 1:00:00 PM,2,0,0,36.318380,-86.700560,CONFERENCE DR,,,,0.00,,,NORTHCREEK BLVD,,,,0.00,Y,Four-Way,N,Intersection,None,,,         ,George,Forbes,Clear,Front to Rear,no,no,no,no,no,False
100876792,METROPOLITAN NASHVILLE POLICE DEPT,20150608795,Davidson,Nashville,6/26/2015 1:11:00 PM,2,0,0,36.183790,-86.748340,EASTLAND AVE,,,,0.00,,,GALLATIN AVE,,,,0.00,Y,T-Intersection,N,Intersection,None,,,         ,Eric,Westbrook,Clear,Angle,no,no,no,no,no,False
100876794,METROPOLITAN NASHVILLE POLICE DEPT,20150608722,Davidson,Nashville,6/26/2015 12:12:00 PM,2,0,0,36.166370,-86.780700,4TH AVE N,,,,0.00,,,CHARLOTTE AVE,,,,0.00,Y,Four-Way, ,,None,,,         ,Bryan,Birdwell,,,no,no,no,no,no,False
100876800,METROPOLITAN NASHVILLE POLICE DEPT,20150608805,Davidson,Nashville,6/26/2015 11:15:00 AM,2,4,0,36.253310,-86.716710,US HWY 31E,,,,25.00,Feet,North,EMMITT AVE,,,,0.00,N,Not at Intersection,N,Non-Junction,None,,,         ,Brian,Otto,Clear,Front to Rear,no,no,no,yes,no,False
100876802,METROPOLITAN NASHVILLE POLICE DEPT,2015-0608408,Davidson,Nashville,6/26/2015 11:00:00 AM,2,0,0,36.105820,-86.672120,US HWY 41,,,,0.00,,,RAMP,,,,0.00,Y,OTHER, ,Non-Junction,None,,,         ,Brandon,O'Guin,Clear,Front to Rear,no,no,no,no,yes,False
100876808,METROPOLITAN NASHVILLE POLICE DEPT,20150608540,Davidson,Nashville,6/26/2015 11:32:00 AM,2,0,0,36.152000,-86.752800,I 40,,,,0.00,,,,,,,211.40,N,Not at Intersection, ,Non-Junction,None,,,         ,James,Curtis,Clear,"Sideswipe, Same Direction",no,no,no,no,no,False
100876818,METROPOLITAN NASHVILLE POLICE DEPT,20150608831,Davidson,Nashville,6/26/2015 1:23:00 PM,2,1,0,36.080400,-86.717680,STATE HWY 255,,,,74.00,Feet,East,JONQUIL DR,,,,0.00,N,Not at Intersection,N,Non-Junction,None,,,         ,Mark,Harrison,Clear,"Sideswipe, Same Direction",no,no,no,no,no,False
100876826,METROPOLITAN NASHVILLE POLICE DEPT,20150608853,Davidson,Nashville,6/26/2015 1:30:00 PM,2,0,0,36.086600,-86.771960,STATE HWY 255,,,,0.00,,,US HWY 31,,,,0.00,Y,Four-Way, ,Intersection,None,,,         ,Reuben,Hewit,Clear,Angle,no,no,no,no,no,False
100876827,METROPOLITAN NASHVILLE POLICE DEPT,20150608949,Davidson,Nashville,6/26/2015 2:21:00 PM,2,1,0,0.000000,0.000000,,,I440,,50.00,Feet,West,,,,,6.00,N,Not at Intersection,N,Non-Junction,None,,,         ,Mekisha,Page,Clear,Angle,no,no,no,no,yes,False
100876831,METROPOLITAN NASHVILLE POLICE DEPT,20150608997,Davidson,Nashville,6/26/2015 2:18:00 PM,2,0,0,36.174470,-86.770820,I 24,,,,0.00,,,,,,,48.10,N,Not at Intersection, ,Non-Junction,None,,,         ,Charles,Wakefield,Clear,Front to Rear,no,no,no,no,no,False
100876833,METROPOLITAN NASHVILLE POLICE DEPT,20150609030,Davidson,Nashville,6/26/2015 2:51:00 PM,2,0,0,36.150480,-86.795690,DIVISION ST,,,,9.00,Feet,West,19TH AVE S,,,,0.00,N,Not at Intersection,N,Non-Junction,None,,,         ,Charles,Griffin,Clear,Angle,no,no,no,no,no,False
100876834,METROPOLITAN NASHVILLE POLICE DEPT,20150608873,Davidson,Nashville,6/26/2015 1:38:00 PM,2,0,0,36.239520,-86.704010,SONAR ST,,,,315.00,Feet,South,ALANDEE ST,,,,0.00,N,Not at Intersection, ,Non-Junction,None,,,         ,James,Curtis,Clear,Not Collision with Motor Vehicle in Transport,no,no,no,no,no,False
100876840,METROPOLITAN NASHVILLE POLICE DEPT,20150609086,Davidson,Nashville,6/26/2015 3:14:00 PM,2,0,0,36.149680,-86.779110,DIVISION ST,,,,0.00,,,US HWY 31,,,,0.00,Y,T-Intersection, ,Intersection,None,,,         ,MIchael,Mihajlov,Clear,Angle,no,no,no,no,no,False
100876844,METROPOLITAN NASHVILLE POLICE DEPT,20150609047,Davidson,Nashville,6/26/2015 2:18:00 PM,2,1,0,36.193250,-86.624470,JACKSONIAN DR,,,,196.00,Feet,East,BONNAFORD DR,,,,0.00,N,Not at Intersection,N,Non-Junction,None,,,         ,Shawn,Taylor,Clear,Rear to Side,no,no,no,no,no,False
100876845,METROPOLITAN NASHVILLE POLICE DEPT,20150604539,Davidson,Nashville,6/25/2015 12:13:00 PM,3,0,0,36.223880,-86.625590,STATE HWY 45,,,,55.00,Feet,South,COMMERCE ST,,,,0.00,N,Not at Intersection,N,Non-Junction,Work Zone,Laneclosure,Activity Area,         ,James,Curtis,Clear,Front to Rear,no,no,no,no,yes,False
100876848,METROPOLITAN NASHVILLE POLICE DEPT,20150609135,Davidson,Nashville,6/26/2015 1:35:00 PM,2,0,0,36.101950,-86.819520,HILLSBORO CIR,,,,135.00,Feet,South,HILLSBORO DR,,,,0.00,N,Not at Intersection,N,Non-Junction,None,,,         ,Shaun,Heath,Clear,Front to Rear,no,no,no,no,yes,False
100876851,METROPOLITAN NASHVILLE POLICE DEPT,20150609113,Davidson,Nashville,6/26/2015 2:30:00 PM,2,0,0,36.039870,-86.740880,STATE HWY 254,,,,492.00,Feet,West,HIGHLAND WAY,,,,0.00,N,Not at Intersection, ,Non-Junction,None,,,         ,Ricki,Armstrong,Clear,Front to Rear,no,no,no,no,no,False
100876869,METROPOLITAN NASHVILLE POLICE DEPT,20150609009,Davidson,Nashville,6/26/2015 1:29:00 PM,2,0,0,36.080610,-86.758930,RAMP,,,,127.00,Feet,West,TROUSDALE DR,,,,0.00,N,Not at Intersection,N,Non-Junction,None,,,         ,Megan,Lamon,Clear,Not Collision with Motor Vehicle in Transport,no,no,no,yes,no,False
100876870,METROPOLITAN NASHVILLE POLICE DEPT,20150609052,Davidson,Nashville,6/26/2015 2:12:00 PM,2,0,0,36.105900,-86.814020,ABBOTT MARTIN RD,,,,55.00,Feet,West,US HWY 431,,,,0.00,N,Not at Intersection, ,"Driveway, Alley Access, etc",None,,,         ,Michael,Hunnicutt,Clear,Angle,no,no,no,no,no,False
100876886,METROPOLITAN NASHVILLE POLICE DEPT,20150609151,Davidson,Nashville,6/26/2015 3:30:00 PM,2,0,0,36.126860,-86.710250,THOMPSON PL,,,,222.00,Feet,East,US HWY 41,,,,0.00,N,Not at Intersection, ,Non-Junction,None,,,         ,Christopher,Augustin,Cloudy,Front to Rear,no,no,no,no,no,False
100876888,METROPOLITAN NASHVILLE POLICE DEPT,20150609268,Davidson,Nashville,6/26/2015 12:00:00 AM,2,0,0,36.108900,-86.814660,GREEN HILLS VILLAGE DR,,,,0.00,,,,,,,0.00,,, ,OtherLocation,None,,,         ,Michael,Hunnicutt,Clear,"Sideswipe, Opposite Direction",no,no,no,yes,yes,False
100876897,BERRY HILL POLICE DEPT,15-2511,Davidson,Berry Hill,6/26/2015 2:27:00 PM,2,0,0,36.112800,-86.766940,HEATHER PL,,,,0.00,,,BRANSFORD AVE,,,,0.00,Y,T-Intersection, ,Intersection-Related,None,,,         ,Larry,Carter,Clear,Angle,no,no,no,no,no,False
100876918,METROPOLITAN NASHVILLE POLICE DEPT,20150609313,Davidson,Nashville,6/26/2015 4:00:00 PM,2,0,0,36.124280,-86.738590,I 440,,,,0.00,,,,,,,6.90,N,Not at Intersection, ,,None,,,         ,Jarret,Sonnenberg,,,no,no,no,no,no,False
100876919,METROPOLITAN NASHVILLE POLICE DEPT,20150608826,Davidson,Nashville,6/26/2015 1:30:00 PM,2,0,0,36.134300,-86.776360,WEDGEWOOD AVE,,,,0.00,,,RAMP,,,,0.00,Y,Four-Way, ,Intersection,None,,,         ,Brenton,Adcox,Clear,Front to Rear,no,no,no,no,no,False
100876920,METROPOLITAN NASHVILLE POLICE DEPT,20150609180,Davidson,Nashville,6/26/2015 3:39:00 PM,3,1,0,36.115650,-86.780500,EXIT 5,,,,0.00,Feet,East,I 440,,,,0.00,N,Not at Intersection,N,Non-Junction,None,,,         ,Brenton,Adcox,Clear,Front to Rear,no,no,no,no,no,False
100876922,GOODLETTSVILLE POLICE DEPT,15-24104,Davidson,Goodlettsville,6/26/2015 3:55:00 PM,2,0,0,36.325750,-86.699950,NORTHCREEK BLVD,,,,0.00,Feet,,CONNECTING ROAD,,,,0.00,Y,Four-Way, ,Intersection,None,,,         ,Matt,Shoesmith,Clear,Angle,no,no,no,no,no,False
100876925,BERRY HILL POLICE DEPT,15-2513,Davidson,Nashville,6/26/2015 12:00:00 AM,2,0,0,36.123150,-86.756160,CRUZEN ST,,,,0.00,,,WINFORD AVE,,,,0.00,Y,OTHER, ,OtherLocation,None,,,         ,Larry,Carter,Clear,"Sideswipe, Same Direction",no,no,no,yes,yes,False
100876926,METROPOLITAN NASHVILLE POLICE DEPT,20150609517,Davidson,Nashville,6/26/2015 4:50:00 PM,2,0,0,36.143740,-86.796370,EDGEHILL AVE,,,,202.00,Feet,West,18TH AVE S,,,,0.00,N,Not at Intersection, ,,None,,,         ,Charles,Griffin,,,no,no,no,no,no,Campus
100876943,METROPOLITAN NASHVILLE POLICE DEPT,20150609315,Davidson,Nashville,6/26/2015 4:05:00 PM,2,0,0,36.149400,-86.773360,I 40,,,,0.00,,,,,,,210.20,N,Not at Intersection, ,Non-Junction,None,,,         ,Christopher,Davis,Clear,Front to Rear,no,no,no,no,no,False
100876944,METROPOLITAN NASHVILLE POLICE DEPT,20150609638,Davidson,Nashville,6/26/2015 5:19:00 PM,2,0,0,36.138260,-86.795420,17TH AVE S,,,,960.00,Feet,South,HORTON AVE,,,,0.00,N,Not at Intersection,N,Non-Junction,None,,,         ,Maria,Cortez,Clear,Unknown,no,no,no,no,yes,Campus
100876947,METROPOLITAN NASHVILLE POLICE DEPT,20150609054,Davidson,Nashville,6/26/2015 2:54:00 PM,2,0,0,36.141110,-86.731220,I 24,,,,0.00,,,,,,,51.60,N,Not at Intersection,N,Non-Junction,None,,,         ,Felipe,Pereira,Clear,Front to Rear,no,no,no,no,yes,False
100876955,METROPOLITAN NASHVILLE POLICE DEPT,20150609607,Davidson,Nashville,6/26/2015 4:56:00 PM,2,0,0,36.142880,-86.683410,I 40,,,,0.00,,,,,,,215.65,N,Not at Intersection, ,,None,,,         ,Bryan,Byrnes,,,no,no,no,no,no,False
100876957,METROPOLITAN NASHVILLE POLICE DEPT,2015-0609558,Davidson,Nashville,6/26/2015 5:02:00 PM,2,1,0,36.155900,-86.795720,CHURCH ST,,,,60.00,Feet,East,17TH AVE N,,,,0.00,N,Not at Intersection,N,Non-Junction,None,,,         ,Austin,Kendrick,Clear,Angle,no,no,no,no,no,False
100876958,METROPOLITAN NASHVILLE POLICE DEPT,20150609564,Davidson,Nashville,6/26/2015 4:30:00 PM,2,0,0,36.079560,-86.716860,WALLACE RD,,,,65.00,Feet,West,FOLEY DR,,,,0.00,N,Not at Intersection, ,OtherLocation,None,,,         ,Oscar,Gomez,Clear,Rear to Side,no,no,no,yes,no,False
100876960,METROPOLITAN NASHVILLE POLICE DEPT,20150609210,Davidson,Nashville,6/26/2015 3:37:00 PM,2,0,0,36.114600,-86.747120,CENTRAL AVE,,,,0.00,,,US HWY 31 ALT,,,,0.00,Y,T-Intersection, ,Intersection,None,,,         ,Mekisha,Page,Clear,Angle,no,no,no,no,no,False
100876961,METROPOLITAN NASHVILLE POLICE DEPT,20150609631,Davidson,Nashville,6/26/2015 5:50:00 PM,2,0,0,36.163810,-86.775360,1ST AVE N,,,,463.00,Feet,South,GAY ST,,,,0.00,N,Not at Intersection, ,Non-Junction,None,,,         ,Jeffrey,Livingston,Cloudy,"Sideswipe, Same Direction",no,no,no,no,no,False
100876962,METROPOLITAN NASHVILLE POLICE DEPT,20150609579,Davidson,Nashville,6/26/2015 4:55:00 PM,2,0,0,36.169180,-86.669280,US HWY 70,,,,260.00,Feet,South,BLUEFIELD AVE,,,,0.00,N,Not at Intersection, ,Non-Junction,None,,,         ,Colby,Mathis,Cloudy,Front to Rear,no,no,no,no,no,False
100876964,METROPOLITAN NASHVILLE POLICE DEPT,20150608817,Davidson,Nashville,6/26/2015 1:26:00 PM,2,0,0,36.160580,-86.782280,COMMERCE ST,,,,173.00,Feet,West,7TH AVE N,,,,0.00,N,Not at Intersection, ,Non-Junction,None,,,         ,Michael,Johnson,Clear,Front to Rear,no,no,no,no,no,False
100876967,METROPOLITAN NASHVILLE POLICE DEPT,20150609356,Davidson,Nashville,6/26/2015 4:21:00 PM,2,0,0,36.185890,-86.710920,ROSEBANK AVE,,,,0.00,,,EASTLAND AVE,,,,0.00,Y,Four-Way, ,Intersection-Related,None,,,         ,Rachael,Sacco,Clear,Angle,no,no,no,no,no,False
100876969,METROPOLITAN NASHVILLE POLICE DEPT,20150609432,Davidson,Nashville,6/26/2015 4:24:00 PM,2,0,0,36.090740,-86.628150,SMITH SPRINGS RD,,,,508.00,Feet,West,BELL RD,,,,0.00,N,Not at Intersection,N,Non-Junction,None,,,         ,James,Curtis,Clear,Front to Rear,no,no,no,no,no,False
100876970,METROPOLITAN NASHVILLE POLICE DEPT,20150609667,Davidson,Nashville,6/26/2015 5:37:00 PM,1,0,0,36.148890,-86.779170,US HWY 31,,,,285.00,Feet,South,DIVISION ST,,,,0.00,N,Not at Intersection, ,Non-Junction,None,,,         ,MIchael,Mihajlov,Clear,Not Collision with Motor Vehicle in Transport,no,no,no,no,no,False
100876973,VANDERBILT UNIVERSITY POLICE,15-0609623,Davidson,Nashville,6/26/2015 5:05:00 PM,2,0,0,36.139660,-86.801050,PIERCE AVE,,,,170.00,Feet,West,US HWY 431,,,,0.00,N,Not at Intersection,N,Non-Junction,None,,,         ,Cedric,Edwards,Clear,"Sideswipe, Same Direction",no,no,no,no,yes,Campus
100876974,METROPOLITAN NASHVILLE POLICE DEPT,20150609632,Davidson,Nashville,6/26/2015 3:30:00 PM,2,0,0,36.078210,-86.725920,US HWY 31 ALT,,,,226.00,Feet,South,RAMP,,,,0.00,N,Not at Intersection, ,OtherLocation,None,,,         ,Oscar,Gomez,Clear,"Sideswipe, Same Direction",no,no,no,yes,no,False
100876978,METROPOLITAN NASHVILLE POLICE DEPT,20150609066,Davidson,Nashville,6/26/2015 2:27:00 PM,3,0,0,36.132100,-86.726960,-- UNKNOWN RAMP/ROAD --,,,,0.00,Feet,East,I 24,,,,0.00,N,Not at Intersection,N,Non-Junction,None,,,         ,William,Durham,Clear,Front to Rear,no,no,no,no,no,False
100876979,METROPOLITAN NASHVILLE POLICE DEPT,20150609333,Davidson,Nashville,6/26/2015 2:31:00 PM,2,0,0,36.084810,-86.703760,STATE HWY 255,,,,116.00,Feet,West,TRAVELERS INN DR,,,,0.00,N,Not at Intersection, ,Non-Junction,None,,,         ,William,Durham,Clear,Front to Rear,no,no,no,no,no,False
100876982,METROPOLITAN NASHVILLE POLICE DEPT,20150606461,Davidson,Nashville,6/25/2015 9:47:00 PM,2,0,0,36.172860,-86.765260,US HWY 31,,,,0.00,,,MAIN ST,,,,0.00,Y,Four-Way,N,Intersection-Related,None,,,         ,Audrey,Fellingham,Cloudy,Front to Rear,no,no,no,no,no,False
100876983,METROPOLITAN NASHVILLE POLICE DEPT,20150609854,Davidson,Nashville,6/26/2015 6:35:00 PM,1,0,0,36.115990,-86.794360,I 440,,,,0.00,,,,,,,3.75,N,Not at Intersection, ,Non-Junction,None,,,         ,Charles,Griffin,Cloudy,Not Collision with Motor Vehicle in Transport,no,no,no,no,no,False
100876989,METROPOLITAN NASHVILLE POLICE DEPT,20150609777,Davidson,Nashville,6/26/2015 12:00:00 AM,2,0,0,36.208850,-86.695780,OPRY MILLS DR,,,,1356.00,Feet,West,OPRYLAND DR,,,,0.00,N,Not at Intersection, ,Unknown,Unknown,,,         ,Austin,Childress,Unknown,Unknown,no,no,no,yes,yes,False
100876998,METROPOLITAN NASHVILLE POLICE DEPT,20150609737,Davidson,Nashville,6/26/2015 5:40:00 PM,2,0,0,36.192910,-86.746840,DOUGLAS AVE,,,,342.00,Feet,West,TREVECCA AVE,,,,0.00,N,Not at Intersection, ,,None,,,         ,Audrey,Fellingham,,,no,no,no,no,no,False
100877000,METROPOLITAN NASHVILLE POLICE DEPT,20150609693,Davidson,Nashville,6/26/2015 5:28:00 PM,2,1,0,36.116340,-86.697380,US HWY 41,,,,0.00,,,MCGAVOCK PIKE,,,,0.00,Y,Four-Way,N,Intersection,None,,,         ,Ryan,Hampton,Clear,Front to Rear,no,no,no,no,no,False
100877001,METROPOLITAN NASHVILLE POLICE DEPT,20150609851,Davidson,Nashville,6/26/2015 6:51:00 PM,2,0,0,36.088550,-86.732010,US HWY 31 ALT,,,,752.00,Feet,South,ZOO RD,,,,0.00,N,Not at Intersection, ,Non-Junction,None,,,         ,Eric,Burford,Clear,Front to Rear,no,no,no,no,no,False
100877002,METROPOLITAN NASHVILLE POLICE DEPT,20150609884,Davidson,Joelton,6/26/2015 6:48:00 PM,1,1,0,36.336000,-86.778570,UNION HILL RD,,,,274.00,Feet,North,LICKTON PIKE,,,,0.00,N,Not at Intersection,N,Non-Junction,None,,,         ,Samuel,Miller,Rain,Not Collision with Motor Vehicle in Transport,no,no,no,no,no,False
100877003,METROPOLITAN NASHVILLE POLICE DEPT,20150609800,Davidson,Nashville,6/26/2015 5:51:00 PM,2,0,0,36.114450,-86.772790,I 65,,,,0.00,,,,,,,80.10,N,Not at Intersection,N,Non-Junction,None,,,         ,Christopher,Davis,Clear,Front to Rear,no,no,no,no,no,False
100877004,METROPOLITAN NASHVILLE POLICE DEPT,20150609844,Davidson,Nashville,6/26/2015 6:19:00 PM,2,0,0,36.120810,-86.779270,VAULX LN,,,,0.00,,,KIRKWOOD AVE,,,,0.00,Y,T-Intersection,N,Intersection,None,,,         ,Mekisha,Page,Rain,Angle,no,no,no,no,no,False
100877009,METROPOLITAN NASHVILLE POLICE DEPT,20150609731,Davidson,Nashville,6/26/2015 5:33:00 PM,3,0,0,36.141730,-86.776600,I 65,,,,0.00,,,,,,,81.90,N,Not at Intersection, ,Non-Junction,None,,,         ,Brenton,Adcox,Clear,Front to Rear,no,no,no,no,no,False
100877010,METROPOLITAN NASHVILLE POLICE DEPT,20150609872,Davidson,Madison,6/26/2015 6:40:00 PM,2,0,0,36.263000,-86.680930,STATE HWY 45,,,,0.00,,,RIO VISTA DR,,,,0.00,Y,Four-Way, ,Intersection,None,,,         ,Landon,Bagwell,Rain,Front to Rear,no,no,no,no,no,False
100877021,METROPOLITAN NASHVILLE POLICE DEPT,20150601314,Davidson,Nashville,6/24/2015 5:03:00 PM,2,0,0,36.154770,-86.779420,US HWY 41,,,,0.00,,,US HWY 31,,,,0.00,Y,Roundabout, ,Intersection-Related,None,,,         ,Michael,Douglas,Clear,Front to Rear,no,no,no,no,yes,False
100877023,METROPOLITAN NASHVILLE POLICE DEPT,20150609365,Davidson,Not in City Limit,6/26/2015 4:15:00 PM,2,0,0,36.076530,-87.019590,-- UNKNOWN RAMP/ROAD --,,,,0.00,,,I 40,,,,0.00,Y,Y-Intersection, ,Non-Junction,None,,,         ,Tamara,Zurawski,Clear,Front to Rear,no,no,no,no,no,False
100877025,METROPOLITAN NASHVILLE POLICE DEPT,2015-0609835,Davidson,Nashville,6/26/2015 6:25:00 PM,2,0,0,36.188730,-86.614430,STATE HWY 45,,,,0.00,Feet,,CONNECTING ROAD,,,,0.00,Y,T-Intersection,N,Intersection,None,,,         ,George,Krukowski,Rain,Front to Rear,no,no,no,no,no,False
100877037,METROPOLITAN NASHVILLE POLICE DEPT,20150609524,Davidson,Nashville,6/26/2015 4:47:00 PM,2,0,0,36.099620,-86.739450,MCCALL ST,,,,0.00,,,US HWY 31 ALT,,,,0.00,Y,T-Intersection,N,Intersection,None,,,         ,David,Collins,Clear,"Sideswipe, Same Direction",no,no,no,no,yes,False
100877038,METROPOLITAN NASHVILLE POLICE DEPT,20150609708,Davidson,Nashville,6/26/2015 5:20:00 PM,2,0,0,36.109580,-86.837410,ESTES RD,,,,0.00,Feet,,ABBOTT MARTIN RD,,,,0.00,Y,Four-Way, ,Intersection,None,,,         ,Mark,Hatt,Cloudy,Front to Rear,no,no,no,no,no,False
100877046,METROPOLITAN NASHVILLE POLICE DEPT,2015-609874,Davidson,Nashville,6/26/2015 6:23:00 PM,2,0,0,0.000000,0.000000,OPRY MILLS,DR,,433 OPRY MILLS,1.00,Miles,North,OPRY MILLS,DR,,433 OPRY MILLS,0.00,N,Not at Intersection,N,Non-Junction,None,,,         ,Leonard,Cato,Cloudy,Angle,no,no,no,yes,yes,False
100877061,METROPOLITAN NASHVILLE POLICE DEPT,20150610202,Davidson,Nashville,6/26/2015 5:51:00 PM,2,0,0,36.134620,-86.825190,BOWLING AVE,,,,0.00,,,US HWY 70S,,,,0.00,Y,Four-Way, ,,,,,         ,Shaun,Heath,,,no,no,no,no,no,False
100877066,METROPOLITAN NASHVILLE POLICE DEPT,20150609537,Davidson,Nashville,6/26/2015 4:34:00 PM,2,0,0,36.156650,-86.760340,I 24,,,,0.00,,,,,,,49.70,N,Not at Intersection, ,Non-Junction,None,,,         ,Caleb,Rogan,Clear,Front to Rear,no,no,no,no,no,False
100877067,METROPOLITAN NASHVILLE POLICE DEPT,20150610083,Davidson,Nashville,6/26/2015 7:43:00 PM,2,0,0,36.045370,-86.647960,MOUNT VIEW PKWY,,,,79.00,Feet,West,RAMP,,,,0.00,N,Not at Intersection, ,,None,,,         ,Joseph,Progar,,,no,no,no,no,no,False