master_record_number,agency,agency_tracking_number,county,city,collision_date,vehicles_involved,number_injured,number_dead,latitude,longitude,roadway_name,roadway_suffix,roadway_number,roadway_local_id,distance_from_reference,miles-feet_indicator,direction_from_reference,intersection_road_name,intersection_road_name_suffix,intersection_road_number,intersection_local_id,mile_marker,intersection_indicator,intersect_type,interchange_related_indicator,relation_to_junction,work_zone_type,construction_maintenance_zone,construction_maintenance_zone_location,fatal_case_number,officer_first_name,officer_last_name,weather_condition(s),manner_of_crash,pedestrian,bicycle,scooter,parking,hitrun,mou
100877570,METROPOLITAN NASHVILLE POLICE DEPT,20150612267,Davidson,Antioch,6/27/2015 3:12:00 PM,1,2,0,36.070520,-86.464860,COUCHVILLE PIKE,,,,506.00,Feet,West,FELLOWSHIP RD,,,,0.00,N,Not at Intersection,N,Non-Junction,None,,,         ,Jason,Door,Clear,Not Collision with Motor Vehicle in Transport,no,no,no,no,no,False
100877572,GOODLETTSVILLE POLICE DEPT,15-24251,Davidson,Goodlettsville,6/27/2015 6:25:00 PM,2,0,0,36.309490,-86.695640,STATE HWY 386,,,,0.00,Feet,East,CONFERENCE DR,,,,0.00,N,Not at Intersection, ,Entrance/Exit Ramp Related,None,,,         ,Jason,Ayers,Clear,Front to Rear,no,no,no,no,no,False
100877576,METROPOLITAN NASHVILLE POLICE DEPT,20150612689,Davidson,Nashville,6/27/2015 6:00:00 PM,2,0,0,36.187350,-86.775300,I 24,,,,0.00,,,,,,,47.10,N,Not at Intersection, ,Non-Junction,None,,,         ,Kevin,Reynolds,Clear,"Sideswipe, Same Direction",no,no,no,no,no,False
100877587,METROPOLITAN NASHVILLE POLICE DEPT,20150612360,Davidson,Not in City Limit,6/27/2015 3:45:00 PM,2,0,0,36.263910,-86.736150,-- UNKNOWN RAMP/ROAD --,,,,0.00,,,EXIT 92,,,,0.00,Y,Y-Intersection, ,Intersection,None,,,         ,Broderick,Jones,Clear,Front to Rear,no,no,no,no,no,False
100877588,METROPOLITAN NASHVILLE POLICE DEPT,20150612726,Davidson,Nashville,6/27/2015 6:15:00 PM,2,1,0,36.237990,-86.785760,STATE HWY 155,,,,73.00,Feet,West,-- UNKNOWN RAMP/ROAD --,,,,0.00,N,Not at Intersection,N,Non-Junction,None,,,         ,Jerry,Pirtle,Cloudy,Front to Rear,no,no,no,no,yes,False
100877591,METROPOLITAN NASHVILLE POLICE DEPT,20150612403,Davidson,Not in City Limit,6/27/2015 4:12:00 PM,2,0,0,36.076700,-87.020120,-- UNKNOWN RAMP/ROAD --,,,,0.00,Feet,East,I 40,,,,0.00,N,Not at Intersection, ,Entrance/Exit Ramp Related,None,,,         ,John,Thomas,Clear,Front to Rear,no,no,no,no,no,False
100877594,GOODLETTSVILLE POLICE DEPT,15-24248,Davidson,Goodlettsville,6/27/2015 6:18:00 PM,2,0,0,36.309540,-86.695710,SR 386 EB  EXIT 1 RAMP,,,,0.00,,,CONFERENCE DR,,,,0.00,Y,Y-Intersection,Y,Entrance/Exit Ramp Related,None,,,         ,Joseph,Waldron,Clear,Front to Rear,no,no,no,no,no,False
100877597,METROPOLITAN NASHVILLE POLICE DEPT,20150612789,Davidson,Nashville,6/27/2015 6:53:00 PM,2,2,0,36.220420,-86.774110,I 65,,,,0.00,,,,,,,88.30,N,Not at Intersection,N,Non-Junction,Construction Zone,Work On Shoulder Or Median,Activity Area,         ,Terence,Maahs,Clear,Front to Rear,no,no,no,no,no,False
100877600,METROPOLITAN NASHVILLE POLICE DEPT,20150612617,Davidson,Nashville,6/27/2015 5:50:00 PM,2,0,0,36.237340,-86.758040,EXIT 90A-B,,,,0.00,Feet,East,I 65,,,,0.00,N,Not at Intersection, ,Non-Junction,Construction Zone,,,         ,Lee,Bond,Clear,Front to Rear,no,no,no,no,no,False
100877630,METROPOLITAN NASHVILLE POLICE DEPT,20150613007,Davidson,Nashville,6/27/2015 8:06:00 PM,3,0,0,36.045920,-86.658100,STATE HWY 254,,,,52.00,Feet,West,COLLINS PARK DR,,,,0.00,N,Not at Intersection, ,Non-Junction,None,,,         ,Dale,Dameron,Clear,Front to Rear,no,no,no,no,no,False
100877634,METROPOLITAN NASHVILLE POLICE DEPT,20150613094,Davidson,Nashville,6/27/2015 8:29:00 PM,2,0,0,36.159910,-86.779700,US HWY 70,,,,52.00,Feet,East,6TH AVE S,,,,0.00,N,Not at Intersection, ,,,,,         ,Mikala,Moore,,,no,no,no,no,no,False
100877651,METROPOLITAN NASHVILLE POLICE DEPT,20150612916,Davidson,Nashville,6/27/2015 7:33:00 PM,2,0,0,36.233770,-86.758530,US HWY 31W,,,,247.00,Feet,North,MAPLEWOOD TRC,,,,0.00,N,Not at Intersection, ,Non-Junction,None,,,         ,Paul,Stein,Clear,Angle,no,no,no,no,no,False
100877656,METROPOLITAN NASHVILLE POLICE DEPT,20150613376,Davidson,Nashville,6/27/2015 9:30:00 PM,2,0,0,36.038040,-86.797780,STATE HWY 254,,,,0.00,,,WOODWARD HILLS PL,,,,0.00,Y,Four-Way,N,Intersection,None,,,         ,Eric,Burford,Clear,Front to Rear,no,no,no,no,yes,False
100877659,METROPOLITAN NASHVILLE POLICE DEPT,20150612250,Davidson,Nashville,6/27/2015 12:00:00 AM,2,0,0,0.000000,0.000000,ORIEL,AVE,,219,100.00,Feet,East,BURBANK,AVE,,,0.00,N,Not at Intersection, ,Non-Junction,None,,,         ,David,Collins,Unknown,Unknown,no,no,no,no,yes,False
100877661,METROPOLITAN NASHVILLE POLICE DEPT,20150613419,Davidson,Nashville,6/27/2015 9:45:00 PM,2,0,0,36.150820,-86.766690,1ST AVE S,,,,305.00,Feet,East,UNNAMED STREET,,,,0.00,N,Not at Intersection,N,Non-Junction,None,,,         ,John,Kelley,Clear,Angle,no,no,no,yes,yes,False
100877666,METROPOLITAN NASHVILLE POLICE DEPT,20150612618,Davidson,Nashville,6/27/2015 5:37:00 PM,2,0,0,36.114740,-86.786680,BATTLEFIELD DR,,,,0.00,,,LEALAND LN,,,,0.00,Y,Four-Way,N,Non-Junction,None,,,         ,William,Taylor,Clear,Angle,no,no,no,no,no,False
100877667,METROPOLITAN NASHVILLE POLICE DEPT,20150611512,Davidson,Nashville,6/27/2015 5:32:00 AM,1,0,0,36.163340,-86.699660,US HWY 70,,,,1105.00,Feet,West,DONELSON HILLS DR,,,,0.00,N,Not at Intersection,N,Non-Junction,None,,,         ,Bridget,Griepentrog,Rain,Not Collision with Motor Vehicle in Transport,no,no,no,no,yes,False
100877669,METROPOLITAN NASHVILLE POLICE DEPT,20150613171,Davidson,Nashville,6/27/2015 8:43:00 PM,1,0,0,36.069830,-86.774130,US HWY 31,,,,0.00,,,BRENTVIEW DR,,,,0.00,Y,T-Intersection, ,Intersection,None,,,         ,Mekisha,Page,Clear,Not Collision with Motor Vehicle in Transport,no,no,no,no,no,False
100877725,METROPOLITAN NASHVILLE POLICE DEPT,20150609598,Davidson,Nashville,6/26/2015 5:18:00 PM,3,0,0,36.129850,-86.816950,I 440,,,,0.00,,,,,,,2.00,N,Not at Intersection, ,Non-Junction,None,,,         ,Michael,Hunnicutt,Clear,Front to Rear,no,no,no,no,yes,False
100877726,METROPOLITAN NASHVILLE POLICE DEPT,20150611414,Davidson,Nashville,6/27/2015 12:00:00 AM,1,1,0,36.228980,-86.630440,HADLEYS BEND BLVD,,,,0.00,,,,,,,0.00,,,N,Non-Junction,None,,,         ,Trevin,Tolbert,Rain,Not Collision with Motor Vehicle in Transport,no,no,no,no,no,False
100877727,METROPOLITAN NASHVILLE POLICE DEPT,20150613790,Davidson,Nashville,6/28/2015 12:48:00 AM,2,0,0,36.148390,-86.666340,STATE HWY 255,,,,140.00,Feet,South,ELM HILL PIKE,,,,0.00,N,Not at Intersection,N,Non-Junction,None,,,         ,Curtis,Fisher,Clear,Front to Rear,no,no,no,yes,yes,False
100877728,METROPOLITAN NASHVILLE POLICE DEPT,20150613601,Davidson,Nashville,6/27/2015 11:16:00 PM,1,1,0,36.253040,-86.776030,WESTCHESTER DR,,,,0.00,,,WILLOW CREEK RD,,,,0.00,Y,T-Intersection,N,Intersection-Related,None,,,         ,Christopher,Lo,Cloudy,Not Collision with Motor Vehicle in Transport,no,no,no,no,yes,False
100877729,METROPOLITAN NASHVILLE POLICE DEPT,20150613598,Davidson,Nashville,6/27/2015 11:13:00 PM,2,1,0,36.245890,-86.776540,CHESAPEAKE DR,,,,0.00,,,CHESAPEAKE CIR,,,,0.00,Y,T-Intersection,N,Intersection,None,,,         ,Patrick,Taylor,Clear,Angle,no,no,no,no,no,False
100877730,METROPOLITAN NASHVILLE POLICE DEPT,20150612622,Davidson,Nashville,6/27/2015 5:20:00 PM,1,0,0,36.151480,-86.768870,I 40,,,,0.00,,,,,,,210.50,N,Not at Intersection, ,Non-Junction,None,,,         ,Caleb,Rogan,Clear,Not Collision with Motor Vehicle in Transport,no,no,no,no,no,False
100877759,METROPOLITAN NASHVILLE POLICE DEPT,20150613968,Davidson,Nashville,6/28/2015 2:22:00 AM,2,0,0,36.050020,-86.649500,MOUNT VIEW RD,,,,0.00,,,STATE HWY 254,,,,0.00,Y,Four-Way,N,Intersection,None,,,         ,David,Moser,Clear,Angle,no,no,no,no,yes,False
100877762,METROPOLITAN NASHVILLE POLICE DEPT,20150613788,Davidson,Nashville,6/28/2015 10:45:00 PM,2,0,0,36.081100,-86.758370,STATE HWY 255,,,,0.00,,,TROUSDALE DR,,,,0.00,Y,Four-Way, ,Non-Junction,None,,,         ,Charles,Wingo,Clear,"Sideswipe, Same Direction",no,no,no,no,no,False
100877763,METROPOLITAN NASHVILLE POLICE DEPT,20150613728,Davidson,Nashville,6/27/2015 11:58:00 PM,2,0,0,36.070210,-86.700460,HAYWOOD LN,,,,92.00,Feet,East,W VALLEY DR,,,,0.00,N,Not at Intersection,N,Non-Junction,None,,,         ,Randy,Heinze,Clear,Front to Rear,no,no,no,no,yes,False
100877764,METROPOLITAN NASHVILLE POLICE DEPT,20150609649,Davidson,Nashville,6/26/2015 5:31:00 PM,2,1,0,36.065290,-86.846620,US HWY 431,,,,580.00,Feet,North,KINGSBURY DR,,,,0.00,N,Not at Intersection,N,Non-Junction,None,,,         ,Michael,Hunnicutt,Clear,"Sideswipe, Opposite Direction",no,no,no,no,no,False
100877772,METROPOLITAN NASHVILLE POLICE DEPT,20150611558,Davidson,Nashville,6/27/2015 5:55:00 AM,1,1,0,36.037100,-86.600340,US HWY 41,,,,1055.00,Feet,South,OLD HICKORY BLVD,,,,0.00,N,Not at Intersection,N,Non-Junction,None,,,         ,David,Moser,Clear,Not Collision with Motor Vehicle in Transport,no,no,no,no,no,False
100877776,METROPOLITAN NASHVILLE POLICE DEPT,20150614116,Davidson,Nashville,6/28/2015 12:00:00 AM,1,0,0,36.180060,-86.810740,BUCHANAN ST,,,,84.00,Feet,East,DR DB TODD JR BLVD,,,,0.00,N,Not at Intersection,N,Non-Junction,None,,,         ,Kevin,Frei,Clear,Not Collision with Motor Vehicle in Transport,no,no,no,no,yes,False
100877778,METROPOLITAN NASHVILLE POLICE DEPT,20150612969,Davidson,Nashville,6/27/2015 7:57:00 PM,2,0,0,36.119580,-86.808770,US HWY 431,,,,34.00,Feet,South,STOKES LN,,,,0.00,N,Not at Intersection, ,Non-Junction,None,,,         ,Michael,Hunnicutt,Clear,Not Collision with Motor Vehicle in Transport,no,no,no,no,no,False
100877780,METROPOLITAN NASHVILLE POLICE DEPT,20150611546,Davidson,Nashville,6/27/2015 12:00:00 AM,1,0,0,36.199870,-86.825410,BUENA VISTA PIKE,,,,341.00,Feet,East,MATTIE ST,,,,0.00,N,Not at Intersection,N,Non-Junction,None,,,         ,Charles,Duke,Rain,Not Collision with Motor Vehicle in Transport,no,no,no,no,yes,False
100877781,METROPOLITAN NASHVILLE POLICE DEPT,20150614024,Davidson,Nashville,6/28/2015 2:00:00 AM,2,0,0,36.152990,-86.795990,18TH AVE S,,,,0.00,,,18TH AVE N,,,,0.00,Y,OTHER,N,Non-Junction,None,,,         ,Charles,Wingo,Clear,Front to Rear,no,no,no,yes,yes,False
100877784,METROPOLITAN NASHVILLE POLICE DEPT,20150613896,Davidson,Nashville,6/28/2015 1:44:00 AM,3,2,0,36.158880,-86.782050,US HWY 31,,,,0.00,,,US HWY 70,,,,0.00,Y,Four-Way,Y,Intersection,None,,,         ,Brandon,Hicks,Clear,Angle,no,no,no,no,no,False
100877794,METROPOLITAN NASHVILLE POLICE DEPT,20150613579,Davidson,Nashville,6/27/2015 11:07:00 PM,2,1,0,36.156410,-86.787860,US HWY 70,,,,130.00,Feet,West,12TH AVE N,,,,0.00,N,Not at Intersection,N,Non-Junction,None,,,         ,Adam,Crutcher,Clear,Angle,no,no,no,no,no,False
100877796,METROPOLITAN NASHVILLE POLICE DEPT,20150613771,Davidson,Antioch,6/28/2015 6:30:00 PM,2,0,0,36.072880,-86.599520,WELLFLEET CT,,,,0.00,,,COUNTRY WAY RD,,,,0.00,Y,OTHER, ,Non-Junction,None,,,         ,Benjamin,Froehlich,Clear,Front to Rear,no,no,no,no,no,False
100877798,METROPOLITAN NASHVILLE POLICE DEPT,20150613611,Davidson,Nashville,6/27/2015 11:07:00 PM,3,0,0,36.156730,-86.788420,US HWY 70,,,,0.00,,,,,,,0.00,,,N,Non-Junction,None,,,         ,Julian,Moore,Clear,HeadOn,no,no,no,yes,yes,False
100877819,METROPOLITAN NASHVILLE POLICE DEPT,20150612111,Davidson,Antioch,6/27/2015 12:00:00 AM,1,0,0,36.054150,-86.588030,BIRCHCLAY PT N,,,,370.00,Feet,East,GRACE FALLS DR,,,,0.00,N,Not at Intersection,N,Non-Junction,None,,,         ,David,Simmonds,Unknown,Unknown,no,no,no,no,no,False
100877830,METROPOLITAN NASHVILLE POLICE DEPT,20150612160,Davidson,Nashville,6/27/2015 2:10:00 PM,2,0,0,36.151680,-86.849890,52ND AVE N,,,,80.00,Feet,South,US HWY 70,,,,0.00,N,Not at Intersection, ,Non-Junction,None,,,         ,James,Pierceall,Clear,"Sideswipe, Opposite Direction",no,no,no,no,no,False
100877842,METROPOLITAN NASHVILLE POLICE DEPT,20150603662,Davidson,Nashville,6/25/2015 8:45:00 AM,2,0,0,36.146980,-86.743270,I 40,,,,0.00,,,,,,,212.05,N,Not at Intersection, ,,,,,         ,Jason,Smith,,,no,no,no,no,no,False
100877846,METROPOLITAN NASHVILLE POLICE DEPT,20150614363,Davidson,Nashville,6/28/2015 7:15:00 AM,1,1,0,36.172610,-86.649470,US HWY 70,,,,0.00,,,DISSPAYNE DR,,,,0.00,Y,Four-Way,N,Intersection-Related,None,,,         ,Eric,Uruski,Clear,Not Collision with Motor Vehicle in Transport,no,yes,no,no,no,False
100877849,METROPOLITAN NASHVILLE POLICE DEPT,20150614387,Davidson,Madison,6/28/2015 7:39:00 AM,1,0,0,36.264910,-86.737690,I 65,,,,0.00,,,,,,,92.30,N,Not at Intersection,N,Non-Junction,None,,,         ,Melvin,Brown III,Clear,Not Collision with Motor Vehicle in Transport,no,no,no,no,no,False
100877852,METROPOLITAN NASHVILLE POLICE DEPT,20150614381,Davidson,Nashville,6/28/2015 7:37:00 AM,1,0,0,36.206800,-86.777880,BRICK CHURCH PIKE,,,,71.00,Feet,North,US HWY 431,,,,0.00,N,Not at Intersection,N,Non-Junction,None,,,         ,Michael,Parman,Clear,Not Collision with Motor Vehicle in Transport,no,no,no,no,no,False
100877854,METROPOLITAN NASHVILLE POLICE DEPT,20150614393,Davidson,Nashville,6/28/2015 7:35:00 AM,1,1,0,36.169780,-86.590900,I 40,,,,0.00,,,,,,,221.40,N,Not at Intersection,N,Non-Junction,None,,,         ,Cassandra,Del Bosco,Clear,Not Collision with Motor Vehicle in Transport,no,no,no,no,no,False
100877855,METROPOLITAN NASHVILLE POLICE DEPT,20150612110,Davidson,Nashville,6/27/2015 12:00:00 PM,2,0,0,36.109590,-86.740660,COLLIER AVE,,,,50.00,Feet,East,SIMMONS AVE,,,,0.00,N,Not at Intersection,N,Non-Junction,None,,,         ,James,Thomas,Clear,Front to Rear,no,no,no,no,yes,False
100877857,METROPOLITAN NASHVILLE POLICE DEPT,2015-0614341,Davidson,Nashville,6/28/2015 6:52:00 AM,2,1,0,36.071940,-86.636180,US HWY 41,,,,0.00,Feet,,BELL RD,,,,0.00,Y,Four-Way,N,Intersection,None,,,         ,Stanley,Collins,Clear,Angle,no,no,no,no,no,False
100877861,METROPOLITAN NASHVILLE POLICE DEPT,20150614475,Davidson,Nashville,6/28/2015 12:00:00 AM,1,0,0,36.077980,-86.643350,MARTWAY DR,,,,157.00,Feet,South,US HWY 41,,,,0.00,N,Not at Intersection,N,Non-Junction,None,,,         ,Brent,Hedgcoth,Unknown,Not Collision with Motor Vehicle in Transport,no,no,no,yes,yes,False
100877866,METROPOLITAN NASHVILLE POLICE DEPT,2015-0612107,Davidson,Antioch,6/27/2015 12:54:00 PM,2,2,0,36.052580,-86.616880,MURFREESBORO RD,,,,300.00,Feet,South,MT. VIEW,,SR41A,,0.00,N,Not at Intersection,N,Non-Junction,None,,,         ,John,Tyree,Clear,Front to Rear,no,no,no,no,no,False
100877875,METROPOLITAN NASHVILLE POLICE DEPT,20150614399,Davidson,Nashville,6/28/2015 7:51:00 AM,1,0,0,36.267260,-86.762460,OXBOW DR,,,,0.00,,,,,,,0.00,,,N,"Driveway, Alley Access, etc",None,,,         ,Christian,Martin,Clear,Not Collision with Motor Vehicle in Transport,no,no,no,no,no,False
100877878,METROPOLITAN NASHVILLE POLICE DEPT,2015-0612159,Davidson,Nashville,6/27/2015 12:00:00 PM,1,0,0,36.093030,-86.676190,STATE HWY 255,,,,0.00,,,BUSH RD,,,,0.00,Y,OTHER,N,Non-Junction,None,,,         ,Brent,Hedgcoth,Clear,Not Collision with Motor Vehicle in Transport,no,no,no,yes,yes,False
100877881,METROPOLITAN NASHVILLE POLICE DEPT,2015-0612702,Davidson,Nashville,6/27/2015 4:51:00 PM,2,1,0,36.173660,-86.602200,STATE HWY 265,,,,0.00,,,STATE HWY 45,,,,0.00,Y,Four-Way,N,Intersection,None,,,         ,Jeb,Johnston,Cloudy,Front to Rear,no,no,no,no,no,False
100877887,METROPOLITAN NASHVILLE POLICE DEPT,20150614477,Davidson,Nashville,6/28/2015 8:12:00 AM,1,0,0,36.191210,-86.788300,I 65,,,,0.00,,,,,,,85.85,N,Not at Intersection,N,Non-Junction,None,,,         ,Charles,Ward,Clear,Not Collision with Motor Vehicle in Transport,no,no,no,no,no,False
100877892,METROPOLITAN NASHVILLE POLICE DEPT,2015-0614580,Davidson,Nashville,6/28/2015 9:42:00 AM,2,1,0,36.049020,-86.665140,I 24,,,,0.00,,,,,,,59.00,N,Not at Intersection,N,Non-Junction,None,,,         ,Stanley,Collins,Clear,"Sideswipe, Same Direction",no,no,no,no,no,False
100877897,METROPOLITAN NASHVILLE POLICE DEPT,2015-0613016,Davidson,Nashville,6/27/2015 5:20:00 PM,1,0,0,36.147260,-86.629460,NORWALK DR,,,,117.00,Feet,North,MISTY CT,,,,0.00,N,Not at Intersection, ,Non-Junction,None,,,         ,Jeb,Johnston,Cloudy,Not Collision with Motor Vehicle in Transport,no,no,no,no,yes,False
100877911,METROPOLITAN NASHVILLE POLICE DEPT,2015-0608566,Davidson,Nashville,6/26/2015 11:49:00 AM,3,0,0,36.113260,-86.802420,STATE HWY 155,,,,206.00,Feet,East,AMANDA AVE,,,,0.00,N,Not at Intersection,N,Non-Junction,None,,,         ,David,Barras,Clear,Front to Rear,no,no,no,no,no,False
100877915,METROPOLITAN NASHVILLE POLICE DEPT,20150600548,Davidson,Nashville,6/24/2015 1:40:00 PM,2,3,0,36.160200,-86.818900,28TH AVE N,,,,0.00,,,BOOKER ST,,,,0.00,Y,Four-Way,N,Non-Junction,None,,,         ,Steven,Spillers,Cloudy,Front to Rear,no,no,no,no,no,False
100877918,METROPOLITAN NASHVILLE POLICE DEPT,2015-0614736,Davidson,Nashville,6/28/2015 12:05:00 PM,1,1,0,36.039970,-86.649560,I 24,,,,0.00,,,,,,,60.00,N,Not at Intersection,N,Non-Junction,None,,,         ,Stanley,Collins,Clear,Not Collision with Motor Vehicle in Transport,no,no,no,no,no,False
100877920,METROPOLITAN NASHVILLE POLICE DEPT,20150614757,Davidson,Nashville,6/28/2015 12:15:00 PM,2,0,0,36.047240,-86.713560,US HWY 31 ALT,,,,553.00,Feet,South,HICKORYVIEW DR,,,,0.00,N,Not at Intersection, ,Non-Junction,None,,,         ,Reuben,Hewit,Clear,Angle,no,no,no,no,no,False
100877922,METROPOLITAN NASHVILLE POLICE DEPT,20150614714,Davidson,Goodlettsville,6/28/2015 11:49:00 AM,2,1,0,36.300790,-86.694800,US HWY 31E,,,,0.00,,,SHEPHERD HILLS DR,,,,0.00,Y,Four-Way,Y,Intersection-Related,None,,,         ,Melvin,Brown III,Clear,Front to Rear,no,no,no,no,no,False
100877933,METROPOLITAN NASHVILLE POLICE DEPT,20150614813,Davidson,Nashville,6/28/2015 12:59:00 PM,2,0,0,36.062850,-86.717000,US HWY 31 ALT,,,,0.00,,,FAIRLANE DR,,,,0.00,Y,T-Intersection, ,Non-Junction,None,,,         ,Tony,Folad,Clear,Rear to Side,no,no,no,no,yes,False
100877935,METROPOLITAN NASHVILLE POLICE DEPT,20150614818,Davidson,Madison,6/28/2015 1:00:00 PM,2,0,0,36.269170,-86.755390,STATE HWY 45,,,,95.00,Feet,East,US HWY 31W,,,,0.00,N,Not at Intersection, ,Non-Junction,None,,,         ,Jordan,Lowry,Clear,Angle,no,no,no,no,no,False
100877936,METROPOLITAN NASHVILLE POLICE DEPT,20150614827,Davidson,Nashville,6/28/2015 1:10:00 PM,2,0,0,36.154860,-86.627020,-- UNKNOWN RAMP/ROAD --,,,,0.00,,,I 40,,,,0.00,Y,T-Intersection, ,Entrance/Exit Ramp Related,None,,,         ,John,Anderson,Clear,Front to Rear,no,no,no,no,no,False
100877940,METROPOLITAN NASHVILLE POLICE DEPT,20150614799,Davidson,Nashville,6/28/2015 12:45:00 PM,2,0,0,36.071940,-86.636180,US HWY 41,,,,0.00,,,BELL RD,,,,0.00,Y,Four-Way, ,,None,,,         ,Brent,Hedgcoth,,,no,no,no,no,no,False
100877942,METROPOLITAN NASHVILLE POLICE DEPT,2015-0603711,Davidson,Nashville,6/25/2015 8:33:00 AM,3,1,0,36.158340,-86.791890,US HWY 70,,,,172.00,Feet,North,CHURCH ST,,,,0.00,N,Not at Intersection,N,Non-Junction,None,,,         ,David,Barras,Clear,Front to Rear,no,no,no,no,no,False
100877953,METROPOLITAN NASHVILLE POLICE DEPT,20150614844,Davidson,Nashville,6/28/2015 1:20:00 PM,2,0,0,36.190880,-86.615390,STATE HWY 45,,,,0.00,,,OLD LEBANON DIRT RD,,,,0.00,Y,T-Intersection, ,Intersection-Related,None,,,         ,John,Anderson,Clear,Front to Rear,no,no,no,no,no,False
100877954,METROPOLITAN NASHVILLE POLICE DEPT,2015-0614755,Davidson,Nashville,6/28/2015 12:23:00 PM,2,0,0,36.143360,-86.793130,EDGEHILL AVE,,,,0.00,,,16TH AVE S,,,,0.00,Y,Four-Way,N,Intersection,None,,,         ,Emily,Davies,Clear,Angle,no,no,no,no,no,False
100877956,METROPOLITAN NASHVILLE POLICE DEPT,2015-0614708,Davidson,Nashville,6/28/2015 11:44:00 AM,2,0,0,36.173390,-86.770060,I 24,,,,0.00,,,,,,,48.20,N,Not at Intersection, ,Non-Junction,None,,,         ,Jonathan,Seidl,Clear,Rear to Rear,no,no,no,no,no,False
100877964,METROPOLITAN NASHVILLE POLICE DEPT,20150614774,Davidson,Nashville,6/28/2015 12:30:00 PM,2,0,0,36.200340,-86.732940,MONETTA AVE,,,,0.00,,,SCOTT AVE,,,,0.00,Y,OTHER, ,Non-Junction,None,,,         ,William,Crowe,Clear,Rear to Rear,no,no,no,no,no,False
100877976,METROPOLITAN NASHVILLE POLICE DEPT,20150614880,Davidson,Nashville,6/28/2015 1:15:00 PM,2,0,0,36.113560,-86.806160,STATE HWY 155,,,,1.00,Feet,East,HOPKINS ST,,,,0.00,N,Not at Intersection, ,Non-Junction,None,,,         ,Thomas,West,Clear,Front to Rear,no,no,no,no,no,False
100877997,METROPOLITAN NASHVILLE POLICE DEPT,20150614943,Davidson,Not in City Limit,6/28/2015 2:50:00 PM,2,2,0,36.262630,-86.775910,BELLSHIRE DR,,,,0.00,,,BRICK CHURCH PIKE,,,,0.00,Y,T-Intersection,N,Intersection,None,,,         ,Ryan,Sabel,Clear,Angle,no,no,no,no,no,False
100878001,METROPOLITAN NASHVILLE POLICE DEPT,20150615030,Davidson,Nashville,6/28/2015 3:21:00 PM,2,0,0,36.176980,-86.774470,SPRING ST,,,,0.00,,,N 1ST ST,,,,0.00,Y,Four-Way,Y,Intersection-Related,None,,,         ,Ethan,Luffman,Clear,Front to Rear,no,no,no,no,no,False
100878006,METROPOLITAN NASHVILLE POLICE DEPT,20150614934,Davidson,Nashville,6/28/2015 1:08:00 PM,3,0,0,36.166410,-86.764840,I 24,,,,0.00,,,,,,,49.00,N,Not at Intersection,N,Non-Junction,None,,,         ,Clinton,Schroeder,Clear,Front to Rear,no,no,no,no,no,False
100878014,METROPOLITAN NASHVILLE POLICE DEPT,20150615025,Davidson,Nashville,6/28/2015 12:00:00 AM,3,0,0,36.045160,-86.658950,STATE HWY 254,,,,230.00,Feet,East,RAMP,,,,0.00,N,Not at Intersection,N,Entrance/Exit Ramp Related,None,,,         ,Larry,Preuett,Clear,Front to Rear,no,no,no,no,no,False
100878043,Nashville Airport Police,2015-1400,Davidson,Nashville,6/27/2015 3:35:00 PM,2,0,0,36.135530,-86.667710,TERMINAL DR,,,,0.00,,,RAMP,,,,0.00,Y,OTHER, ,,None,,,         ,Sarah,Taylor,,,no,no,no,no,no,False
100878044,Nashville Airport Police,20141401,Davidson,Nashville,6/28/2015 8:25:00 PM,2,0,0,36.135530,-86.667710,TERMINAL DR,,,,0.00,,,RAMP,,,,0.00,Y,OTHER, ,Non-Junction,None,,,         ,Sarah,Taylor,Clear,Front to Rear,no,no,no,no,no,False
100878046,METROPOLITAN NASHVILLE POLICE DEPT,20150614964,Davidson,Nashville,6/28/2015 12:34:00 PM,2,0,0,36.072520,-86.635960,RAMP,,,,0.00,,,BELL RD,,,,0.00,Y,Four-Way, ,Non-Junction,None,,,         ,Sarah,Hartman,Clear,Angle,no,no,no,no,no,False
100878055,METROPOLITAN NASHVILLE POLICE DEPT,20150615076,Davidson,Nashville,6/28/2015 12:00:00 AM,2,0,0,36.069480,-86.690740,-- UNKNOWN RAMP/ROAD --,,,,0.00,,,I 24,,,,0.00,Y,OTHER, ,Entrance/Exit Ramp Related,None,,,         ,Ian,Lynch,Clear,Front to Rear,no,no,no,no,no,False
100878059,METROPOLITAN NASHVILLE POLICE DEPT,20150606678,Davidson,Not in City Limit,6/26/2015 11:55:00 PM,1,1,0,36.264710,-86.737530,I 65,,,,0.00,,,,,,,92.30,N,Not at Intersection,N,Entrance/Exit Ramp Related,None,,,         ,Craig,Amabile,Clear,Not Collision with Motor Vehicle in Transport,no,no,no,no,no,False
100878062,METROPOLITAN NASHVILLE POLICE DEPT,20150615432,Davidson,Nashville,6/28/2015 5:20:00 PM,2,0,0,36.111550,-86.745470,STATE HWY 155,,,,0.00,,,US HWY 31 ALT,,,,0.00,Y,Four-Way,N,Intersection,None,,,         ,Brenton,Adcox,Clear,Front to Rear,no,no,no,no,no,False
100878070,METROPOLITAN NASHVILLE POLICE DEPT,20150615560,Davidson,Nashville,6/28/2015 6:48:00 PM,2,0,0,36.135750,-86.801000,US HWY 431,,,,0.00,,,ACKLEN AVE,,,,0.00,Y,T-Intersection,N,Non-Junction,None,,,         ,Eric,Harvey,Clear,Angle,no,no,no,no,yes,Campus