master_record_number,agency,agency_tracking_number,county,city,collision_date,vehicles_involved,number_injured,number_dead,latitude,longitude,roadway_name,roadway_suffix,roadway_number,roadway_local_id,distance_from_reference,miles-feet_indicator,direction_from_reference,intersection_road_name,intersection_road_name_suffix,intersection_road_number,intersection_local_id,mile_marker,intersection_indicator,intersect_type,interchange_related_indicator,relation_to_junction,work_zone_type,construction_maintenance_zone,construction_maintenance_zone_location,fatal_case_number,officer_first_name,officer_last_name,weather_condition(s),manner_of_crash,pedestrian,bicycle,scooter,parking,hitrun,mou
100878071,METROPOLITAN NASHVILLE POLICE DEPT,20150615004,Davidson,Nashville,6/28/2015 3:18:00 PM,2,1,0,36.096380,-86.737770,US HWY 31 ALT,,,,91.00,Feet,North,ALLIED DR,,,,0.00,N,Not at Intersection,N,Non-Junction,None,,,         ,Miguel,Garcia,Clear,Front to Rear,no,no,no,no,yes,False
100878072,METROPOLITAN NASHVILLE POLICE DEPT,20150615417,Davidson,Nashville,6/28/2015 6:18:00 PM,3,0,0,36.074980,-86.758990,RAMP,,,,0.00,,,TROUSDALE DR,,,,0.00,Y,T-Intersection, ,Intersection-Related,None,,,         ,Miguel,Garcia,Clear,HeadOn,no,no,no,no,no,False
100878079,METROPOLITAN NASHVILLE POLICE DEPT,20150611317,Davidson,Nashville,6/27/2015 4:30:00 AM,1,0,0,36.148360,-86.780030,I 40,,,,0.00,,,,,,,209.80,N,Not at Intersection,N,Non-Junction,None,,,         ,Charles,Holmes,Cloudy,Not Collision with Motor Vehicle in Transport,no,no,no,no,no,False
100878088,METROPOLITAN NASHVILLE POLICE DEPT,20150615723,Davidson,Nashville,6/28/2015 8:10:00 PM,2,2,0,36.071940,-86.636180,US HWY 41,,,,0.00,,,BELL RD,,,,0.00,Y,Four-Way,N,Intersection,None,,,         ,Kevin,Keating,Clear,Front to Rear,no,no,no,no,no,False
100878114,METROPOLITAN NASHVILLE POLICE DEPT,20150615610,Davidson,Nashville,6/28/2015 7:21:00 PM,1,0,0,36.143180,-86.581560,STEWARTS FERRY PIKE,,,,588.00,Feet,West,SMOTHERMAN LN,,,,0.00,N,Not at Intersection,N,Non-Junction,None,,,         ,Jacob,Halouska,Clear,Not Collision with Motor Vehicle in Transport,no,no,no,no,no,False
100878116,METROPOLITAN NASHVILLE POLICE DEPT,20150615891,Davidson,Nashville,6/28/2015 9:00:00 PM,2,0,0,36.178840,-86.814170,23RD AVE N,,,,500.00,Feet,South,BUCHANAN ST,,,,0.00,N,Not at Intersection,N,Non-Junction,None,,,         ,Christopher,Littles,Clear,Angle,no,no,no,no,yes,False
100878123,METROPOLITAN NASHVILLE POLICE DEPT,20150615680,Davidson,Nashville,6/28/2015 7:00:00 PM,2,0,0,36.089220,-86.708890,SCOTWOOD DR,,,,256.00,Feet,West,DONNA KAY DR,,,,0.00,N,Not at Intersection, ,Non-Junction,None,,,         ,Dale,Dameron,Clear,Angle,no,no,no,no,no,False
100878124,METROPOLITAN NASHVILLE POLICE DEPT,20150615530,Davidson,Nashville,6/28/2015 7:05:00 PM,2,1,0,36.081220,-86.758900,STATE HWY 255,,,,160.00,Feet,West,TROUSDALE DR,,,,0.00,N,Not at Intersection,N,Non-Junction,None,,,         ,Eric,Burford,Clear,Front to Rear,no,no,no,no,no,False
100878146,METROPOLITAN NASHVILLE POLICE DEPT,20150616017,Davidson,Nashville,6/28/2015 10:10:00 PM,2,0,0,36.110000,-86.777750,STATE HWY 155,,,,0.00,,,CRESTRIDGE DR,,,,0.00,Y,Four-Way,N,Intersection,None,,,         ,Brenton,Adcox,Clear,Angle,no,no,no,no,yes,False
100878161,METROPOLITAN NASHVILLE POLICE DEPT,20150613782,Davidson,Nashville,6/27/2015 11:40:00 PM,2,1,0,36.055040,-86.642420,STATE HWY 254,,,,0.00,,,ZELIDA AVE,,,,0.00,Y,Four-Way,N,Intersection-Related,None,,,         ,Wallis,Massey,Clear,Front to Rear,no,no,no,no,yes,False
100878167,METROPOLITAN NASHVILLE POLICE DEPT,20150616290,Davidson,Nashville,6/29/2015 12:40:00 AM,1,1,0,36.248280,-86.756880,US HWY 31W,,,,499.00,Feet,South,OLD DUE WEST AVE,,,,0.00,N,Not at Intersection,N,Non-Junction,None,,,         ,John,Joyce,Clear,Not Collision with Motor Vehicle in Transport,no,no,no,no,no,False
100878172,METROPOLITAN NASHVILLE POLICE DEPT,20150616246,Davidson,Nashville,6/29/2015 11:25:00 PM,2,0,0,36.163610,-86.804950,19TH AVE N,,,,0.00,,,HERMAN ST,,,,0.00,Y,T-Intersection, ,Non-Junction,None,,,         ,James,Jarvis,Clear,Front to Rear,no,no,no,no,no,False
100878175,METROPOLITAN NASHVILLE POLICE DEPT,20150616361,Davidson,Nashville,6/29/2015 1:45:00 AM,2,0,0,36.168150,-86.765670,-- UNKNOWN RAMP/ROAD --,,,,0.00,,,I 24,,,,0.00,Y,OTHER,N,Entrance/Exit Ramp Related,None,,,         ,Douglas,Smith,Clear,Front to Rear,no,no,no,no,no,False
100878195,METROPOLITAN NASHVILLE POLICE DEPT,20150616593,Davidson,Nashville,6/29/2015 3:45:00 AM,2,1,0,36.121710,-86.805890,-- UNKNOWN RAMP/ROAD --,,,,0.00,Feet,East,I 440,,,,0.00,N,Not at Intersection,N,Non-Junction,None,,,         ,Devon,Morgan,Clear,Front to Rear,no,no,no,no,no,False
100878196,METROPOLITAN NASHVILLE POLICE DEPT,20150613615,Davidson,Nashville,6/27/2015 12:00:00 AM,1,1,0,36.238260,-86.783170,EXIT 18A,,,,0.00,Feet,East,I 24,,,,0.00,N,Not at Intersection,Y,Entrance/Exit Ramp Related,None,,,         ,Charles,Duke,Clear,Not Collision with Motor Vehicle in Transport,no,no,no,no,no,False
100878197,METROPOLITAN NASHVILLE POLICE DEPT,20150614192,Davidson,Nashville,6/28/2015 4:48:00 AM,2,1,0,36.116580,-86.725330,I 24,,,,0.00,,,,,,,53.15,N,Not at Intersection,N,Non-Junction,None,,,         ,Thomas,Burns,Clear,Front to Rear,no,no,no,no,no,False
100878201,METROPOLITAN NASHVILLE POLICE DEPT,20150616584,Davidson,Nashville,6/29/2015 3:50:00 AM,1,0,0,36.248590,-86.728630,DUE WEST AVE W,,,,0.00,,,SAUNDERS AVE,,,,0.00,Y,Four-Way,N,Non-Junction,None,,,         ,Brandon,Helms,Cloudy,Not Collision with Motor Vehicle in Transport,no,no,no,no,no,False
100878207,METROPOLITAN NASHVILLE POLICE DEPT,2015-0614794,Davidson,Nashville,6/28/2015 12:42:00 PM,2,0,0,36.082630,-86.765270,STATE HWY 255,,,,0.00,,,-- UNKNOWN RAMP/ROAD --,,,,0.00,Y,OTHER,N,Entrance/Exit Ramp Related,None,,,         ,John,Neely,Clear,Front to Rear,no,no,no,no,no,False
100878211,METROPOLITAN NASHVILLE POLICE DEPT,20150611891,Davidson,Nashville,6/27/2015 8:00:00 AM,1,0,0,36.170780,-86.824120,SCHRADER LN,,,,367.00,Feet,West,SCHRADER ACRES DR,,,,0.00,N,Not at Intersection, ,OtherLocation,None,,,         ,Ky,Luu,Cloudy,Not Collision with Motor Vehicle in Transport,no,no,no,yes,no,False
100878214,METROPOLITAN NASHVILLE POLICE DEPT,20150608538,Davidson,Nashville,6/26/2015 11:15:00 AM,2,0,0,36.152980,-86.765020,I 40,,,,0.00,,,,,,,210.70,N,Not at Intersection, ,Non-Junction,None,,,         ,John,Batty,Clear,"Sideswipe, Same Direction",no,no,no,no,no,False
100878218,METROPOLITAN NASHVILLE POLICE DEPT,2015-0608711,Davidson,Nashville,6/26/2015 12:46:00 PM,2,0,0,36.154130,-86.777830,US HWY 41,,,,0.00,,,7TH AVE S,,,,0.00,Y,Four-Way,N,Intersection-Related,None,,,         ,Alex,Moore,Clear,Front to Rear,no,no,no,no,no,False
100878219,METROPOLITAN NASHVILLE POLICE DEPT,20150614836,Davidson,Nashville,6/28/2015 1:08:00 PM,2,0,0,36.077560,-87.020590,EXIT 192,,,,0.00,Feet,East,I 40,,,,0.00,N,Not at Intersection, ,Entrance/Exit Ramp Related,None,,,         ,Ryan,Burger,Clear,Front to Rear,no,no,no,no,no,False
100878221,METROPOLITAN NASHVILLE POLICE DEPT,20150612085,Davidson,Nashville,6/27/2015 12:22:00 PM,2,0,0,36.141320,-86.731930,I 40,,,,0.00,,,,,,,213.00,N,Not at Intersection, ,Non-Junction,None,,,         ,Steven,Rowlett,Clear,"Sideswipe, Same Direction",no,no,no,no,no,False
100878226,METROPOLITAN NASHVILLE POLICE DEPT,2015-0608811,Davidson,Nashville,6/26/2015 1:13:00 PM,2,0,0,36.167670,-86.778630,2ND AVE N,,,,0.00,,,US HWY 31,,,,0.00,Y,T-Intersection,N,Non-Junction,None,,,         ,Alex,Moore,Clear,Front to Rear,no,no,no,no,no,False
100878227,METROPOLITAN NASHVILLE POLICE DEPT,2015-0616931,Davidson,Nashville,6/29/2015 7:15:00 AM,2,0,0,36.155740,-86.827500,I 40,,,,0.00,,,,,,,205.65,N,Not at Intersection, ,Non-Junction,None,,,         ,Curtis,Rich,Cloudy,Front to Rear,no,no,no,no,no,False
100878242,METROPOLITAN NASHVILLE POLICE DEPT,2015-0608858,Davidson,Nashville,6/26/2015 1:00:00 PM,2,0,0,36.139240,-86.733750,US HWY 41,,,,155.00,Feet,West,ARLINGTON AVE,,,,0.00,N,Not at Intersection,N,Non-Junction,None,,,         ,Jeffrey,Nidiffer,Clear,Front to Rear,no,no,no,no,no,False
100878256,METROPOLITAN NASHVILLE POLICE DEPT,20150617076,Davidson,Nashville,6/29/2015 8:04:00 AM,2,0,0,36.096150,-86.655630,US HWY 41,,,,0.00,,,SMITH SPRINGS RD,,,,0.00,Y,T-Intersection, ,Intersection,None,,,         ,Sean,Wuethrich,Clear,Front to Rear,no,no,no,no,no,False
100878258,METROPOLITAN NASHVILLE POLICE DEPT,20150617011,Davidson,Not in City Limit,6/29/2015 8:56:00 AM,2,0,0,36.336150,-86.911520,I 24,,,,0.00,,,,,,,32.30,N,Not at Intersection, ,Non-Junction,None,,,         ,Randy,Kroll,Clear,Front to Rear,no,no,no,no,no,False
100878272,METROPOLITAN NASHVILLE POLICE DEPT,20150617199,Davidson,Nashville,6/29/2015 8:31:00 AM,2,0,0,36.216690,-86.597630,ANDREW JACKSON PKWY,,,,426.00,Feet,South,JACKSON MEADOWS DR,,,,0.00,N,Not at Intersection, ,OtherLocation,None,,,         ,Craig,Carlson,Cloudy,Front to Rear,no,no,no,no,no,False
100878278,VANDERBILT UNIVERSITY POLICE,15-600166,Davidson,Nashville,6/24/2015 10:56:00 AM,2,0,0,36.111120,-86.764960,STATE HWY 155,,,,0.00,,,,,,,0.00,,, ,,,,,         ,Linda,Jennings,,,no,no,no,yes,no,OHO
100878286,METROPOLITAN NASHVILLE POLICE DEPT,20150617315,Davidson,Nashville,6/29/2015 9:28:00 AM,3,0,0,36.109080,-86.769690,I 65,,,,0.00,,,,,,,79.70,N,Not at Intersection,N,Non-Junction,None,,,         ,Nathan,Kemp,Clear,Front to Rear,no,no,no,no,yes,False
100878288,METROPOLITAN NASHVILLE POLICE DEPT,20150616982,Davidson,Nashville,6/29/2015 7:25:00 AM,2,0,0,36.215370,-86.588540,TULIP GROVE RD,,,,0.00,,,US HWY 70,,,,0.00,Y,T-Intersection, ,Non-Junction,None,,,         ,Julian,Pirtle,Clear,Angle,no,no,no,no,yes,False
100878293,METROPOLITAN NASHVILLE POLICE DEPT,20150617102,Davidson,Not in City Limit,6/29/2015 8:15:00 AM,2,1,0,36.256880,-86.786760,I 24,,,,0.00,,,,,,,42.10,N,Not at Intersection,N,Non-Junction,None,,,         ,Christian,Martin,Clear,Not Collision with Motor Vehicle in Transport,no,no,no,no,no,False
100878294,METROPOLITAN NASHVILLE POLICE DEPT,20150617205,Davidson,Nashville,6/29/2015 8:50:00 AM,2,0,0,36.117380,-86.698950,US HWY 41,,,,1.00,Feet,East,RAMP,,,,0.00,N,Not at Intersection,N,Non-Junction,None,,,         ,Bradley,Mcgrath,Clear,Front to Rear,no,no,no,no,no,False
100878306,METROPOLITAN NASHVILLE POLICE DEPT,2015-0617253,Davidson,Nashville,6/29/2015 8:55:00 AM,2,0,0,36.130290,-86.727280,EXIT 53,,,,0.00,Feet,East,I 24,,,,0.00,N,Not at Intersection,N,Entrance/Exit Ramp Related,None,,,         ,Jeffrey,Nidiffer,Clear,Front to Rear,no,no,no,no,no,False
100878309,METROPOLITAN NASHVILLE POLICE DEPT,20150617384,Davidson,Nashville,6/28/2015 12:00:00 AM,2,0,0,36.143180,-86.704560,I 40,,,,0.00,,,,,,,214.50,N,Not at Intersection,N,Non-Junction,Unknown,Unknown,Unknown,         ,Steven,Rowlett,Unknown,"Sideswipe, Same Direction",no,no,no,no,yes,False
100878329,METROPOLITAN NASHVILLE POLICE DEPT,20150616909,Davidson,Nashville,6/29/2015 6:50:00 AM,2,0,0,36.127330,-86.707250,PATRICIA DR,,,,50.00,Feet,North,THOMPSON PL,,,,0.00,N,Not at Intersection,N,Non-Junction,None,,,         ,Justin,Franklin,Clear,Front to Rear,no,no,no,no,no,False
100878333,METROPOLITAN NASHVILLE POLICE DEPT,2015-0617939,Davidson,Nashville,6/29/2015 12:53:00 PM,2,0,0,36.129280,-86.840610,US HWY 70S,,,,316.00,Feet,West,BRIXWORTH LN,,,,0.00,N,Not at Intersection, ,Non-Junction,None,,,         ,Curtis,Rich,Cloudy,HeadOn,no,no,no,no,no,False
100878334,METROPOLITAN NASHVILLE POLICE DEPT,20150616934,Davidson,Nashville,6/29/2015 12:00:00 AM,1,1,0,36.154450,-86.679360,LAKELAND DR,,,,800.00,Feet,South,MCGAVOCK PIKE,,,,0.00,N,Not at Intersection,N,Non-Junction,None,,,         ,Larry,Benz,Unknown,Not Collision with Motor Vehicle in Transport,no,no,no,no,yes,False
100878337,METROPOLITAN NASHVILLE POLICE DEPT,20150617850,Davidson,Nashville,6/29/2015 12:15:00 PM,2,0,0,36.246750,-86.749350,SKYLINE MEMORIAL CT,,,,0.00,,,,,,,0.00,,, ,Non-Junction,None,,,         ,William,Coy,Clear,Front to Rear,no,no,no,yes,yes,False
100878348,METROPOLITAN NASHVILLE POLICE DEPT,20150611714,Davidson,Nashville,6/27/2015 8:30:00 AM,2,0,0,36.191180,-86.795540,VANTAGE WAY,,,,0.00,,,CONNECTING ROAD,,,,0.00,Y,T-Intersection, ,Intersection-Related,None,,,         ,Steven,Spillers,Clear,Front to Rear,no,no,no,no,no,False
100878354,METROPOLITAN NASHVILLE POLICE DEPT,20150618032,Davidson,Nashville,6/29/2015 1:45:00 PM,1,0,0,36.169610,-86.679840,MCGAVOCK PIKE,,,,98.00,Feet,North,US HWY 70,,,,0.00,N,Not at Intersection, ,"Driveway, Alley Access, etc",None,,,         ,Michael,Dance,Cloudy,Not Collision with Motor Vehicle in Transport,no,no,no,no,no,False
100878359,METROPOLITAN NASHVILLE POLICE DEPT,20150617860,Davidson,Nashville,6/29/2015 11:59:00 AM,2,0,0,36.167830,-86.820690,JEFFERSON ST,,,,34.00,Feet,East,28TH AVE N,,,,0.00,N,Not at Intersection, ,Non-Junction,None,,,         ,Ernie,Wilson,Clear,Front to Rear,no,no,no,no,no,False
100878361,METROPOLITAN NASHVILLE POLICE DEPT,2015-0617443,Davidson,Nashville,6/29/2015 10:26:00 AM,2,0,0,36.128320,-86.842440,US HWY 70S,,,,504.00,Feet,East,BOSLEY SPRINGS RD,,,,0.00,N,Not at Intersection, ,,None,,,         ,Walter,Gray II,,,no,no,no,yes,no,False
100878368,METROPOLITAN NASHVILLE POLICE DEPT,20150617458,Davidson,Nashville,6/29/2015 10:32:00 AM,2,0,0,36.204670,-86.750230,E TRINITY LN,,,,276.00,Feet,East,PITTWAY DR,,,,0.00,N,Not at Intersection, ,Non-Junction,None,,,         ,Kevin,Coleman,Clear,"Sideswipe, Same Direction",no,no,no,no,no,False
100878379,METROPOLITAN NASHVILLE POLICE DEPT,20150615874,Davidson,Goodlettsville,6/28/2015 7:03:00 PM,2,0,0,36.303780,-86.690310,US HWY 31E,,,,520.00,Feet,West,LIBERTY LN,,,,0.00,N,Not at Intersection,N,Non-Junction,None,,,         ,Ryan,Stanford,Clear,Angle,no,no,no,no,yes,False
100878413,METROPOLITAN NASHVILLE POLICE DEPT,20150618308,Davidson,Nashville,6/29/2015 3:05:00 PM,2,1,0,36.170910,-86.764210,S 5TH ST,,,,30.00,Feet,North,RUSSELL ST,,,,0.00,N,Not at Intersection,N,Non-Junction,None,,,         ,Clinton,Schroeder,Clear,Front to Rear,no,no,no,no,no,False
100878414,METROPOLITAN NASHVILLE POLICE DEPT,20150618338,Davidson,Antioch,6/29/2015 1:02:00 AM,2,0,0,36.082410,-86.582420,MILBRIDGE DR,,,,89.00,Feet,South,MILBRIDGE CT,,,,0.00,N,Not at Intersection,N,Non-Junction,None,,,         ,Kevin,Keating,Unknown,"Sideswipe, Same Direction",no,no,no,no,yes,False
100878419,METROPOLITAN NASHVILLE POLICE DEPT,20150618506,Davidson,Nashville,6/29/2015 3:37:00 PM,1,0,0,36.153040,-86.765290,I 40,,,,0.00,,,,,,,210.70,N,Not at Intersection, ,Non-Junction,None,,,         ,Blaze,Williams,Clear,Not Collision with Motor Vehicle in Transport,no,no,no,no,no,False
100878427,METROPOLITAN NASHVILLE POLICE DEPT,20150618549,Davidson,Nashville,6/29/2015 3:57:00 PM,2,0,0,36.169060,-86.682390,FAIRWAY DR,,,,0.00,,,US HWY 70,,,,0.00,Y,Four-Way, ,Intersection,None,,,         ,Leslie,Hale,Clear,Front to Rear,no,no,no,no,no,False
100878432,METROPOLITAN NASHVILLE POLICE DEPT,2015-0617966,Davidson,Nashville,6/29/2015 1:01:00 PM,3,0,0,36.074420,-86.921070,US HWY 70S,,,,75.00,Feet,West,STATE HWY 251,,,,0.00,N,Not at Intersection,N,Non-Junction,None,,,         ,Walter,Gray II,Clear,Front to Rear,no,no,no,no,no,False
100878433,METROPOLITAN NASHVILLE POLICE DEPT,2015-0618264,Davidson,Nashville,6/29/2015 2:15:00 PM,2,0,0,36.106360,-86.884840,BROOK HOLLOW RD,,,,0.00,,,ROBIN HILL RD,,,,0.00,Y,Four-Way,N,Intersection,None,,,         ,Walter,Gray II,Clear,Angle,no,no,no,no,no,False
100878439,METROPOLITAN NASHVILLE POLICE DEPT,20150618443,Davidson,Nashville,6/29/2015 3:30:00 PM,2,1,0,36.167800,-86.796150,I 40,,,,0.00,,,,,,,208.20,N,Not at Intersection,N,Non-Junction,None,,,         ,Christopher,Mackey,Clear,Front to Rear,no,no,no,no,no,False
100878446,METROPOLITAN NASHVILLE POLICE DEPT,20150618281,Davidson,Nashville,6/29/2015 2:28:00 PM,2,0,0,36.129690,-86.902030,US HWY 70,,,,380.00,Feet,East,DAVIDSON DR,,,,0.00,N,Not at Intersection,N,Non-Junction,None,,,         ,Jeremy,Huffine,Clear,"Sideswipe, Same Direction",no,no,no,no,yes,False
100878460,METROPOLITAN NASHVILLE POLICE DEPT,20150524120,Davidson,Nashville,6/29/2015 4:12:00 PM,2,0,0,36.148750,-86.683910,MCGAVOCK PIKE,,,,0.00,,,CENTURY BLVD,,,,0.00,Y,Four-Way, ,Non-Junction,None,,,         ,David,Stanley,Clear,Front to Rear,no,no,no,no,no,False
100878465,METROPOLITAN NASHVILLE POLICE DEPT,20150618708,Davidson,Nashville,6/29/2015 4:40:00 PM,2,0,0,36.209760,-86.870140,-- UNKNOWN RAMP/ROAD --,,,,0.00,Feet,East,STATE HWY 12,,,,0.00,N,Not at Intersection, ,Entrance/Exit Ramp Related,None,,,         ,Brandon,Evans,Clear,Front to Rear,no,no,no,no,no,False
100878466,METROPOLITAN NASHVILLE POLICE DEPT,20150618680,Davidson,Nashville,6/29/2015 4:15:00 PM,2,0,0,36.115880,-86.783520,I 440,,,,0.00,,,,,,,4.35,N,Not at Intersection, ,Non-Junction,None,,,         ,Christopher,Davis,Clear,Front to Rear,no,no,no,no,no,False
100878467,METROPOLITAN NASHVILLE POLICE DEPT,20150618574,Davidson,Nashville,6/29/2015 3:15:00 PM,2,0,0,36.156100,-86.791350,15TH AVE N,,,,50.00,Feet,North,GRUNDY ST,,,,0.00,N,Not at Intersection,N,Non-Junction,None,,,         ,Maria,Cortez,Clear,Angle,no,no,no,no,yes,False
100878468,METROPOLITAN NASHVILLE POLICE DEPT,20150618778,Davidson,Nashville,6/29/2015 4:40:00 PM,2,0,0,36.185230,-86.636190,RAMP,,,,0.00,,,US HWY 70,,,,0.00,Y,Y-Intersection, ,,,,,         ,John,Kelley,,,no,no,no,no,no,False
100878472,METROPOLITAN NASHVILLE POLICE DEPT,20150618524,Davidson,Nashville,6/29/2015 3:57:00 PM,2,0,0,36.166090,-86.805260,DR DB TODD JR BLVD,,,,75.00,Feet,South,ALBION ST,,,,0.00,N,Not at Intersection, ,Non-Junction,None,,,         ,Tina,Wiggs,Clear,Front to Rear,no,no,no,no,no,False
100878474,METROPOLITAN NASHVILLE POLICE DEPT,20150618825,Davidson,Nashville,6/29/2015 5:25:00 PM,2,0,0,36.174080,-86.605330,STATE HWY 265,,,,0.00,,,RAMP,,,,0.00,Y,T-Intersection, ,,None,,,         ,Shawn,Taylor,,,no,no,no,no,no,False
100878476,METROPOLITAN NASHVILLE POLICE DEPT,20150618744,Davidson,Nashville,6/29/2015 5:17:00 PM,2,0,0,36.144390,-86.656880,ELM HILL PIKE,,,,105.00,Feet,East,HURT DR,,,,0.00,N,Not at Intersection,N,Non-Junction,None,,,         ,Austin,Childress,Clear,Front to Rear,no,no,no,no,no,False
100878481,METROPOLITAN NASHVILLE POLICE DEPT,2015-0618725,Davidson,Nashville,6/29/2015 4:59:00 PM,3,2,0,36.130190,-86.816910,I 440,,,,0.00,,,,,,,2.00,N,Not at Intersection,N,Non-Junction,None,,,         ,Walter,Gray II,Clear,Front to Rear,no,no,no,no,no,False
100878484,METROPOLITAN NASHVILLE POLICE DEPT,20150618948,Davidson,Nashville,6/29/2015 7:00:00 AM,1,0,0,36.179190,-86.836170,VIKING RD,,,,82.00,Feet,East,BRIARWICK DR,,,,0.00,N,Not at Intersection,N,Non-Junction,None,,,         ,Brandon,Evans,Clear,Not Collision with Motor Vehicle in Transport,no,no,no,no,yes,False
100878485,METROPOLITAN NASHVILLE POLICE DEPT,20150618515,Davidson,Nashville,6/29/2015 2:19:00 PM,2,0,0,36.136830,-86.800170,BELCOURT AVE,,,,200.00,Feet,East,US HWY 431,,,,0.00,N,Not at Intersection, ,Non-Junction,None,,,         ,Charles,Griffin,Clear,Angle,no,no,no,no,yes,False
100878488,METROPOLITAN NASHVILLE POLICE DEPT,20150618836,Davidson,Nashville,6/29/2015 5:25:00 PM,3,0,0,36.164600,-86.763250,I 24,,,,0.00,,,,,,,49.10,N,Not at Intersection,N,Non-Junction,None,,,         ,Kevin,Reynolds,Clear,Front to Rear,no,no,no,no,no,False
100878494,METROPOLITAN NASHVILLE POLICE DEPT,20150618590,Davidson,Nashville,6/29/2015 4:40:00 PM,2,0,0,36.145970,-86.666650,ROYAL PKWY,,,,0.00,,,STATE HWY 255,,,,0.00,Y,Four-Way, ,Intersection-Related,None,,,         ,Austin,Childress,Clear,Front to Rear,no,no,no,no,no,False
100878501,METROPOLITAN NASHVILLE POLICE DEPT,20150618576,Davidson,Nashville,6/29/2015 4:10:00 PM,2,1,0,36.080330,-86.685710,ANTIOCH PIKE,,,,0.00,,,FRANKLIN LIMESTONE RD,,,,0.00,Y,Four-Way,N,Intersection,None,,,         ,Matthew,Johnson,Clear,Angle,no,no,no,no,no,False
100878503,Nashville Airport Police,15-01413,Davidson,Nashville,6/29/2015 2:15:00 PM,1,0,0,36.133000,-86.663540,RAMP,,,,0.00,,,STATE HWY 255,,,,0.00,Y,T-Intersection, ,Intersection,None,,,         ,Mark,Lawrence,Clear,Not Collision with Motor Vehicle in Transport,no,no,no,no,no,False
100878509,METROPOLITAN NASHVILLE POLICE DEPT,20150619030,Davidson,Nashville,6/29/2015 7:30:00 PM,1,0,0,36.187650,-86.774110,CLEVELAND ST,,,,0.00,,,,,,,0.00,,, ,Non-Junction,None,,,         ,Brian,Theriac,Clear,Not Collision with Motor Vehicle in Transport,no,no,no,yes,no,False
100878510,METROPOLITAN NASHVILLE POLICE DEPT,20150618863,Davidson,Nashville,6/29/2015 5:15:00 PM,2,0,0,36.081920,-86.660170,BISHOPSGATE RD,,,,11.00,Feet,South,KNIGHTSBRIDGE WAY,,,,0.00,N,Not at Intersection, ,Non-Junction,None,,,         ,Matthew,Johnson,Clear,Angle,no,no,no,no,no,False
100878518,METROPOLITAN NASHVILLE POLICE DEPT,20150618581,Davidson,Nashville,6/29/2015 2:45:00 PM,2,0,0,36.126390,-86.804560,US HWY 431,,,,0.00,,,WESTWOOD AVE,,,,0.00,Y,T-Intersection,N,Intersection,None,,,         ,Eric,Harvey,Clear,Angle,no,no,no,no,no,False
100878519,METROPOLITAN NASHVILLE POLICE DEPT,20150618800,Davidson,Nashville,6/29/2015 5:20:00 PM,2,0,0,36.112730,-86.746140,US HWY 31 ALT,,,,0.00,,,MCCLAIN AVE,,,,0.00,Y,T-Intersection,Y,Intersection,None,,,         ,Dale,Dameron,Clear,Angle,no,no,no,no,no,False
100878520,METROPOLITAN NASHVILLE POLICE DEPT,20150618793,Davidson,Nashville,6/29/2015 5:10:00 PM,3,0,0,36.102820,-86.674880,STATE HWY 255,,,,1083.00,Feet,South,RAMP,,,,0.00,N,Not at Intersection, ,Non-Junction,None,,,         ,Jarret,Sonnenberg,Clear,"Sideswipe, Same Direction",no,no,no,no,no,False
100878523,METROPOLITAN NASHVILLE POLICE DEPT,20150609338,Davidson,Madison,6/26/2015 4:15:00 PM,3,1,0,36.262920,-86.737840,I 65,,,,0.00,,,,,,,92.15,N,Not at Intersection,N,Non-Junction,None,,,         ,Nathan,Dungan,Clear,Front to Rear,no,no,no,no,no,False
100878528,METROPOLITAN NASHVILLE POLICE DEPT,2015-0615765,Davidson,Nashville,6/28/2015 8:10:00 PM,1,1,0,36.147140,-86.875210,PREMIER DR,,,,366.00,Feet,North,MERCOMATIC DR,,,,0.00,N,Not at Intersection,N,Non-Junction,None,,,         ,Michael,Russell,Clear,Not Collision with Motor Vehicle in Transport,yes,no,no,yes,yes,False
100878532,METROPOLITAN NASHVILLE POLICE DEPT,20150609068,Davidson,Goodlettsville,6/26/2015 3:05:00 PM,2,1,0,36.291450,-86.703260,US HWY 31E,,,,268.00,Feet,North,ALTUS AVE,,,,0.00,N,Not at Intersection,N,Non-Junction,None,,,         ,Nathan,Dungan,Clear,Not Collision with Motor Vehicle in Transport,yes,no,no,no,no,False
100878533,TENNESSEE STATE UNIVERSITY ,15-TSU-13874,Davidson,Nashville,6/29/2015 4:00:00 PM,2,1,0,36.162740,-86.787420,10TH AVE N,,,,264.00,Feet,South,CHARLOTTE AVE,,,,0.00,N,Not at Intersection,N,Non-Junction,None,,,         ,Glenn,Hesson,Clear,Front to Rear,no,no,no,yes,no,False
100878535,METROPOLITAN NASHVILLE POLICE DEPT,20150618534,Davidson,Nashville,6/29/2015 3:58:00 PM,2,0,0,36.191880,-86.780620,I 65,,,,0.00,,,,,,,86.30,N,Not at Intersection, ,Non-Junction,None,,,         ,Ethan,Luffman,Clear,"Sideswipe, Same Direction",no,no,no,no,yes,False
100878536,METROPOLITAN NASHVILLE POLICE DEPT,20150618664,Davidson,Nashville,6/29/2015 4:39:00 PM,1,1,0,36.162380,-86.762600,CRUTCHER ST,,,,368.00,Feet,East,EXIT 49,,,,0.00,N,Not at Intersection,N,Non-Junction,None,,,         ,Ethan,Luffman,Clear,Not Collision with Motor Vehicle in Transport,no,no,no,no,no,False