master_record_number,agency,agency_tracking_number,county,city,collision_date,vehicles_involved,number_injured,number_dead,latitude,longitude,roadway_name,roadway_suffix,roadway_number,roadway_local_id,distance_from_reference,miles-feet_indicator,direction_from_reference,intersection_road_name,intersection_road_name_suffix,intersection_road_number,intersection_local_id,mile_marker,intersection_indicator,intersect_type,interchange_related_indicator,relation_to_junction,work_zone_type,construction_maintenance_zone,construction_maintenance_zone_location,fatal_case_number,officer_first_name,officer_last_name,weather_condition(s),manner_of_crash,pedestrian,bicycle,scooter,parking,hitrun,mou
100878537,METROPOLITAN NASHVILLE POLICE DEPT,20150619255,Davidson,Nashville,6/29/2015 7:50:00 PM,2,0,0,36.172870,-86.773210,N 1ST ST,,,,0.00,,,,,,,0.00,,, ,Non-Junction,None,,,         ,Ethan,Luffman,Clear,Front to Rear,no,no,no,yes,yes,False
100878538,VANDERBILT UNIVERSITY POLICE,2015-0619279,Davidson,Nashville,6/29/2015 12:00:00 AM,2,0,0,36.140810,-86.812340,31ST AVE S,,,,650.00,Feet,West,CHILDRENS WAY,,,,0.00,N,Not at Intersection, ,,None,,,         ,James,Goolsby,,Unknown,no,no,no,yes,no,Campus
100878543,METROPOLITAN NASHVILLE POLICE DEPT,20150619007,Davidson,Nashville,6/29/2015 6:31:00 PM,2,1,0,36.081510,-86.629920,BELL RD,,,,0.00,,,PRIEST LAKE DR,,,,0.00,Y,T-Intersection,N,Non-Junction,None,,,         ,Sarah,Hartman,Clear,Front to Rear,no,no,no,no,no,False
100878547,METROPOLITAN NASHVILLE POLICE DEPT,20150618479,Davidson,Nashville,6/29/2015 3:27:00 PM,2,0,0,36.131020,-86.755660,WOODYCREST AVE,,,,46.00,Feet,East,US HWY 31 ALT,,,,0.00,N,Not at Intersection, ,Non-Junction,None,,,         ,William,Durham,Clear,"Sideswipe, Opposite Direction",no,no,no,no,no,False
100878548,METROPOLITAN NASHVILLE POLICE DEPT,20150618669,Davidson,Nashville,6/29/2015 4:42:00 PM,2,0,0,36.136860,-86.727250,I 24,,,,0.00,,,,,,,51.30,N,Not at Intersection, ,Non-Junction,None,,,         ,William,Durham,Clear,Front to Rear,no,no,no,no,no,False
100878549,METROPOLITAN NASHVILLE POLICE DEPT,20150618837,Davidson,Nashville,6/29/2015 5:33:00 PM,2,0,0,36.086870,-86.696470,STATE HWY 255,,,,155.00,Feet,West,S PERIMETER PARK DR,,,,0.00,N,Not at Intersection,N,Non-Junction,None,,,         ,William,Durham,Clear,Angle,no,no,no,no,no,False
100878551,METROPOLITAN NASHVILLE POLICE DEPT,20150609601,Davidson,Not in City Limit,6/26/2015 5:20:00 PM,2,0,0,36.266950,-86.737300,I 65,,,,0.00,,,,,,,92.40,N,Not at Intersection,N,Non-Junction,None,,,         ,Nathan,Dungan,Clear,"Sideswipe, Same Direction",no,no,no,no,yes,False
100878555,METROPOLITAN NASHVILLE POLICE DEPT,2015605225,Davidson,Nashville,6/25/2015 4:40:00 PM,2,0,0,36.160770,-86.793680,US HWY 70,,,,0.00,,,EXIT 209,,,,0.00,Y,Four-Way, ,Non-Junction,None,,,         ,Jacob,Paul,Clear,"Sideswipe, Same Direction",no,no,no,no,no,False
100878566,METROPOLITAN NASHVILLE POLICE DEPT,2015-0615450,Davidson,Nashville,6/28/2015 6:22:00 PM,2,1,0,36.252260,-86.693900,NEELYS BEND RD,,,,0.00,,,RANDY RD,,,,0.00,Y,T-Intersection,N,Intersection,None,,,         ,Sandra,Talavera,Clear,Front to Rear,no,no,no,no,yes,False
100878572,METROPOLITAN NASHVILLE POLICE DEPT,20150619294,Davidson,Nashville,6/29/2015 8:03:00 PM,2,0,0,36.225560,-86.603300,CHASE BLVD,,,,0.00,,,SHUTE LN,,,,0.00,Y,T-Intersection,N,Non-Junction,Utility Zone,Work On Shoulder Or Median,Before First Warning Area,         ,David,Stanley,Rain,Front to Rear,no,no,no,no,no,False
100878575,METROPOLITAN NASHVILLE POLICE DEPT,20150619480,Davidson,Nashville,6/29/2015 8:46:00 PM,2,1,0,36.215130,-86.597660,US HWY 70,,,,0.00,,,ANDREW JACKSON PKWY,,,,0.00,Y,Four-Way,N,Intersection,None,,,         ,Leslie,Hale,Rain,Angle,no,no,no,no,no,False
100878576,METROPOLITAN NASHVILLE POLICE DEPT,20150619680,Davidson,Nashville,6/29/2015 9:35:00 PM,2,0,0,36.205950,-86.768540,E TRINITY LN,,,,0.00,,,US HWY 31W,,,,0.00,Y,Four-Way,N,Intersection-Related,None,,,         ,Terence,Maahs,Rain,HeadOn,no,no,no,no,no,False
100878586,METROPOLITAN NASHVILLE POLICE DEPT,20150619623,Davidson,Nashville,6/29/2015 9:25:00 PM,2,1,0,36.171970,-86.591650,STATE HWY 265,,,,0.00,,,VALLEY GROVE DR,,,,0.00,Y,T-Intersection,N,Non-Junction,None,,,         ,George,Krukowski,Rain,Front to Rear,no,no,no,no,no,False
100878587,METROPOLITAN NASHVILLE POLICE DEPT,20150618896,Davidson,Nashville,6/29/2015 5:50:00 PM,2,0,0,36.167800,-86.796150,I 40,,,,0.00,,,,,,,208.20,N,Not at Intersection,N,Non-Junction,None,,,         ,Christopher,Mackey,Clear,Angle,no,no,no,no,no,False
100878588,METROPOLITAN NASHVILLE POLICE DEPT,20150619755,Davidson,Nashville,6/29/2015 10:05:00 PM,2,0,0,36.117180,-86.743140,LUTIE ST,,,,71.00,Feet,East,FOSTER AVE,,,,0.00,N,Not at Intersection,N,Non-Junction,None,,,         ,William,Durham,Rain,Unknown,no,no,no,yes,yes,False
100878592,METROPOLITAN NASHVILLE POLICE DEPT,20150618822,Davidson,Antioch,6/29/2015 5:23:00 PM,2,0,0,36.049320,-86.599990,PIN HOOK RD,,,,0.00,,,STATE HWY 171,,,,0.00,Y,Four-Way,N,Intersection,None,,,         ,Kevin,Keating,Clear,"Sideswipe, Same Direction",no,no,no,no,no,False
100878595,GOODLETTSVILLE POLICE DEPT,15-24511,Davidson,Goodlettsville,6/29/2015 7:35:00 PM,1,0,0,36.300515,-86.711196,,,I65,,0.10,Miles,South,,,,,95.00,N,Not at Intersection,Y,Entrance/Exit Ramp Related,Construction Zone,Other,Activity Area,         ,Charles,Hauskin,Rain,Not Collision with Motor Vehicle in Transport,no,no,no,no,no,False
100878598,METROPOLITAN NASHVILLE POLICE DEPT,20150619785,Davidson,Nashville,6/29/2015 9:58:00 PM,1,0,0,36.174400,-86.689960,STATE HWY 155,,,,861.00,Feet,North,CRESTLINE DR,,,,0.00,N,Not at Intersection,N,Non-Junction,None,,,         ,Raymond,Heymann,Rain,Not Collision with Motor Vehicle in Transport,no,no,no,no,no,False
100878618,METROPOLITAN NASHVILLE POLICE DEPT,20150619907,Davidson,Nashville,6/29/2015 11:00:00 PM,2,0,0,36.228840,-86.591350,SAUNDERSVILLE RD,,,,0.00,,,CASCADE DR,,,,0.00,Y,Four-Way,N,Intersection,None,,,         ,Blake,Giles,Clear,Angle,no,no,no,no,yes,False
100878639,METROPOLITAN NASHVILLE POLICE DEPT,20150620088,Davidson,Nashville,6/30/2015 12:55:00 AM,1,1,0,0.000000,0.000000,OLD HICKORY,BLVD,,774,50.00,Feet,East,,,,,774.00,N,Not at Intersection,N,Non-Junction,None,,,         ,William,Hamblen,Clear,Not Collision with Motor Vehicle in Transport,no,no,no,yes,no,False
100878642,METROPOLITAN NASHVILLE POLICE DEPT,20150620077,Davidson,Not in City Limit,6/30/2015 12:56:00 AM,1,1,0,36.261210,-86.738150,I 65,,,,0.00,,,,,,,92.00,N,Not at Intersection,N,Non-Junction,None,,,         ,Patrick,Taylor,Clear,Not Collision with Motor Vehicle in Transport,no,no,no,no,yes,False
100878650,METROPOLITAN NASHVILLE POLICE DEPT,20150619976,Davidson,Nashville,6/29/2015 11:38:00 PM,2,1,0,36.170110,-86.817160,26TH AVE N,,,,0.00,,,HEIMAN ST,,,,0.00,Y,T-Intersection,N,Intersection-Related,None,,,         ,Alex,Marchak,Clear,HeadOn,no,no,no,no,yes,False
100878661,METROPOLITAN NASHVILLE POLICE DEPT,20150620480,Davidson,Nashville,6/30/2015 4:57:00 AM,2,1,0,0.000000,0.000000,VILLAGE,WAY,,5128,20.00,Feet,East,,,,,512.80,N,Not at Intersection,N,Non-Junction,None,,,         ,William,Hamblen,Clear,Front to Rear,no,no,no,no,no,False
100878670,METROPOLITAN NASHVILLE POLICE DEPT,20150617504,Davidson,Nashville,6/29/2015 10:45:00 AM,2,1,0,36.199500,-86.776220,I 65,,,,0.00,,,,,,,86.85,N,Not at Intersection,N,Non-Junction,Construction Zone,Unknown,Unknown,         ,Michael,Watkins,Cloudy,"Sideswipe, Same Direction",no,no,no,no,no,False
100878679,METROPOLITAN NASHVILLE POLICE DEPT,20150618006,Davidson,Nashville,6/29/2015 1:02:00 PM,2,0,0,36.087740,-86.607180,ANDERSON RD,,,,0.00,,,SMITH SPRINGS RD,,,,0.00,Y,Four-Way,N,Intersection-Related,None,,,         ,David,Reasonover,Cloudy,Angle,no,no,no,no,no,False
100878683,METROPOLITAN NASHVILLE POLICE DEPT,20150617082,Davidson,Nashville,6/29/2015 8:10:00 AM,3,1,0,36.116140,-86.795090,I 440,,,,0.00,,,,,,,3.70,N,Not at Intersection,N,Non-Junction,None,,,         ,Joshua,Dickall,Clear,Front to Rear,no,no,no,no,no,False
100878696,METROPOLITAN NASHVILLE POLICE DEPT,20150620660,Davidson,Nashville,6/30/2015 7:01:00 AM,2,0,0,36.188170,-86.818440,26TH AVE N,,,,121.00,Feet,South,DOWLAN ST,,,,0.00,N,Not at Intersection,N,"Driveway, Alley Access, etc",None,,,         ,Ernie,Wilson,Clear,"Sideswipe, Opposite Direction",no,no,no,yes,no,False
100878697,METROPOLITAN NASHVILLE POLICE DEPT,2015-0620864,Davidson,Nashville,6/30/2015 8:00:00 AM,2,0,0,36.158850,-86.868400,NASHUA AVE,,,,48.00,Feet,West,VERNON AVE,,,,0.00,N,Not at Intersection, ,Non-Junction,None,,,         ,Curtis,Rich,Clear,Angle,no,no,no,no,no,False
100878702,METROPOLITAN NASHVILLE POLICE DEPT,20150618404,Davidson,Nashville,6/29/2015 2:30:00 PM,2,0,0,36.089420,-86.803460,HARDING PL,,,,0.00,,,GRANNY WHITE PIKE,,,,0.00,Y,Four-Way, ,Intersection-Related,None,,,         ,John,Batty,Clear,Front to Rear,no,no,no,no,no,False
100878709,METROPOLITAN NASHVILLE POLICE DEPT,20150620919,Davidson,Nashville,6/30/2015 8:30:00 AM,2,0,0,36.055040,-86.642420,STATE HWY 254,,,,0.00,,,ZELIDA AVE,,,,0.00,Y,Four-Way, ,Intersection,None,,,         ,Kenneth,Alexandrow,Clear,Front to Rear,no,no,no,no,no,False
100878712,METROPOLITAN NASHVILLE POLICE DEPT,2015-0620832,Davidson,Nashville,6/30/2015 7:51:00 AM,2,0,0,36.081280,-86.696990,I 24,,,,0.00,,,,,,,56.10,N,Not at Intersection, ,Non-Junction,None,,,         ,Stanley,Collins,Clear,Front to Rear,no,no,no,no,no,False
100878714,METROPOLITAN NASHVILLE POLICE DEPT,20150618072,Davidson,Nashville,6/29/2015 1:44:00 PM,2,0,0,36.220180,-86.774220,I 65,,,,0.00,,,,,,,88.30,N,Not at Intersection,Y,Entrance/Exit Ramp Related,None,,,         ,Christian,Martin,Clear,Front to Rear,no,no,no,no,yes,False
100878718,METROPOLITAN NASHVILLE POLICE DEPT,20150620635,Davidson,Nashville,6/30/2015 6:13:00 AM,2,0,0,36.173440,-86.790650,JEFFERSON ST,,,,174.00,Feet,West,7TH AVE N,,,,0.00,N,Not at Intersection,N,Non-Junction,None,,,         ,Charles,Ward,Clear,Front to Rear,no,no,no,no,no,False
100878719,METROPOLITAN NASHVILLE POLICE DEPT,20150620880,Davidson,Nashville,6/30/2015 8:20:00 AM,3,0,0,36.040230,-86.767820,STATE HWY 254,,,,152.00,Feet,East,SEVEN SPRINGS WAY,,,,0.00,N,Not at Intersection,N,Non-Junction,None,,,         ,Richard,Conger,Clear,Front to Rear,no,no,no,no,no,False
100878720,METROPOLITAN NASHVILLE POLICE DEPT,2015-0618223,Davidson,Nashville,6/29/2015 2:00:00 PM,2,3,0,36.215570,-86.763800,US HWY 31W,,,,101.00,Feet,North,LEMUEL RD,,,,0.00,N,Not at Intersection,N,"Driveway, Alley Access, etc",Construction Zone,Laneclosure,Unknown,         ,Garren,Hoskins,Clear,Rear to Side,no,no,no,no,no,False
100878721,METROPOLITAN NASHVILLE POLICE DEPT,20150612017,Davidson,Nashville,6/27/2015 12:00:00 PM,2,0,0,36.175260,-86.792680,MONROE ST,,,,0.00,,,US HWY 41 ALT,,,,0.00,Y,Four-Way,N,Intersection-Related,None,,,         ,Steven,Spillers,Clear,"Sideswipe, Opposite Direction",no,no,no,no,yes,False
100878723,METROPOLITAN NASHVILLE POLICE DEPT,20150620990,Davidson,Nashville,6/30/2015 8:10:00 AM,2,0,0,36.032460,-86.708210,BARNES RD,,,,0.00,,,CEDARMONT DR,,,,0.00,Y,T-Intersection, ,Intersection,None,,,         ,Randall,Combs,Clear,Front to Rear,no,no,no,no,no,False
100878724,METROPOLITAN NASHVILLE POLICE DEPT,2015-0621155,Davidson,Nashville,6/30/2015 9:55:00 AM,3,0,0,36.124440,-86.847110,STATE HWY 155,,,,248.00,Feet,South,US HWY 70S,,,,0.00,N,Not at Intersection, ,Non-Junction,None,,,         ,Curtis,Rich,Cloudy,Front to Rear,no,no,no,no,yes,False
100878726,METROPOLITAN NASHVILLE POLICE DEPT,20150617196,Davidson,Nashville,6/29/2015 8:50:00 AM,1,0,0,36.074650,-86.753360,BLACKMAN RD,,,,432.00,Feet,East,TIMBERHILL DR,,,,0.00,N,Not at Intersection,N,Non-Junction,None,,,         ,Tony,Folad,Clear,Not Collision with Motor Vehicle in Transport,no,no,no,no,no,False
100878731,METROPOLITAN NASHVILLE POLICE DEPT,20150621121,Davidson,Nashville,6/30/2015 9:35:00 AM,1,0,0,36.032880,-86.772040,CHURCH ST E,,,,947.00,Feet,West,CLOVERLAND DR,,,,0.00,N,Not at Intersection, ,Non-Junction,None,,,         ,James,Smith,Clear,Not Collision with Motor Vehicle in Transport,no,no,no,no,no,False
100878735,METROPOLITAN NASHVILLE POLICE DEPT,20150620700,Davidson,Nashville,6/30/2015 7:10:00 AM,3,1,0,36.183720,-86.747730,EASTLAND AVE,,,,180.00,Feet,East,GALLATIN AVE,,,,0.00,N,Not at Intersection,N,"Driveway, Alley Access, etc",None,,,         ,Paul,Burton,Clear,Angle,no,no,no,no,no,False
100878740,METROPOLITAN NASHVILLE POLICE DEPT,2015-0620856,Davidson,Nashville,6/30/2015 8:12:00 AM,2,2,0,36.094380,-86.653330,US HWY 41,,,,0.00,,,FRANKLIN LIMESTONE RD,,,,0.00,Y,Four-Way,N,Intersection-Related,None,,,         ,John,Neely,Clear,Angle,no,no,no,no,no,False
100878742,METROPOLITAN NASHVILLE POLICE DEPT,20150620688,Davidson,Nashville,6/30/2015 7:10:00 AM,3,1,0,36.183530,-86.761030,US HWY 31E,,,,130.00,Feet,North,-- UNKNOWN RAMP/ROAD --,,,,0.00,N,Not at Intersection,N,Non-Junction,None,,,         ,Aaron,Wigginton,Clear,Front to Rear,no,no,no,no,no,False
100878756,METROPOLITAN NASHVILLE POLICE DEPT,2015-0617349,Davidson,Nashville,6/30/2015 9:45:00 AM,2,0,0,36.155560,-86.789220,I 40,,,,0.00,,,,,,,209.15,N,Not at Intersection, ,Entrance/Exit Ramp Related,None,,,         ,Daniel,Massey,Clear,HeadOn,no,no,no,no,no,False
100878758,METROPOLITAN NASHVILLE POLICE DEPT,20150621394,Davidson,Nashville,6/30/2015 10:40:00 AM,2,0,0,36.159940,-86.776470,4TH AVE S,,,,0.00,,,SYMPHONY PL,,,,0.00,Y,Four-Way, ,Non-Junction,None,,,         ,Catherine,Poole,Clear,"Sideswipe, Same Direction",no,no,no,no,no,False
100878768,METROPOLITAN NASHVILLE POLICE DEPT,20150621468,Davidson,Nashville,6/30/2015 11:02:00 AM,2,0,0,36.176490,-86.808250,WHELESS ST,,,,0.00,,,17TH AVE N,,,,0.00,Y,Four-Way,N,Non-Junction,None,,,         ,Andrae,Starling,Clear,"Sideswipe, Same Direction",no,no,no,no,yes,False
100878772,METROPOLITAN NASHVILLE POLICE DEPT,20150621629,Davidson,Nashville,6/30/2015 11:45:00 AM,1,1,0,36.135710,-86.820550,I 440,,,,0.00,,,,,,,1.55,N,Not at Intersection,N,Non-Junction,None,,,         ,Nathan,Kemp,Clear,Not Collision with Motor Vehicle in Transport,no,no,no,no,no,False
100878773,METROPOLITAN NASHVILLE POLICE DEPT,20150621571,Davidson,Nashville,6/30/2015 11:25:00 AM,2,0,0,36.136880,-86.795770,WEDGEWOOD AVE,,,,0.00,,,17TH AVE S,,,,0.00,Y,Four-Way, ,Intersection-Related,None,,,         ,Joshua,Dickall,Clear,"Sideswipe, Same Direction",no,no,no,no,no,Campus
100878781,METROPOLITAN NASHVILLE POLICE DEPT,20150621533,Davidson,Nashville,6/30/2015 11:17:00 AM,3,0,0,36.112620,-86.795280,STATE HWY 155,,,,182.00,Feet,West,NOELTON AVE,,,,0.00,N,Not at Intersection,N,Non-Junction,None,,,         ,Nathan,Kemp,Clear,Front to Rear,no,no,no,no,no,False
100878783,METROPOLITAN NASHVILLE POLICE DEPT,20150621714,Davidson,Nashville,6/30/2015 12:12:00 PM,2,0,0,36.183930,-86.750530,W EASTLAND AVE,,,,120.00,Feet,West,BAILEY ST,,,,0.00,N,Not at Intersection, ,Non-Junction,None,,,         ,Adam,Gartner,Clear,Front to Rear,no,no,no,no,yes,False
100878801,METROPOLITAN NASHVILLE POLICE DEPT,20150608925,Davidson,Nashville,6/26/2015 1:53:00 PM,2,0,0,36.154030,-86.763270,I 40,,,,0.00,,,,,,,210.80,N,Not at Intersection, ,Non-Junction,None,,,         ,Wesley,Henderson,Clear,Front to Rear,no,no,no,no,no,False
100878809,METROPOLITAN NASHVILLE POLICE DEPT,20150621908,Davidson,Nashville,6/26/2015 9:45:00 PM,1,1,0,36.161580,-86.775980,US HWY 70,,,,0.00,,,3RD AVE N,,,,0.00,Y,Four-Way,N,Intersection,None,,,         ,Michael,Wilson,Clear,Not Collision with Motor Vehicle in Transport,yes,no,no,no,yes,False
100878818,METROPOLITAN NASHVILLE POLICE DEPT,2015-0621611,Davidson,Nashville,6/30/2015 11:41:00 AM,2,1,0,36.168440,-86.770300,RUSSELL ST,,,,0.00,,,S 2ND ST,,,,0.00,Y,T-Intersection,N,Intersection-Related,None,,,         ,Daniel,Massey,Clear,Angle,no,no,no,no,no,False
100878819,METROPOLITAN NASHVILLE POLICE DEPT,20150621815,Davidson,Nashville,6/30/2015 12:43:00 PM,2,0,0,36.206530,-86.776010,US HWY 431,,,,111.00,Feet,East,-- UNKNOWN RAMP/ROAD --,,,,0.00,N,Not at Intersection, ,Non-Junction,None,,,         ,Michael,Parman,Clear,Front to Rear,no,no,no,no,no,False
100878820,METROPOLITAN NASHVILLE POLICE DEPT,2015-0621686,Davidson,Nashville,6/30/2015 12:00:00 PM,2,0,0,36.188810,-86.773140,US HWY 31W,,,,0.00,,,WHITES CREEK PIKE,,,,0.00,Y,Y-Intersection, ,Intersection,None,,,         ,Kenneth,Bray,Cloudy,Front to Rear,no,no,no,no,no,False
100878822,METROPOLITAN NASHVILLE POLICE DEPT,20150621807,Davidson,Nashville,6/30/2015 12:30:00 PM,1,0,0,36.150830,-86.822750,I 440,,,,0.00,,,,,,,1.50,N,Not at Intersection, ,Non-Junction,None,,,         ,Aaron,Jones,Clear,Not Collision with Motor Vehicle in Transport,no,no,no,no,no,False
100878824,METROPOLITAN NASHVILLE POLICE DEPT,2015-0621672,Davidson,Nashville,6/30/2015 11:57:00 AM,2,0,0,36.076810,-87.024770,I 40,,,,0.00,,,,,,,192.30,N,Not at Intersection,N,Non-Junction,None,,,         ,Walter,Gray II,Clear,Not Collision with Motor Vehicle in Transport,no,no,no,no,yes,False
100878825,METROPOLITAN NASHVILLE POLICE DEPT,2015-0621070,Davidson,Nashville,6/30/2015 8:59:00 AM,2,0,0,36.155350,-86.804740,MURPHY AVE,,,,30.00,Feet,East,21ST AVE N,,,,0.00,N,Not at Intersection, ,Non-Junction,None,,,         ,Paul,Joyner,Clear,Front to Rear,no,no,no,no,no,False
100878827,METROPOLITAN NASHVILLE POLICE DEPT,20150621,Davidson,Not in City Limit,6/30/2015 11:45:00 AM,3,3,0,36.273450,-86.709960,ANDERSON LN,,,,0.00,,,US HWY 31E,,,,0.00,Y,T-Intersection,Y,Intersection-Related,None,,,         ,Jeffery,Burnette,Cloudy,Front to Rear,no,no,no,no,no,False
100878852,METROPOLITAN NASHVILLE POLICE DEPT,20150621964,Davidson,Nashville,6/30/2015 1:16:00 PM,2,1,0,36.037890,-86.797790,STATE HWY 254,,,,0.00,,,CREEKSIDE XING,,,,0.00,Y,Four-Way,N,Intersection,None,,,         ,Nathan,Kemp,Clear,Angle,no,no,no,no,no,False
100878857,METROPOLITAN NASHVILLE POLICE DEPT,20150618398,Davidson,Nashville,6/29/2015 2:38:00 PM,2,0,0,36.080940,-86.751590,STATE HWY 255,,,,0.00,,,WAUFORD DR,,,,0.00,Y,Four-Way, ,Non-Junction,None,,,         ,Miguel,Garcia,Clear,Front to Rear,no,no,no,no,no,False
100878858,METROPOLITAN NASHVILLE POLICE DEPT,20150618902,Davidson,Nashville,6/29/2015 5:30:00 PM,2,0,0,36.145630,-86.777570,I 65,,,,0.00,,,,,,,82.20,N,Not at Intersection, ,Non-Junction,None,,,         ,Miguel,Garcia,Clear,"Sideswipe, Same Direction",no,no,no,no,yes,False
100878868,METROPOLITAN NASHVILLE POLICE DEPT,20150621997,Davidson,Nashville,6/29/2015 5:00:00 PM,2,0,0,36.159270,-86.781170,US HWY 70,,,,84.00,Feet,West,7TH AVE N,,,,0.00,N,Not at Intersection,N,Non-Junction,None,,,         ,John,Tyree,Clear,"Sideswipe, Same Direction",no,no,no,no,yes,False
100878880,METROPOLITAN NASHVILLE POLICE DEPT,20150621957,Davidson,Nashville,6/30/2015 1:27:00 PM,2,0,0,36.163540,-86.787500,CHARLOTTE AVE,,,,100.00,Feet,East,RAMP,,,,0.00,N,Not at Intersection, ,Non-Junction,None,,,         ,Johnny,Crumby Jr.,Clear,"Sideswipe, Same Direction",no,no,no,no,no,False
100878882,METROPOLITAN NASHVILLE POLICE DEPT,20150615023,Davidson,Nashville,6/28/2015 3:07:00 PM,2,0,0,36.075470,-86.634970,BELL RD,,,,125.00,Feet,North,RAMP,,,,0.00,N,Not at Intersection, ,Non-Junction,None,,,         ,Sarah,Hartman,Clear,Not Collision with Motor Vehicle in Transport,no,no,no,no,no,False
100878885,METROPOLITAN NASHVILLE POLICE DEPT,20150622198,Davidson,Nashville,6/30/2015 2:53:00 PM,2,0,0,36.040980,-86.779410,FRANKLIN PIKE CIR,,,,0.00,,,STATE HWY 254,,,,0.00,Y,T-Intersection, ,,None,,,         ,Mekisha,Page,,,no,no,no,no,no,False
100878886,METROPOLITAN NASHVILLE POLICE DEPT,20150618756,Davidson,Nashville,6/29/2015 5:09:00 PM,2,0,0,36.253400,-86.716650,US HWY 31E,,,,62.00,Feet,North,EMMITT AVE,,,,0.00,N,Not at Intersection,N,Non-Junction,None,,,         ,Broderick,Jones,Clear,Angle,no,no,no,no,no,False
100878894,METROPOLITAN NASHVILLE POLICE DEPT,20150622259,Davidson,Nashville,6/30/2015 2:06:00 PM,2,1,0,36.151160,-86.690580,EXIT 7,,,,0.00,,,STATE HWY 155,,,,0.00,Y,OTHER,N,Non-Junction,None,,,         ,Leslie,Hale,Clear,"Sideswipe, Same Direction",no,no,no,no,yes,False
100878909,METROPOLITAN NASHVILLE POLICE DEPT,20150622207,Davidson,Nashville,6/30/2015 2:49:00 PM,2,0,0,36.150340,-86.638150,I 40,,,,0.00,,,,,,,218.40,N,Not at Intersection, ,Non-Junction,None,,,         ,Christopher,Augustin,Cloudy,Angle,no,no,no,no,no,False
100878923,METROPOLITAN NASHVILLE POLICE DEPT,20150622579,Davidson,Antioch,6/30/2015 4:00:00 PM,2,0,0,36.078710,-86.597380,SHAKERTOWN RD,,,,621.00,Feet,West,WINDSOR GREEN DR,,,,0.00,N,Not at Intersection, ,Non-Junction,None,,,         ,Kevin,Keating,Clear,"Sideswipe, Opposite Direction",no,no,no,no,no,False
100878939,METROPOLITAN NASHVILLE POLICE DEPT,20150622420,Davidson,Nashville,6/30/2015 3:51:00 PM,2,0,0,36.069730,-86.686530,-- UNKNOWN RAMP/ROAD --,,,,0.00,Feet,East,I 24,,,,0.00,N,Not at Intersection,N,Non-Junction,None,,,         ,Jessie,Meadows,Clear,Front to Rear,no,no,no,no,no,False
100878942,METROPOLITAN NASHVILLE POLICE DEPT,20150622589,Davidson,Nashville,6/30/2015 12:00:00 AM,1,0,0,36.076380,-86.640450,US HWY 41,,,,384.00,Feet,East,LAKEVILLA DR,,,,0.00,N,Not at Intersection,N,Non-Junction,None,,,         ,Timothy,Mead,Clear,Not Collision with Motor Vehicle in Transport,no,no,no,yes,yes,False
100878944,GOODLETTSVILLE POLICE DEPT,15-24625,Davidson,Goodlettsville,6/30/2015 3:58:00 PM,2,0,0,36.315309,-86.713386,RIVERGATE,PKWY,,,0.00,,,DICKERSON,RD,US31W/41,RIVERGATE PARKWAY @ DICKERSON ROAD,0.00,Y,T-Intersection, ,Intersection,None,,,         ,Charles,Hauskin,Cloudy,Front to Rear,no,no,no,no,no,False
100878945,METROPOLITAN NASHVILLE POLICE DEPT,20150622564,Davidson,Nashville,6/30/2015 4:01:00 PM,2,0,0,36.140890,-86.794890,HORTON AVE,,,,0.00,,,17TH AVE S,,,,0.00,Y,T-Intersection,N,Intersection,None,,,         ,Mekisha,Page,Clear,Angle,no,no,no,no,no,False
100878948,METROPOLITAN NASHVILLE POLICE DEPT,20150622652,Davidson,Nashville,6/30/2015 4:25:00 PM,2,0,0,36.183970,-86.760490,US HWY 31E,,,,446.00,Feet,South,CLEVELAND ST,,,,0.00,N,Not at Intersection, ,,None,,,         ,Audrey,Fellingham,,,no,no,no,no,no,False
100878955,METROPOLITAN NASHVILLE POLICE DEPT,20150622643,Davidson,Nashville,6/30/2015 4:27:00 PM,2,0,0,36.231820,-86.695720,PENNINGTON BEND RD,,,,0.00,,,LONGFELLOW DR,,,,0.00,Y,T-Intersection, ,Intersection-Related,None,,,         ,Tyler,Conrads,Clear,Angle,no,no,no,no,no,False
100878959,METROPOLITAN NASHVILLE POLICE DEPT,2015-0622904,Davidson,Not in City Limit,6/30/2015 5:00:00 PM,1,0,0,36.097640,-86.936110,I 40,,,,0.00,,,,,,,198.00,N,Not at Intersection,N,Non-Junction,None,,,         ,Walter,Gray II,Clear,Not Collision with Motor Vehicle in Transport,no,no,no,no,no,False
100878961,BERRY HILL POLICE DEPT,15-2551,Davidson,Berry Hill,6/29/2015 4:30:00 PM,2,8,0,36.125790,-86.765880,BRANSFORD AVE,,,,0.00,,,CRAIGHEAD ST,,,,0.00,Y,Four-Way,Y,Intersection,None,,,         ,John,Gleixner,Clear,Angle,no,no,no,no,no,False
100878962,METROPOLITAN NASHVILLE POLICE DEPT,2015-0622514,Davidson,Nashville,6/30/2015 12:00:00 AM,2,0,0,0.000000,0.000000,DEADERICK ST,ST,,,100.00,Feet,West,DEADERICK ST,ST,US,,0.00,N,Not at Intersection,N,Non-Junction,None,,,         ,Dejuan,Daniels,Unknown,Other,no,no,no,no,yes,False